ISO-10303-21;
HEADER;
/* Generated by software containing ST-Developer
 * from STEP Tools, Inc. (www.steptools.com) 
 */

FILE_DESCRIPTION(
/* description */ (''),
/* implementation_level */ '2;1');

FILE_NAME(
/* name */ 'thermobuzzer-lid.step',
/* time_stamp */ '2026-06-16T09:46:06-04:00',
/* author */ (''),
/* organization */ (''),
/* preprocessor_version */ 'ST-DEVELOPER v20.1',
/* originating_system */ 'Autodesk Translation Framework v15.8.0.0',
/* authorisation */ '');

FILE_SCHEMA (('AUTOMOTIVE_DESIGN { 1 0 10303 214 3 1 1 }'));
ENDSEC;

DATA;
#10=MECHANICAL_DESIGN_GEOMETRIC_PRESENTATION_REPRESENTATION('',(#727,#728,
#729,#730,#731,#732,#733,#734,#735,#736,#737,#738,#739),#13572);
#11=SHAPE_REPRESENTATION_RELATIONSHIP('SRR','None',#13578,#12);
#12=ADVANCED_BREP_SHAPE_REPRESENTATION('',(#740,#741,#742,#743,#744,#745,
#746,#747,#748,#749,#750,#751,#752),#13571);
#13=B_SPLINE_CURVE_WITH_KNOTS('',3,(#7719,#7720,#7721,#7722,#7723),
 .UNSPECIFIED.,.F.,.F.,(4,1,4),(0.,0.0420846017124885,0.0817156870867635),
 .UNSPECIFIED.);
#14=B_SPLINE_CURVE_WITH_KNOTS('',3,(#7725,#7726,#7727,#7728,#7729),
 .UNSPECIFIED.,.F.,.F.,(4,1,4),(-0.0817156870867635,-0.0420846017124885,
0.),.UNSPECIFIED.);
#15=B_SPLINE_CURVE_WITH_KNOTS('',3,(#7742,#7743,#7744,#7745,#7746),
 .UNSPECIFIED.,.F.,.F.,(4,1,4),(0.,0.0381810335492889,0.0760585284489658),
 .UNSPECIFIED.);
#16=B_SPLINE_CURVE_WITH_KNOTS('',3,(#7748,#7749,#7750,#7751,#7752),
 .UNSPECIFIED.,.F.,.F.,(4,1,4),(-0.0760585284489658,-0.0381810335492889,
0.),.UNSPECIFIED.);
#17=B_SPLINE_CURVE_WITH_KNOTS('',3,(#7765,#7766,#7767,#7768,#7769),
 .UNSPECIFIED.,.F.,.F.,(4,1,4),(0.,0.0495200542391481,0.0969987888659315),
 .UNSPECIFIED.);
#18=B_SPLINE_CURVE_WITH_KNOTS('',3,(#7771,#7772,#7773,#7774,#7775),
 .UNSPECIFIED.,.F.,.F.,(4,1,4),(-0.0969987888659315,-0.0495200542391481,
0.),.UNSPECIFIED.);
#19=B_SPLINE_CURVE_WITH_KNOTS('',3,(#7788,#7789,#7790,#7791,#7792),
 .UNSPECIFIED.,.F.,.F.,(4,1,4),(0.,0.0457889916780074,0.0912707941675589),
 .UNSPECIFIED.);
#20=B_SPLINE_CURVE_WITH_KNOTS('',3,(#7794,#7795,#7796,#7797,#7798),
 .UNSPECIFIED.,.F.,.F.,(4,1,4),(-0.0912707941675589,-0.0457889916780074,
0.),.UNSPECIFIED.);
#21=B_SPLINE_CURVE_WITH_KNOTS('',3,(#7811,#7812,#7813,#7814,#7815),
 .UNSPECIFIED.,.F.,.F.,(4,1,4),(0.,0.0470719798859585,0.0964865605752474),
 .UNSPECIFIED.);
#22=B_SPLINE_CURVE_WITH_KNOTS('',3,(#7817,#7818,#7819,#7820,#7821),
 .UNSPECIFIED.,.F.,.F.,(4,1,4),(-0.0964865605752474,-0.0470719798859585,
0.),.UNSPECIFIED.);
#23=B_SPLINE_CURVE_WITH_KNOTS('',3,(#7834,#7835,#7836,#7837,#7838),
 .UNSPECIFIED.,.F.,.F.,(4,1,4),(0.,0.0496784218942199,0.0983789761070726),
 .UNSPECIFIED.);
#24=B_SPLINE_CURVE_WITH_KNOTS('',3,(#7840,#7841,#7842,#7843,#7844),
 .UNSPECIFIED.,.F.,.F.,(4,1,4),(-0.0983789761070726,-0.0496784218942199,
0.),.UNSPECIFIED.);
#25=B_SPLINE_CURVE_WITH_KNOTS('',3,(#7857,#7858,#7859,#7860,#7861),
 .UNSPECIFIED.,.F.,.F.,(4,1,4),(0.,0.0465588141748551,0.0912128144323791),
 .UNSPECIFIED.);
#26=B_SPLINE_CURVE_WITH_KNOTS('',3,(#7863,#7864,#7865,#7866,#7867),
 .UNSPECIFIED.,.F.,.F.,(4,1,4),(-0.0912128144323791,-0.0465588141748551,
0.),.UNSPECIFIED.);
#27=B_SPLINE_CURVE_WITH_KNOTS('',3,(#7880,#7881,#7882,#7883,#7884),
 .UNSPECIFIED.,.F.,.F.,(4,1,4),(0.,0.046064063949655,0.0955973269188235),
 .UNSPECIFIED.);
#28=B_SPLINE_CURVE_WITH_KNOTS('',3,(#7886,#7887,#7888,#7889,#7890),
 .UNSPECIFIED.,.F.,.F.,(4,1,4),(-0.0955973269188235,-0.046064063949655,
0.),.UNSPECIFIED.);
#29=B_SPLINE_CURVE_WITH_KNOTS('',3,(#7903,#7904,#7905,#7906,#7907),
 .UNSPECIFIED.,.F.,.F.,(4,1,4),(0.,0.0362704504368363,0.0700525499981565),
 .UNSPECIFIED.);
#30=B_SPLINE_CURVE_WITH_KNOTS('',3,(#7909,#7910,#7911,#7912,#7913),
 .UNSPECIFIED.,.F.,.F.,(4,1,4),(-0.0700525499981565,-0.0362704504368363,
0.),.UNSPECIFIED.);
#31=B_SPLINE_CURVE_WITH_KNOTS('',3,(#7926,#7927,#7928,#7929,#7930),
 .UNSPECIFIED.,.F.,.F.,(4,1,4),(0.,0.0310703909758529,0.0595709809318233),
 .UNSPECIFIED.);
#32=B_SPLINE_CURVE_WITH_KNOTS('',3,(#7932,#7933,#7934,#7935,#7936),
 .UNSPECIFIED.,.F.,.F.,(4,1,4),(-0.0595709809318233,-0.0310703909758529,
0.),.UNSPECIFIED.);
#33=B_SPLINE_CURVE_WITH_KNOTS('',3,(#7949,#7950,#7951,#7952,#7953),
 .UNSPECIFIED.,.F.,.F.,(4,1,4),(0.,0.0295928335734063,0.063475708355889),
 .UNSPECIFIED.);
#34=B_SPLINE_CURVE_WITH_KNOTS('',3,(#7955,#7956,#7957,#7958,#7959),
 .UNSPECIFIED.,.F.,.F.,(4,1,4),(-0.063475708355889,-0.0295928335734063,
0.),.UNSPECIFIED.);
#35=B_SPLINE_CURVE_WITH_KNOTS('',3,(#7978,#7979,#7980,#7981,#7982),
 .UNSPECIFIED.,.F.,.F.,(4,1,4),(0.,0.0254563357037644,0.0465430507024632),
 .UNSPECIFIED.);
#36=B_SPLINE_CURVE_WITH_KNOTS('',3,(#7984,#7985,#7986,#7987,#7988),
 .UNSPECIFIED.,.F.,.F.,(4,1,4),(-0.0465430507024632,-0.0254563357037644,
0.),.UNSPECIFIED.);
#37=B_SPLINE_CURVE_WITH_KNOTS('',3,(#8001,#8002,#8003,#8004,#8005),
 .UNSPECIFIED.,.F.,.F.,(4,1,4),(0.,0.0197753486152828,0.0417787339211573),
 .UNSPECIFIED.);
#38=B_SPLINE_CURVE_WITH_KNOTS('',3,(#8007,#8008,#8009,#8010,#8011),
 .UNSPECIFIED.,.F.,.F.,(4,1,4),(-0.0417787339211573,-0.0197753486152828,
0.),.UNSPECIFIED.);
#39=B_SPLINE_CURVE_WITH_KNOTS('',3,(#8024,#8025,#8026,#8027,#8028),
 .UNSPECIFIED.,.F.,.F.,(4,1,4),(0.,0.0239338626197631,0.049344917981617),
 .UNSPECIFIED.);
#40=B_SPLINE_CURVE_WITH_KNOTS('',3,(#8030,#8031,#8032,#8033,#8034),
 .UNSPECIFIED.,.F.,.F.,(4,1,4),(-0.049344917981617,-0.0239338626197631,
0.),.UNSPECIFIED.);
#41=B_SPLINE_CURVE_WITH_KNOTS('',3,(#8047,#8048,#8049,#8050,#8051),
 .UNSPECIFIED.,.F.,.F.,(4,1,4),(0.,0.0297029039903485,0.0560283796919675),
 .UNSPECIFIED.);
#42=B_SPLINE_CURVE_WITH_KNOTS('',3,(#8053,#8054,#8055,#8056,#8057),
 .UNSPECIFIED.,.F.,.F.,(4,1,4),(-0.0560283796919675,-0.0297029039903485,
0.),.UNSPECIFIED.);
#43=B_SPLINE_CURVE_WITH_KNOTS('',3,(#8070,#8071,#8072,#8073,#8074),
 .UNSPECIFIED.,.F.,.F.,(4,1,4),(0.,0.0237253180582947,0.0454745992456892),
 .UNSPECIFIED.);
#44=B_SPLINE_CURVE_WITH_KNOTS('',3,(#8076,#8077,#8078,#8079,#8080),
 .UNSPECIFIED.,.F.,.F.,(4,1,4),(-0.0454745992456892,-0.0237253180582947,
0.),.UNSPECIFIED.);
#45=B_SPLINE_CURVE_WITH_KNOTS('',3,(#8093,#8094,#8095,#8096,#8097),
 .UNSPECIFIED.,.F.,.F.,(4,1,4),(0.,0.0208013856027009,0.041211205845659),
 .UNSPECIFIED.);
#46=B_SPLINE_CURVE_WITH_KNOTS('',3,(#8099,#8100,#8101,#8102,#8103),
 .UNSPECIFIED.,.F.,.F.,(4,1,4),(-0.041211205845659,-0.0208013856027009,
0.),.UNSPECIFIED.);
#47=B_SPLINE_CURVE_WITH_KNOTS('',3,(#8116,#8117,#8118,#8119,#8120),
 .UNSPECIFIED.,.F.,.F.,(4,1,4),(0.,0.0352963648405732,0.072036371775017),
 .UNSPECIFIED.);
#48=B_SPLINE_CURVE_WITH_KNOTS('',3,(#8122,#8123,#8124,#8125,#8126),
 .UNSPECIFIED.,.F.,.F.,(4,1,4),(-0.072036371775017,-0.0352963648405732,
0.),.UNSPECIFIED.);
#49=B_SPLINE_CURVE_WITH_KNOTS('',3,(#8139,#8140,#8141,#8142,#8143),
 .UNSPECIFIED.,.F.,.F.,(4,1,4),(0.,0.0431625499303159,0.0805067606096251),
 .UNSPECIFIED.);
#50=B_SPLINE_CURVE_WITH_KNOTS('',3,(#8145,#8146,#8147,#8148,#8149),
 .UNSPECIFIED.,.F.,.F.,(4,1,4),(-0.0805067606096251,-0.0431625499303159,
0.),.UNSPECIFIED.);
#51=B_SPLINE_CURVE_WITH_KNOTS('',3,(#8162,#8163,#8164,#8165,#8166),
 .UNSPECIFIED.,.F.,.F.,(4,1,4),(0.,0.03384224150892,0.0671568816700661),
 .UNSPECIFIED.);
#52=B_SPLINE_CURVE_WITH_KNOTS('',3,(#8168,#8169,#8170,#8171,#8172),
 .UNSPECIFIED.,.F.,.F.,(4,1,4),(-0.0671568816700661,-0.03384224150892,0.),
 .UNSPECIFIED.);
#53=B_SPLINE_CURVE_WITH_KNOTS('',3,(#8185,#8186,#8187,#8188,#8189),
 .UNSPECIFIED.,.F.,.F.,(4,1,4),(0.,0.0337577349250696,0.067636805053772),
 .UNSPECIFIED.);
#54=B_SPLINE_CURVE_WITH_KNOTS('',3,(#8191,#8192,#8193,#8194,#8195),
 .UNSPECIFIED.,.F.,.F.,(4,1,4),(-0.067636805053772,-0.0337577349250696,
0.),.UNSPECIFIED.);
#55=B_SPLINE_CURVE_WITH_KNOTS('',3,(#8208,#8209,#8210,#8211,#8212),
 .UNSPECIFIED.,.F.,.F.,(4,1,4),(0.,0.0298643357035742,0.0601439071303719),
 .UNSPECIFIED.);
#56=B_SPLINE_CURVE_WITH_KNOTS('',3,(#8214,#8215,#8216,#8217,#8218),
 .UNSPECIFIED.,.F.,.F.,(4,1,4),(-0.0601439071303719,-0.0298643357035742,
0.),.UNSPECIFIED.);
#57=B_SPLINE_CURVE_WITH_KNOTS('',3,(#8231,#8232,#8233,#8234,#8235),
 .UNSPECIFIED.,.F.,.F.,(4,1,4),(0.,0.027885952964748,0.0501560560081955),
 .UNSPECIFIED.);
#58=B_SPLINE_CURVE_WITH_KNOTS('',3,(#8237,#8238,#8239,#8240,#8241),
 .UNSPECIFIED.,.F.,.F.,(4,1,4),(-0.0501560560081955,-0.027885952964748,
0.),.UNSPECIFIED.);
#59=B_SPLINE_CURVE_WITH_KNOTS('',3,(#8286,#8287,#8288,#8289,#8290),
 .UNSPECIFIED.,.F.,.F.,(4,1,4),(0.,0.0265256569073094,0.0451168553606408),
 .UNSPECIFIED.);
#60=B_SPLINE_CURVE_WITH_KNOTS('',3,(#8292,#8293,#8294,#8295,#8296),
 .UNSPECIFIED.,.F.,.F.,(4,1,4),(-0.0451168553606408,-0.0265256569073094,
0.),.UNSPECIFIED.);
#61=B_SPLINE_CURVE_WITH_KNOTS('',3,(#8309,#8310,#8311,#8312,#8313),
 .UNSPECIFIED.,.F.,.F.,(4,1,4),(0.,0.0146546589059665,0.0292281494920442),
 .UNSPECIFIED.);
#62=B_SPLINE_CURVE_WITH_KNOTS('',3,(#8315,#8316,#8317,#8318,#8319),
 .UNSPECIFIED.,.F.,.F.,(4,1,4),(-0.0292281494920442,-0.0146546589059665,
0.),.UNSPECIFIED.);
#63=B_SPLINE_CURVE_WITH_KNOTS('',3,(#8332,#8333,#8334,#8335,#8336),
 .UNSPECIFIED.,.F.,.F.,(4,1,4),(0.,0.0221766988110687,0.0467428644037093),
 .UNSPECIFIED.);
#64=B_SPLINE_CURVE_WITH_KNOTS('',3,(#8338,#8339,#8340,#8341,#8342),
 .UNSPECIFIED.,.F.,.F.,(4,1,4),(-0.0467428644037093,-0.0221766988110687,
0.),.UNSPECIFIED.);
#65=B_SPLINE_CURVE_WITH_KNOTS('',3,(#8361,#8362,#8363,#8364,#8365),
 .UNSPECIFIED.,.F.,.F.,(4,1,4),(0.,0.0172352721409873,0.0331634216130115),
 .UNSPECIFIED.);
#66=B_SPLINE_CURVE_WITH_KNOTS('',3,(#8367,#8368,#8369,#8370,#8371),
 .UNSPECIFIED.,.F.,.F.,(4,1,4),(-0.0331634216130115,-0.0172352721409873,
0.),.UNSPECIFIED.);
#67=B_SPLINE_CURVE_WITH_KNOTS('',3,(#8384,#8385,#8386,#8387,#8388),
 .UNSPECIFIED.,.F.,.F.,(4,1,4),(0.,0.0135365874503637,0.0270608202121903),
 .UNSPECIFIED.);
#68=B_SPLINE_CURVE_WITH_KNOTS('',3,(#8390,#8391,#8392,#8393,#8394),
 .UNSPECIFIED.,.F.,.F.,(4,1,4),(-0.0270608202121903,-0.0135365874503637,
0.),.UNSPECIFIED.);
#69=B_SPLINE_CURVE_WITH_KNOTS('',3,(#8407,#8408,#8409,#8410,#8411),
 .UNSPECIFIED.,.F.,.F.,(4,1,4),(0.,0.0139531965754649,0.0287968418408879),
 .UNSPECIFIED.);
#70=B_SPLINE_CURVE_WITH_KNOTS('',3,(#8413,#8414,#8415,#8416,#8417),
 .UNSPECIFIED.,.F.,.F.,(4,1,4),(-0.0287968418408879,-0.0139531965754649,
0.),.UNSPECIFIED.);
#71=B_SPLINE_CURVE_WITH_KNOTS('',3,(#8430,#8431,#8432,#8433,#8434),
 .UNSPECIFIED.,.F.,.F.,(4,1,4),(0.,0.0245878221470607,0.0507916102924388),
 .UNSPECIFIED.);
#72=B_SPLINE_CURVE_WITH_KNOTS('',3,(#8436,#8437,#8438,#8439,#8440),
 .UNSPECIFIED.,.F.,.F.,(4,1,4),(-0.0507916102924388,-0.0245878221470607,
0.),.UNSPECIFIED.);
#73=B_SPLINE_CURVE_WITH_KNOTS('',3,(#8465,#8466,#8467,#8468,#8469),
 .UNSPECIFIED.,.F.,.F.,(4,1,4),(0.,0.0434365943027088,0.0766153909417258),
 .UNSPECIFIED.);
#74=B_SPLINE_CURVE_WITH_KNOTS('',3,(#8473,#8474,#8475,#8476,#8477),
 .UNSPECIFIED.,.F.,.F.,(4,1,4),(-0.0766153909417258,-0.0434365943027088,
0.),.UNSPECIFIED.);
#75=B_SPLINE_CURVE_WITH_KNOTS('',3,(#8490,#8491,#8492,#8493,#8494),
 .UNSPECIFIED.,.F.,.F.,(4,1,4),(0.,0.028174149238902,0.056104470838628),
 .UNSPECIFIED.);
#76=B_SPLINE_CURVE_WITH_KNOTS('',3,(#8496,#8497,#8498,#8499,#8500),
 .UNSPECIFIED.,.F.,.F.,(4,1,4),(-0.056104470838628,-0.028174149238902,0.),
 .UNSPECIFIED.);
#77=B_SPLINE_CURVE_WITH_KNOTS('',3,(#8513,#8514,#8515,#8516,#8517),
 .UNSPECIFIED.,.F.,.F.,(4,1,4),(0.,0.0278073470538936,0.0560218331071359),
 .UNSPECIFIED.);
#78=B_SPLINE_CURVE_WITH_KNOTS('',3,(#8519,#8520,#8521,#8522,#8523),
 .UNSPECIFIED.,.F.,.F.,(4,1,4),(-0.0560218331071359,-0.0278073470538936,
0.),.UNSPECIFIED.);
#79=B_SPLINE_CURVE_WITH_KNOTS('',3,(#8536,#8537,#8538,#8539,#8540),
 .UNSPECIFIED.,.F.,.F.,(4,1,4),(0.,0.0329138517531502,0.075438423725984),
 .UNSPECIFIED.);
#80=B_SPLINE_CURVE_WITH_KNOTS('',3,(#8542,#8543,#8544,#8545,#8546),
 .UNSPECIFIED.,.F.,.F.,(4,1,4),(-0.075438423725984,-0.0329138517531502,
0.),.UNSPECIFIED.);
#81=B_SPLINE_CURVE_WITH_KNOTS('',3,(#8559,#8560,#8561,#8562,#8563),
 .UNSPECIFIED.,.F.,.F.,(4,1,4),(0.,0.0411505256682074,0.0743505028124098),
 .UNSPECIFIED.);
#82=B_SPLINE_CURVE_WITH_KNOTS('',3,(#8565,#8566,#8567,#8568,#8569),
 .UNSPECIFIED.,.F.,.F.,(4,1,4),(-0.0743505028124098,-0.0411505256682074,
0.),.UNSPECIFIED.);
#83=B_SPLINE_CURVE_WITH_KNOTS('',3,(#8582,#8583,#8584,#8585,#8586),
 .UNSPECIFIED.,.F.,.F.,(4,1,4),(0.,0.028856920925843,0.0565037613212005),
 .UNSPECIFIED.);
#84=B_SPLINE_CURVE_WITH_KNOTS('',3,(#8588,#8589,#8590,#8591,#8592),
 .UNSPECIFIED.,.F.,.F.,(4,1,4),(-0.0565037613212005,-0.028856920925843,
0.),.UNSPECIFIED.);
#85=B_SPLINE_CURVE_WITH_KNOTS('',3,(#8605,#8606,#8607,#8608,#8609),
 .UNSPECIFIED.,.F.,.F.,(4,1,4),(0.,0.0271321702338067,0.0553770836725599),
 .UNSPECIFIED.);
#86=B_SPLINE_CURVE_WITH_KNOTS('',3,(#8611,#8612,#8613,#8614,#8615),
 .UNSPECIFIED.,.F.,.F.,(4,1,4),(-0.0553770836725599,-0.0271321702338067,
0.),.UNSPECIFIED.);
#87=B_SPLINE_CURVE_WITH_KNOTS('',3,(#8627,#8628,#8629,#8630,#8631),
 .UNSPECIFIED.,.F.,.F.,(4,1,4),(0.,0.0325956835673439,0.0731058157253021),
 .UNSPECIFIED.);
#88=B_SPLINE_CURVE_WITH_KNOTS('',3,(#8632,#8633,#8634,#8635,#8636),
 .UNSPECIFIED.,.F.,.F.,(4,1,4),(-0.0731058157253021,-0.0325956835673439,
0.),.UNSPECIFIED.);
#89=B_SPLINE_CURVE_WITH_KNOTS('',3,(#8657,#8658,#8659,#8660,#8661),
 .UNSPECIFIED.,.F.,.F.,(4,1,4),(0.,0.0174309746949223,0.0323864827963376),
 .UNSPECIFIED.);
#90=B_SPLINE_CURVE_WITH_KNOTS('',3,(#8663,#8664,#8665,#8666,#8667),
 .UNSPECIFIED.,.F.,.F.,(4,1,4),(-0.0323864827963376,-0.0174309746949223,
0.),.UNSPECIFIED.);
#91=B_SPLINE_CURVE_WITH_KNOTS('',3,(#8680,#8681,#8682,#8683,#8684),
 .UNSPECIFIED.,.F.,.F.,(4,1,4),(0.,0.0209317774686074,0.0458806354166181),
 .UNSPECIFIED.);
#92=B_SPLINE_CURVE_WITH_KNOTS('',3,(#8686,#8687,#8688,#8689,#8690),
 .UNSPECIFIED.,.F.,.F.,(4,1,4),(-0.0458806354166181,-0.0209317774686074,
0.),.UNSPECIFIED.);
#93=B_SPLINE_CURVE_WITH_KNOTS('',3,(#8703,#8704,#8705,#8706,#8707),
 .UNSPECIFIED.,.F.,.F.,(4,1,4),(0.,0.0266089460023113,0.0481903939596562),
 .UNSPECIFIED.);
#94=B_SPLINE_CURVE_WITH_KNOTS('',3,(#8709,#8710,#8711,#8712,#8713),
 .UNSPECIFIED.,.F.,.F.,(4,1,4),(-0.0481903939596562,-0.0266089460023113,
0.),.UNSPECIFIED.);
#95=B_SPLINE_CURVE_WITH_KNOTS('',3,(#8726,#8727,#8728,#8729,#8730),
 .UNSPECIFIED.,.F.,.F.,(4,1,4),(0.,0.0197582132608367,0.0406056351856221),
 .UNSPECIFIED.);
#96=B_SPLINE_CURVE_WITH_KNOTS('',3,(#8732,#8733,#8734,#8735,#8736),
 .UNSPECIFIED.,.F.,.F.,(4,1,4),(-0.0406056351856221,-0.0197582132608367,
0.),.UNSPECIFIED.);
#97=B_SPLINE_CURVE_WITH_KNOTS('',3,(#8749,#8750,#8751,#8752,#8753),
 .UNSPECIFIED.,.F.,.F.,(4,1,4),(0.,0.0204996126964232,0.0553028783463217),
 .UNSPECIFIED.);
#98=B_SPLINE_CURVE_WITH_KNOTS('',3,(#8755,#8756,#8757,#8758,#8759),
 .UNSPECIFIED.,.F.,.F.,(4,1,4),(-0.0553028783463217,-0.0204996126964232,
0.),.UNSPECIFIED.);
#99=B_SPLINE_CURVE_WITH_KNOTS('',3,(#8772,#8773,#8774,#8775,#8776),
 .UNSPECIFIED.,.F.,.F.,(4,1,4),(0.,0.0402512375581459,0.0796910239852094),
 .UNSPECIFIED.);
#100=B_SPLINE_CURVE_WITH_KNOTS('',3,(#8778,#8779,#8780,#8781,#8782),
 .UNSPECIFIED.,.F.,.F.,(4,1,4),(-0.0796910239852094,-0.0402512375581459,
0.),.UNSPECIFIED.);
#101=B_SPLINE_CURVE_WITH_KNOTS('',3,(#8795,#8796,#8797,#8798,#8799),
 .UNSPECIFIED.,.F.,.F.,(4,1,4),(0.,0.0473252747475823,0.0919870790692979),
 .UNSPECIFIED.);
#102=B_SPLINE_CURVE_WITH_KNOTS('',3,(#8801,#8802,#8803,#8804,#8805),
 .UNSPECIFIED.,.F.,.F.,(4,1,4),(-0.0919870790692979,-0.0473252747475823,
0.),.UNSPECIFIED.);
#103=B_SPLINE_CURVE_WITH_KNOTS('',3,(#8818,#8819,#8820,#8821,#8822),
 .UNSPECIFIED.,.F.,.F.,(4,1,4),(0.,0.0467165934172805,0.0962396697889254),
 .UNSPECIFIED.);
#104=B_SPLINE_CURVE_WITH_KNOTS('',3,(#8824,#8825,#8826,#8827,#8828),
 .UNSPECIFIED.,.F.,.F.,(4,1,4),(-0.0962396697889254,-0.0467165934172805,
0.),.UNSPECIFIED.);
#105=B_SPLINE_CURVE_WITH_KNOTS('',3,(#8841,#8842,#8843,#8844,#8845),
 .UNSPECIFIED.,.F.,.F.,(4,1,4),(0.,0.035040708403082,0.0685995902851954),
 .UNSPECIFIED.);
#106=B_SPLINE_CURVE_WITH_KNOTS('',3,(#8847,#8848,#8849,#8850,#8851),
 .UNSPECIFIED.,.F.,.F.,(4,1,4),(-0.0685995902851954,-0.035040708403082,
0.),.UNSPECIFIED.);
#107=B_SPLINE_CURVE_WITH_KNOTS('',3,(#8864,#8865,#8866,#8867,#8868),
 .UNSPECIFIED.,.F.,.F.,(4,1,4),(0.,0.0315891643784655,0.0614546332938711),
 .UNSPECIFIED.);
#108=B_SPLINE_CURVE_WITH_KNOTS('',3,(#8870,#8871,#8872,#8873,#8874),
 .UNSPECIFIED.,.F.,.F.,(4,1,4),(-0.0614546332938711,-0.0315891643784655,
0.),.UNSPECIFIED.);
#109=B_SPLINE_CURVE_WITH_KNOTS('',3,(#8887,#8888,#8889,#8890,#8891),
 .UNSPECIFIED.,.F.,.F.,(4,1,4),(0.,0.0298830760545213,0.0616435680742552),
 .UNSPECIFIED.);
#110=B_SPLINE_CURVE_WITH_KNOTS('',3,(#8893,#8894,#8895,#8896,#8897),
 .UNSPECIFIED.,.F.,.F.,(4,1,4),(-0.0616435680742552,-0.0298830760545213,
0.),.UNSPECIFIED.);
#111=B_SPLINE_CURVE_WITH_KNOTS('',3,(#8910,#8911,#8912,#8913,#8914),
 .UNSPECIFIED.,.F.,.F.,(4,1,4),(0.,0.0419378361932824,0.0847646121809868),
 .UNSPECIFIED.);
#112=B_SPLINE_CURVE_WITH_KNOTS('',3,(#8916,#8917,#8918,#8919,#8920),
 .UNSPECIFIED.,.F.,.F.,(4,1,4),(-0.0847646121809868,-0.0419378361932824,
0.),.UNSPECIFIED.);
#113=B_SPLINE_CURVE_WITH_KNOTS('',3,(#8951,#8952,#8953,#8954,#8955),
 .UNSPECIFIED.,.F.,.F.,(4,1,4),(0.,0.0506737405780624,0.0852131975737263),
 .UNSPECIFIED.);
#114=B_SPLINE_CURVE_WITH_KNOTS('',3,(#8957,#8958,#8959,#8960,#8961),
 .UNSPECIFIED.,.F.,.F.,(4,1,4),(-0.0852131975737263,-0.0506737405780624,
0.),.UNSPECIFIED.);
#115=B_SPLINE_CURVE_WITH_KNOTS('',3,(#8974,#8975,#8976,#8977,#8978),
 .UNSPECIFIED.,.F.,.F.,(4,1,4),(0.,0.027049885345371,0.0552993625110427),
 .UNSPECIFIED.);
#116=B_SPLINE_CURVE_WITH_KNOTS('',3,(#8980,#8981,#8982,#8983,#8984),
 .UNSPECIFIED.,.F.,.F.,(4,1,4),(-0.0552993625110427,-0.027049885345371,
0.),.UNSPECIFIED.);
#117=B_SPLINE_CURVE_WITH_KNOTS('',3,(#8997,#8998,#8999,#9000,#9001),
 .UNSPECIFIED.,.F.,.F.,(4,1,4),(0.,0.0310731362421101,0.0664399529538552),
 .UNSPECIFIED.);
#118=B_SPLINE_CURVE_WITH_KNOTS('',3,(#9003,#9004,#9005,#9006,#9007),
 .UNSPECIFIED.,.F.,.F.,(4,1,4),(-0.0664399529538552,-0.0310731362421101,
0.),.UNSPECIFIED.);
#119=B_SPLINE_CURVE_WITH_KNOTS('',3,(#9020,#9021,#9022,#9023,#9024),
 .UNSPECIFIED.,.F.,.F.,(4,1,4),(0.,0.0413207545583659,0.0770564440157479),
 .UNSPECIFIED.);
#120=B_SPLINE_CURVE_WITH_KNOTS('',3,(#9026,#9027,#9028,#9029,#9030),
 .UNSPECIFIED.,.F.,.F.,(4,1,4),(-0.0770564440157479,-0.0413207545583659,
0.),.UNSPECIFIED.);
#121=B_SPLINE_CURVE_WITH_KNOTS('',3,(#9042,#9043,#9044,#9045,#9046),
 .UNSPECIFIED.,.F.,.F.,(4,1,4),(0.,0.0329098248641733,0.0693540249910904),
 .UNSPECIFIED.);
#122=B_SPLINE_CURVE_WITH_KNOTS('',3,(#9047,#9048,#9049,#9050,#9051),
 .UNSPECIFIED.,.F.,.F.,(4,1,4),(-0.0693540249910904,-0.0329098248641733,
0.),.UNSPECIFIED.);
#123=B_SPLINE_CURVE_WITH_KNOTS('',3,(#9074,#9075,#9076,#9077,#9078),
 .UNSPECIFIED.,.F.,.F.,(4,1,4),(0.,0.0285263961248995,0.0512248443434623),
 .UNSPECIFIED.);
#124=B_SPLINE_CURVE_WITH_KNOTS('',3,(#9080,#9081,#9082,#9083,#9084),
 .UNSPECIFIED.,.F.,.F.,(4,1,4),(-0.0512248443434623,-0.0285263961248995,
0.),.UNSPECIFIED.);
#125=B_SPLINE_CURVE_WITH_KNOTS('',3,(#9097,#9098,#9099,#9100,#9101),
 .UNSPECIFIED.,.F.,.F.,(4,1,4),(0.,0.0300434917565803,0.0603500323349679),
 .UNSPECIFIED.);
#126=B_SPLINE_CURVE_WITH_KNOTS('',3,(#9103,#9104,#9105,#9106,#9107),
 .UNSPECIFIED.,.F.,.F.,(4,1,4),(-0.0603500323349679,-0.0300434917565803,
0.),.UNSPECIFIED.);
#127=B_SPLINE_CURVE_WITH_KNOTS('',3,(#9120,#9121,#9122,#9123,#9124),
 .UNSPECIFIED.,.F.,.F.,(4,1,4),(0.,0.0276934166607483,0.0546850786400424),
 .UNSPECIFIED.);
#128=B_SPLINE_CURVE_WITH_KNOTS('',3,(#9126,#9127,#9128,#9129,#9130),
 .UNSPECIFIED.,.F.,.F.,(4,1,4),(-0.0546850786400424,-0.0276934166607483,
0.),.UNSPECIFIED.);
#129=B_SPLINE_CURVE_WITH_KNOTS('',3,(#9142,#9143,#9144,#9145,#9146),
 .UNSPECIFIED.,.F.,.F.,(4,1,4),(0.,0.0279602755989895,0.0585363915641159),
 .UNSPECIFIED.);
#130=B_SPLINE_CURVE_WITH_KNOTS('',3,(#9147,#9148,#9149,#9150,#9151),
 .UNSPECIFIED.,.F.,.F.,(4,1,4),(-0.0585363915641159,-0.0279602755989895,
0.),.UNSPECIFIED.);
#131=B_SPLINE_CURVE_WITH_KNOTS('',3,(#9172,#9173,#9174,#9175,#9176),
 .UNSPECIFIED.,.F.,.F.,(4,1,4),(0.,0.0376658547782867,0.0728903149250883),
 .UNSPECIFIED.);
#132=B_SPLINE_CURVE_WITH_KNOTS('',3,(#9178,#9179,#9180,#9181,#9182),
 .UNSPECIFIED.,.F.,.F.,(4,1,4),(-0.0728903149250883,-0.0376658547782867,
0.),.UNSPECIFIED.);
#133=B_SPLINE_CURVE_WITH_KNOTS('',3,(#9195,#9196,#9197,#9198,#9199),
 .UNSPECIFIED.,.F.,.F.,(4,1,4),(0.,0.0361416672121872,0.0767272161476882),
 .UNSPECIFIED.);
#134=B_SPLINE_CURVE_WITH_KNOTS('',3,(#9201,#9202,#9203,#9204,#9205),
 .UNSPECIFIED.,.F.,.F.,(4,1,4),(-0.0767272161476882,-0.0361416672121872,
0.),.UNSPECIFIED.);
#135=B_SPLINE_CURVE_WITH_KNOTS('',3,(#9218,#9219,#9220,#9221,#9222),
 .UNSPECIFIED.,.F.,.F.,(4,1,4),(0.,0.0505980599836391,0.096758850659298),
 .UNSPECIFIED.);
#136=B_SPLINE_CURVE_WITH_KNOTS('',3,(#9224,#9225,#9226,#9227,#9228),
 .UNSPECIFIED.,.F.,.F.,(4,1,4),(-0.096758850659298,-0.0505980599836391,
0.),.UNSPECIFIED.);
#137=B_SPLINE_CURVE_WITH_KNOTS('',3,(#9241,#9242,#9243,#9244,#9245),
 .UNSPECIFIED.,.F.,.F.,(4,1,4),(0.,0.0478645316589871,0.103406493398403),
 .UNSPECIFIED.);
#138=B_SPLINE_CURVE_WITH_KNOTS('',3,(#9247,#9248,#9249,#9250,#9251),
 .UNSPECIFIED.,.F.,.F.,(4,1,4),(-0.103406493398403,-0.0478645316589871,
0.),.UNSPECIFIED.);
#139=B_SPLINE_CURVE_WITH_KNOTS('',3,(#9264,#9265,#9266,#9267,#9268),
 .UNSPECIFIED.,.F.,.F.,(4,1,4),(0.,0.0574151717731565,0.106573566293569),
 .UNSPECIFIED.);
#140=B_SPLINE_CURVE_WITH_KNOTS('',3,(#9270,#9271,#9272,#9273,#9274),
 .UNSPECIFIED.,.F.,.F.,(4,1,4),(-0.106573566293569,-0.0574151717731565,
0.),.UNSPECIFIED.);
#141=B_SPLINE_CURVE_WITH_KNOTS('',3,(#9287,#9288,#9289,#9290,#9291),
 .UNSPECIFIED.,.F.,.F.,(4,1,4),(0.,0.0461976946330107,0.0946395798281779),
 .UNSPECIFIED.);
#142=B_SPLINE_CURVE_WITH_KNOTS('',3,(#9293,#9294,#9295,#9296,#9297),
 .UNSPECIFIED.,.F.,.F.,(4,1,4),(-0.0946395798281779,-0.0461976946330107,
0.),.UNSPECIFIED.);
#143=B_SPLINE_CURVE_WITH_KNOTS('',3,(#9310,#9311,#9312,#9313,#9314),
 .UNSPECIFIED.,.F.,.F.,(4,1,4),(0.,0.0470007819356155,0.092108268475629),
 .UNSPECIFIED.);
#144=B_SPLINE_CURVE_WITH_KNOTS('',3,(#9316,#9317,#9318,#9319,#9320),
 .UNSPECIFIED.,.F.,.F.,(4,1,4),(-0.092108268475629,-0.0470007819356155,
0.),.UNSPECIFIED.);
#145=B_SPLINE_CURVE_WITH_KNOTS('',3,(#9333,#9334,#9335,#9336,#9337),
 .UNSPECIFIED.,.F.,.F.,(4,1,4),(0.,0.048166076461776,0.104492297088077),
 .UNSPECIFIED.);
#146=B_SPLINE_CURVE_WITH_KNOTS('',3,(#9339,#9340,#9341,#9342,#9343),
 .UNSPECIFIED.,.F.,.F.,(4,1,4),(-0.104492297088077,-0.048166076461776,0.),
 .UNSPECIFIED.);
#147=B_SPLINE_CURVE_WITH_KNOTS('',3,(#9356,#9357,#9358,#9359,#9360),
 .UNSPECIFIED.,.F.,.F.,(4,1,4),(0.,0.00477524198543038,0.0114625388084506),
 .UNSPECIFIED.);
#148=B_SPLINE_CURVE_WITH_KNOTS('',3,(#9362,#9363,#9364,#9365,#9366),
 .UNSPECIFIED.,.F.,.F.,(4,1,4),(-0.0114625388084506,-0.00477524198543038,
0.),.UNSPECIFIED.);
#149=B_SPLINE_CURVE_WITH_KNOTS('',3,(#9385,#9386,#9387,#9388,#9389),
 .UNSPECIFIED.,.F.,.F.,(4,1,4),(0.,0.037563716824222,0.069306691174649),
 .UNSPECIFIED.);
#150=B_SPLINE_CURVE_WITH_KNOTS('',3,(#9391,#9392,#9393,#9394,#9395),
 .UNSPECIFIED.,.F.,.F.,(4,1,4),(-0.069306691174649,-0.037563716824222,0.),
 .UNSPECIFIED.);
#151=B_SPLINE_CURVE_WITH_KNOTS('',3,(#9408,#9409,#9410,#9411,#9412),
 .UNSPECIFIED.,.F.,.F.,(4,1,4),(0.,0.0291083384305711,0.05875943198688),
 .UNSPECIFIED.);
#152=B_SPLINE_CURVE_WITH_KNOTS('',3,(#9414,#9415,#9416,#9417,#9418),
 .UNSPECIFIED.,.F.,.F.,(4,1,4),(-0.05875943198688,-0.0291083384305711,0.),
 .UNSPECIFIED.);
#153=B_SPLINE_CURVE_WITH_KNOTS('',3,(#9431,#9432,#9433,#9434,#9435),
 .UNSPECIFIED.,.F.,.F.,(4,1,4),(0.,0.0221236117806368,0.0427837190247403),
 .UNSPECIFIED.);
#154=B_SPLINE_CURVE_WITH_KNOTS('',3,(#9437,#9438,#9439,#9440,#9441),
 .UNSPECIFIED.,.F.,.F.,(4,1,4),(-0.0427837190247403,-0.0221236117806368,
0.),.UNSPECIFIED.);
#155=B_SPLINE_CURVE_WITH_KNOTS('',3,(#9453,#9454,#9455,#9456,#9457),
 .UNSPECIFIED.,.F.,.F.,(4,1,4),(0.,0.0220031741020482,0.0481893605203246),
 .UNSPECIFIED.);
#156=B_SPLINE_CURVE_WITH_KNOTS('',3,(#9458,#9459,#9460,#9461,#9462),
 .UNSPECIFIED.,.F.,.F.,(4,1,4),(-0.0481893605203246,-0.0220031741020482,
0.),.UNSPECIFIED.);
#157=B_SPLINE_CURVE_WITH_KNOTS('',3,(#9485,#9486,#9487,#9488,#9489),
 .UNSPECIFIED.,.F.,.F.,(4,1,4),(0.,0.0475180365046654,0.0943087021645787),
 .UNSPECIFIED.);
#158=B_SPLINE_CURVE_WITH_KNOTS('',3,(#9491,#9492,#9493,#9494,#9495),
 .UNSPECIFIED.,.F.,.F.,(4,1,4),(-0.0943087021645787,-0.0475180365046654,
0.),.UNSPECIFIED.);
#159=B_SPLINE_CURVE_WITH_KNOTS('',3,(#9508,#9509,#9510,#9511,#9512),
 .UNSPECIFIED.,.F.,.F.,(4,1,4),(0.,0.0218021108675535,0.0430092413904551),
 .UNSPECIFIED.);
#160=B_SPLINE_CURVE_WITH_KNOTS('',3,(#9514,#9515,#9516,#9517,#9518),
 .UNSPECIFIED.,.F.,.F.,(4,1,4),(-0.0430092413904551,-0.0218021108675535,
0.),.UNSPECIFIED.);
#161=B_SPLINE_CURVE_WITH_KNOTS('',3,(#9531,#9532,#9533,#9534,#9535),
 .UNSPECIFIED.,.F.,.F.,(4,1,4),(0.,0.0195296072910825,0.0363903408193878),
 .UNSPECIFIED.);
#162=B_SPLINE_CURVE_WITH_KNOTS('',3,(#9537,#9538,#9539,#9540,#9541),
 .UNSPECIFIED.,.F.,.F.,(4,1,4),(-0.0363903408193878,-0.0195296072910825,
0.),.UNSPECIFIED.);
#163=B_SPLINE_CURVE_WITH_KNOTS('',3,(#9554,#9555,#9556,#9557,#9558),
 .UNSPECIFIED.,.F.,.F.,(4,1,4),(0.,0.0165511226915178,0.0347165894990759),
 .UNSPECIFIED.);
#164=B_SPLINE_CURVE_WITH_KNOTS('',3,(#9560,#9561,#9562,#9563,#9564),
 .UNSPECIFIED.,.F.,.F.,(4,1,4),(-0.0347165894990759,-0.0165511226915178,
0.),.UNSPECIFIED.);
#165=B_SPLINE_CURVE_WITH_KNOTS('',3,(#9577,#9578,#9579,#9580,#9581),
 .UNSPECIFIED.,.F.,.F.,(4,1,4),(0.,0.016472199111405,0.0402364049868277),
 .UNSPECIFIED.);
#166=B_SPLINE_CURVE_WITH_KNOTS('',3,(#9583,#9584,#9585,#9586,#9587),
 .UNSPECIFIED.,.F.,.F.,(4,1,4),(-0.0402364049868277,-0.016472199111405,
0.),.UNSPECIFIED.);
#167=B_SPLINE_CURVE_WITH_KNOTS('',3,(#9618,#9619,#9620,#9621,#9622),
 .UNSPECIFIED.,.F.,.F.,(4,1,4),(0.,0.0281795476668533,0.0454816380345344),
 .UNSPECIFIED.);
#168=B_SPLINE_CURVE_WITH_KNOTS('',3,(#9624,#9625,#9626,#9627,#9628),
 .UNSPECIFIED.,.F.,.F.,(4,1,4),(-0.0454816380345344,-0.0281795476668533,
0.),.UNSPECIFIED.);
#169=B_SPLINE_CURVE_WITH_KNOTS('',3,(#9641,#9642,#9643,#9644,#9645),
 .UNSPECIFIED.,.F.,.F.,(4,1,4),(0.,0.0164000203172748,0.032211764022292),
 .UNSPECIFIED.);
#170=B_SPLINE_CURVE_WITH_KNOTS('',3,(#9647,#9648,#9649,#9650,#9651),
 .UNSPECIFIED.,.F.,.F.,(4,1,4),(-0.032211764022292,-0.0164000203172748,
0.),.UNSPECIFIED.);
#171=B_SPLINE_CURVE_WITH_KNOTS('',3,(#9664,#9665,#9666,#9667,#9668),
 .UNSPECIFIED.,.F.,.F.,(4,1,4),(0.,0.0163760205036947,0.034326030529013),
 .UNSPECIFIED.);
#172=B_SPLINE_CURVE_WITH_KNOTS('',3,(#9670,#9671,#9672,#9673,#9674),
 .UNSPECIFIED.,.F.,.F.,(4,1,4),(-0.034326030529013,-0.0163760205036947,
0.),.UNSPECIFIED.);
#173=B_SPLINE_CURVE_WITH_KNOTS('',3,(#9687,#9688,#9689,#9690,#9691),
 .UNSPECIFIED.,.F.,.F.,(4,1,4),(0.,0.0189044669360998,0.0379607296642782),
 .UNSPECIFIED.);
#174=B_SPLINE_CURVE_WITH_KNOTS('',3,(#9693,#9694,#9695,#9696,#9697),
 .UNSPECIFIED.,.F.,.F.,(4,1,4),(-0.0379607296642782,-0.0189044669360998,
0.),.UNSPECIFIED.);
#175=B_SPLINE_CURVE_WITH_KNOTS('',3,(#9710,#9711,#9712,#9713,#9714),
 .UNSPECIFIED.,.F.,.F.,(4,1,4),(0.,0.0186104474977896,0.0366132520625461),
 .UNSPECIFIED.);
#176=B_SPLINE_CURVE_WITH_KNOTS('',3,(#9716,#9717,#9718,#9719,#9720),
 .UNSPECIFIED.,.F.,.F.,(4,1,4),(-0.0366132520625461,-0.0186104474977896,
0.),.UNSPECIFIED.);
#177=B_SPLINE_CURVE_WITH_KNOTS('',3,(#9733,#9734,#9735,#9736,#9737),
 .UNSPECIFIED.,.F.,.F.,(4,1,4),(0.,0.0215765903648221,0.0502502282857873),
 .UNSPECIFIED.);
#178=B_SPLINE_CURVE_WITH_KNOTS('',3,(#9739,#9740,#9741,#9742,#9743),
 .UNSPECIFIED.,.F.,.F.,(4,1,4),(-0.0502502282857873,-0.0215765903648221,
0.),.UNSPECIFIED.);
#179=B_SPLINE_CURVE_WITH_KNOTS('',3,(#9800,#9801,#9802,#9803,#9804),
 .UNSPECIFIED.,.F.,.F.,(4,1,4),(0.,0.0265256489105143,0.0451167318555124),
 .UNSPECIFIED.);
#180=B_SPLINE_CURVE_WITH_KNOTS('',3,(#9806,#9807,#9808,#9809,#9810),
 .UNSPECIFIED.,.F.,.F.,(4,1,4),(-0.0451167318555124,-0.0265256489105143,
0.),.UNSPECIFIED.);
#181=B_SPLINE_CURVE_WITH_KNOTS('',3,(#9823,#9824,#9825,#9826,#9827),
 .UNSPECIFIED.,.F.,.F.,(4,1,4),(0.,0.0146547927278067,0.0292283717437541),
 .UNSPECIFIED.);
#182=B_SPLINE_CURVE_WITH_KNOTS('',3,(#9829,#9830,#9831,#9832,#9833),
 .UNSPECIFIED.,.F.,.F.,(4,1,4),(-0.0292283717437541,-0.0146547927278067,
0.),.UNSPECIFIED.);
#183=B_SPLINE_CURVE_WITH_KNOTS('',3,(#9846,#9847,#9848,#9849,#9850),
 .UNSPECIFIED.,.F.,.F.,(4,1,4),(0.,0.0221765663446491,0.0467427994578569),
 .UNSPECIFIED.);
#184=B_SPLINE_CURVE_WITH_KNOTS('',3,(#9852,#9853,#9854,#9855,#9856),
 .UNSPECIFIED.,.F.,.F.,(4,1,4),(-0.0467427994578569,-0.0221765663446491,
0.),.UNSPECIFIED.);
#185=B_SPLINE_CURVE_WITH_KNOTS('',3,(#9875,#9876,#9877,#9878,#9879),
 .UNSPECIFIED.,.F.,.F.,(4,1,4),(0.,0.0172353266338451,0.0331635350705958),
 .UNSPECIFIED.);
#186=B_SPLINE_CURVE_WITH_KNOTS('',3,(#9881,#9882,#9883,#9884,#9885),
 .UNSPECIFIED.,.F.,.F.,(4,1,4),(-0.0331635350705958,-0.0172353266338451,
0.),.UNSPECIFIED.);
#187=B_SPLINE_CURVE_WITH_KNOTS('',3,(#9898,#9899,#9900,#9901,#9902),
 .UNSPECIFIED.,.F.,.F.,(4,1,4),(0.,0.0135366610377538,0.0270607754260325),
 .UNSPECIFIED.);
#188=B_SPLINE_CURVE_WITH_KNOTS('',3,(#9904,#9905,#9906,#9907,#9908),
 .UNSPECIFIED.,.F.,.F.,(4,1,4),(-0.0270607754260325,-0.0135366610377538,
0.),.UNSPECIFIED.);
#189=B_SPLINE_CURVE_WITH_KNOTS('',3,(#9921,#9922,#9923,#9924,#9925),
 .UNSPECIFIED.,.F.,.F.,(4,1,4),(0.,0.0139531965754649,0.0287968931304395),
 .UNSPECIFIED.);
#190=B_SPLINE_CURVE_WITH_KNOTS('',3,(#9927,#9928,#9929,#9930,#9931),
 .UNSPECIFIED.,.F.,.F.,(4,1,4),(-0.0287968931304395,-0.0139531965754649,
0.),.UNSPECIFIED.);
#191=B_SPLINE_CURVE_WITH_KNOTS('',3,(#9944,#9945,#9946,#9947,#9948),
 .UNSPECIFIED.,.F.,.F.,(4,1,4),(0.,0.0245878254025778,0.0507916084568147),
 .UNSPECIFIED.);
#192=B_SPLINE_CURVE_WITH_KNOTS('',3,(#9950,#9951,#9952,#9953,#9954),
 .UNSPECIFIED.,.F.,.F.,(4,1,4),(-0.0507916084568147,-0.0245878254025778,
0.),.UNSPECIFIED.);
#193=B_SPLINE_CURVE_WITH_KNOTS('',3,(#9979,#9980,#9981,#9982,#9983),
 .UNSPECIFIED.,.F.,.F.,(4,1,4),(0.,0.0305510244887214,0.0721593681225558),
 .UNSPECIFIED.);
#194=B_SPLINE_CURVE_WITH_KNOTS('',3,(#9987,#9988,#9989,#9990,#9991),
 .UNSPECIFIED.,.F.,.F.,(4,1,4),(-0.0721593681225558,-0.0305510244887214,
0.),.UNSPECIFIED.);
#195=B_SPLINE_CURVE_WITH_KNOTS('',3,(#10004,#10005,#10006,#10007,#10008),
 .UNSPECIFIED.,.F.,.F.,(4,1,4),(0.,0.0229823811026669,0.0385210564292783),
 .UNSPECIFIED.);
#196=B_SPLINE_CURVE_WITH_KNOTS('',3,(#10010,#10011,#10012,#10013,#10014),
 .UNSPECIFIED.,.F.,.F.,(4,1,4),(-0.0385210564292783,-0.0229823811026669,
0.),.UNSPECIFIED.);
#197=B_SPLINE_CURVE_WITH_KNOTS('',3,(#10027,#10028,#10029,#10030,#10031),
 .UNSPECIFIED.,.F.,.F.,(4,1,4),(0.,0.0113672699437928,0.0222099766603909),
 .UNSPECIFIED.);
#198=B_SPLINE_CURVE_WITH_KNOTS('',3,(#10033,#10034,#10035,#10036,#10037),
 .UNSPECIFIED.,.F.,.F.,(4,1,4),(-0.0222099766603909,-0.0113672699437928,
0.),.UNSPECIFIED.);
#199=B_SPLINE_CURVE_WITH_KNOTS('',3,(#10050,#10051,#10052,#10053,#10054),
 .UNSPECIFIED.,.F.,.F.,(4,1,4),(0.,0.0106822200018295,0.0214993095498704),
 .UNSPECIFIED.);
#200=B_SPLINE_CURVE_WITH_KNOTS('',3,(#10056,#10057,#10058,#10059,#10060),
 .UNSPECIFIED.,.F.,.F.,(4,1,4),(-0.0214993095498704,-0.0106822200018295,
0.),.UNSPECIFIED.);
#201=B_SPLINE_CURVE_WITH_KNOTS('',3,(#10073,#10074,#10075,#10076,#10077),
 .UNSPECIFIED.,.F.,.F.,(4,1,4),(0.,0.0160894210649363,0.0322584593075072),
 .UNSPECIFIED.);
#202=B_SPLINE_CURVE_WITH_KNOTS('',3,(#10079,#10080,#10081,#10082,#10083),
 .UNSPECIFIED.,.F.,.F.,(4,1,4),(-0.0322584593075072,-0.0160894210649363,
0.),.UNSPECIFIED.);
#203=B_SPLINE_CURVE_WITH_KNOTS('',3,(#10096,#10097,#10098,#10099,#10100),
 .UNSPECIFIED.,.F.,.F.,(4,1,4),(0.,0.0181851662967926,0.0404245515083911),
 .UNSPECIFIED.);
#204=B_SPLINE_CURVE_WITH_KNOTS('',3,(#10102,#10103,#10104,#10105,#10106),
 .UNSPECIFIED.,.F.,.F.,(4,1,4),(-0.0404245515083911,-0.0181851662967926,
0.),.UNSPECIFIED.);
#205=B_SPLINE_CURVE_WITH_KNOTS('',3,(#10119,#10120,#10121,#10122,#10123),
 .UNSPECIFIED.,.F.,.F.,(4,1,4),(0.,0.0236132569392758,0.0458692817065977),
 .UNSPECIFIED.);
#206=B_SPLINE_CURVE_WITH_KNOTS('',3,(#10125,#10126,#10127,#10128,#10129),
 .UNSPECIFIED.,.F.,.F.,(4,1,4),(-0.0458692817065977,-0.0236132569392758,
0.),.UNSPECIFIED.);
#207=B_SPLINE_CURVE_WITH_KNOTS('',3,(#10142,#10143,#10144,#10145,#10146),
 .UNSPECIFIED.,.F.,.F.,(4,1,4),(0.,0.0211361770855843,0.0416243406007543),
 .UNSPECIFIED.);
#208=B_SPLINE_CURVE_WITH_KNOTS('',3,(#10148,#10149,#10150,#10151,#10152),
 .UNSPECIFIED.,.F.,.F.,(4,1,4),(-0.0416243406007543,-0.0211361770855843,
0.),.UNSPECIFIED.);
#209=B_SPLINE_CURVE_WITH_KNOTS('',3,(#10165,#10166,#10167,#10168,#10169),
 .UNSPECIFIED.,.F.,.F.,(4,1,4),(0.,0.0187582190383254,0.0437670268197702),
 .UNSPECIFIED.);
#210=B_SPLINE_CURVE_WITH_KNOTS('',3,(#10171,#10172,#10173,#10174,#10175),
 .UNSPECIFIED.,.F.,.F.,(4,1,4),(-0.0437670268197702,-0.0187582190383254,
0.),.UNSPECIFIED.);
#211=B_SPLINE_CURVE_WITH_KNOTS('',3,(#10192,#10193,#10194,#10195,#10196),
 .UNSPECIFIED.,.F.,.F.,(4,1,4),(0.,0.0291276676158217,0.0543522290558182),
 .UNSPECIFIED.);
#212=B_SPLINE_CURVE_WITH_KNOTS('',3,(#10200,#10201,#10202,#10203,#10204),
 .UNSPECIFIED.,.F.,.F.,(4,1,4),(-0.0543522290558182,-0.0291276676158217,
0.),.UNSPECIFIED.);
#213=B_SPLINE_CURVE_WITH_KNOTS('',3,(#10217,#10218,#10219,#10220,#10221),
 .UNSPECIFIED.,.F.,.F.,(4,1,4),(0.,0.0237320586954775,0.048322035322094),
 .UNSPECIFIED.);
#214=B_SPLINE_CURVE_WITH_KNOTS('',3,(#10223,#10224,#10225,#10226,#10227),
 .UNSPECIFIED.,.F.,.F.,(4,1,4),(-0.048322035322094,-0.0237320586954775,
0.),.UNSPECIFIED.);
#215=B_SPLINE_CURVE_WITH_KNOTS('',3,(#10240,#10241,#10242,#10243,#10244),
 .UNSPECIFIED.,.F.,.F.,(4,1,4),(0.,0.0372965944515682,0.068575812783698),
 .UNSPECIFIED.);
#216=B_SPLINE_CURVE_WITH_KNOTS('',3,(#10246,#10247,#10248,#10249,#10250),
 .UNSPECIFIED.,.F.,.F.,(4,1,4),(-0.068575812783698,-0.0372965944515682,
0.),.UNSPECIFIED.);
#217=B_SPLINE_CURVE_WITH_KNOTS('',3,(#10263,#10264,#10265,#10266,#10267),
 .UNSPECIFIED.,.F.,.F.,(4,1,4),(0.,0.0287012050823017,0.0581584207599028),
 .UNSPECIFIED.);
#218=B_SPLINE_CURVE_WITH_KNOTS('',3,(#10269,#10270,#10271,#10272,#10273),
 .UNSPECIFIED.,.F.,.F.,(4,1,4),(-0.0581584207599028,-0.0287012050823017,
0.),.UNSPECIFIED.);
#219=B_SPLINE_CURVE_WITH_KNOTS('',3,(#10286,#10287,#10288,#10289,#10290),
 .UNSPECIFIED.,.F.,.F.,(4,1,4),(0.,0.0179418547764783,0.0353488787825852),
 .UNSPECIFIED.);
#220=B_SPLINE_CURVE_WITH_KNOTS('',3,(#10292,#10293,#10294,#10295,#10296),
 .UNSPECIFIED.,.F.,.F.,(4,1,4),(-0.0353488787825852,-0.0179418547764783,
0.),.UNSPECIFIED.);
#221=B_SPLINE_CURVE_WITH_KNOTS('',3,(#10309,#10310,#10311,#10312,#10313),
 .UNSPECIFIED.,.F.,.F.,(4,1,4),(0.,0.016981894312242,0.0334586447336265),
 .UNSPECIFIED.);
#222=B_SPLINE_CURVE_WITH_KNOTS('',3,(#10315,#10316,#10317,#10318,#10319),
 .UNSPECIFIED.,.F.,.F.,(4,1,4),(-0.0334586447336265,-0.016981894312242,
0.),.UNSPECIFIED.);
#223=B_SPLINE_CURVE_WITH_KNOTS('',3,(#10332,#10333,#10334,#10335,#10336),
 .UNSPECIFIED.,.F.,.F.,(4,1,4),(0.,0.0167281276311517,0.0340886823448346),
 .UNSPECIFIED.);
#224=B_SPLINE_CURVE_WITH_KNOTS('',3,(#10338,#10339,#10340,#10341,#10342),
 .UNSPECIFIED.,.F.,.F.,(4,1,4),(-0.0340886823448346,-0.0167281276311517,
0.),.UNSPECIFIED.);
#225=B_SPLINE_CURVE_WITH_KNOTS('',3,(#10355,#10356,#10357,#10358,#10359),
 .UNSPECIFIED.,.F.,.F.,(4,1,4),(0.,0.0162124865778063,0.0387580470557082),
 .UNSPECIFIED.);
#226=B_SPLINE_CURVE_WITH_KNOTS('',3,(#10361,#10362,#10363,#10364,#10365),
 .UNSPECIFIED.,.F.,.F.,(4,1,4),(-0.0387580470557082,-0.0162124865778063,
0.),.UNSPECIFIED.);
#227=B_SPLINE_CURVE_WITH_KNOTS('',3,(#10378,#10379,#10380,#10381,#10382),
 .UNSPECIFIED.,.F.,.F.,(4,1,4),(0.,0.0456919335988426,0.0781474012568054),
 .UNSPECIFIED.);
#228=B_SPLINE_CURVE_WITH_KNOTS('',3,(#10384,#10385,#10386,#10387,#10388),
 .UNSPECIFIED.,.F.,.F.,(4,1,4),(-0.0781474012568054,-0.0456919335988426,
0.),.UNSPECIFIED.);
#229=B_SPLINE_CURVE_WITH_KNOTS('',3,(#10401,#10402,#10403,#10404,#10405),
 .UNSPECIFIED.,.F.,.F.,(4,1,4),(0.,0.00722422194647161,0.0112236609499088),
 .UNSPECIFIED.);
#230=B_SPLINE_CURVE_WITH_KNOTS('',3,(#10407,#10408,#10409,#10410,#10411),
 .UNSPECIFIED.,.F.,.F.,(4,1,4),(-0.0112236609499088,-0.00722422194647161,
0.),.UNSPECIFIED.);
#231=B_SPLINE_CURVE_WITH_KNOTS('',3,(#10424,#10425,#10426,#10427,#10428),
 .UNSPECIFIED.,.F.,.F.,(4,1,4),(0.,0.0225883802088248,0.039828702414895),
 .UNSPECIFIED.);
#232=B_SPLINE_CURVE_WITH_KNOTS('',3,(#10430,#10431,#10432,#10433,#10434),
 .UNSPECIFIED.,.F.,.F.,(4,1,4),(-0.039828702414895,-0.0225883802088248,
0.),.UNSPECIFIED.);
#233=B_SPLINE_CURVE_WITH_KNOTS('',3,(#10447,#10448,#10449,#10450,#10451),
 .UNSPECIFIED.,.F.,.F.,(4,1,4),(0.,0.0232038079866964,0.0519061761785702),
 .UNSPECIFIED.);
#234=B_SPLINE_CURVE_WITH_KNOTS('',3,(#10453,#10454,#10455,#10456,#10457),
 .UNSPECIFIED.,.F.,.F.,(4,1,4),(-0.0519061761785702,-0.0232038079866964,
0.),.UNSPECIFIED.);
#235=B_SPLINE_CURVE_WITH_KNOTS('',3,(#10470,#10471,#10472,#10473,#10474),
 .UNSPECIFIED.,.F.,.F.,(4,1,4),(0.,0.0264848502989777,0.0465481384387788),
 .UNSPECIFIED.);
#236=B_SPLINE_CURVE_WITH_KNOTS('',3,(#10476,#10477,#10478,#10479,#10480),
 .UNSPECIFIED.,.F.,.F.,(4,1,4),(-0.0465481384387788,-0.0264848502989777,
0.),.UNSPECIFIED.);
#237=B_SPLINE_CURVE_WITH_KNOTS('',3,(#10493,#10494,#10495,#10496,#10497),
 .UNSPECIFIED.,.F.,.F.,(4,1,4),(0.,0.019347247113932,0.0438715638428324),
 .UNSPECIFIED.);
#238=B_SPLINE_CURVE_WITH_KNOTS('',3,(#10499,#10500,#10501,#10502,#10503),
 .UNSPECIFIED.,.F.,.F.,(4,1,4),(-0.0438715638428324,-0.019347247113932,
0.),.UNSPECIFIED.);
#239=B_SPLINE_CURVE_WITH_KNOTS('',3,(#10522,#10523,#10524,#10525,#10526),
 .UNSPECIFIED.,.F.,.F.,(4,1,4),(0.,0.025532990812369,0.0477923301374748),
 .UNSPECIFIED.);
#240=B_SPLINE_CURVE_WITH_KNOTS('',3,(#10528,#10529,#10530,#10531,#10532),
 .UNSPECIFIED.,.F.,.F.,(4,1,4),(-0.0477923301374748,-0.025532990812369,
0.),.UNSPECIFIED.);
#241=B_SPLINE_CURVE_WITH_KNOTS('',3,(#10545,#10546,#10547,#10548,#10549),
 .UNSPECIFIED.,.F.,.F.,(4,1,4),(0.,0.0217568765322871,0.0462073369813622),
 .UNSPECIFIED.);
#242=B_SPLINE_CURVE_WITH_KNOTS('',3,(#10551,#10552,#10553,#10554,#10555),
 .UNSPECIFIED.,.F.,.F.,(4,1,4),(-0.0462073369813622,-0.0217568765322871,
0.),.UNSPECIFIED.);
#243=B_SPLINE_CURVE_WITH_KNOTS('',3,(#10568,#10569,#10570,#10571,#10572),
 .UNSPECIFIED.,.F.,.F.,(4,1,4),(0.,0.0276276029409195,0.058447336748427),
 .UNSPECIFIED.);
#244=B_SPLINE_CURVE_WITH_KNOTS('',3,(#10574,#10575,#10576,#10577,#10578),
 .UNSPECIFIED.,.F.,.F.,(4,1,4),(-0.058447336748427,-0.0276276029409195,
0.),.UNSPECIFIED.);
#245=B_SPLINE_CURVE_WITH_KNOTS('',3,(#10591,#10592,#10593,#10594,#10595),
 .UNSPECIFIED.,.F.,.F.,(4,1,4),(0.,0.0294871817725717,0.0535175566083459),
 .UNSPECIFIED.);
#246=B_SPLINE_CURVE_WITH_KNOTS('',3,(#10597,#10598,#10599,#10600,#10601),
 .UNSPECIFIED.,.F.,.F.,(4,1,4),(-0.0535175566083459,-0.0294871817725717,
0.),.UNSPECIFIED.);
#247=B_SPLINE_CURVE_WITH_KNOTS('',3,(#10614,#10615,#10616,#10617,#10618),
 .UNSPECIFIED.,.F.,.F.,(4,1,4),(0.,0.0196063075321259,0.0357911860422375),
 .UNSPECIFIED.);
#248=B_SPLINE_CURVE_WITH_KNOTS('',3,(#10620,#10621,#10622,#10623,#10624),
 .UNSPECIFIED.,.F.,.F.,(4,1,4),(-0.0357911860422375,-0.0196063075321259,
0.),.UNSPECIFIED.);
#249=B_SPLINE_CURVE_WITH_KNOTS('',3,(#10637,#10638,#10639,#10640,#10641),
 .UNSPECIFIED.,.F.,.F.,(4,1,4),(0.,0.0154120492193108,0.0323900683203476),
 .UNSPECIFIED.);
#250=B_SPLINE_CURVE_WITH_KNOTS('',3,(#10643,#10644,#10645,#10646,#10647),
 .UNSPECIFIED.,.F.,.F.,(4,1,4),(-0.0323900683203476,-0.0154120492193108,
0.),.UNSPECIFIED.);
#251=B_SPLINE_CURVE_WITH_KNOTS('',3,(#10660,#10661,#10662,#10663,#10664),
 .UNSPECIFIED.,.F.,.F.,(4,1,4),(0.,0.0154830929668382,0.0397216716934504),
 .UNSPECIFIED.);
#252=B_SPLINE_CURVE_WITH_KNOTS('',3,(#10666,#10667,#10668,#10669,#10670),
 .UNSPECIFIED.,.F.,.F.,(4,1,4),(-0.0397216716934504,-0.0154830929668382,
0.),.UNSPECIFIED.);
#253=B_SPLINE_CURVE_WITH_KNOTS('',3,(#10689,#10690,#10691,#10692,#10693),
 .UNSPECIFIED.,.F.,.F.,(4,1,4),(0.,0.0489176971589747,0.0758850328006655),
 .UNSPECIFIED.);
#254=B_SPLINE_CURVE_WITH_KNOTS('',3,(#10695,#10696,#10697,#10698,#10699),
 .UNSPECIFIED.,.F.,.F.,(4,1,4),(-0.0758850328006655,-0.0489176971589747,
0.),.UNSPECIFIED.);
#255=B_SPLINE_CURVE_WITH_KNOTS('',3,(#10712,#10713,#10714,#10715,#10716),
 .UNSPECIFIED.,.F.,.F.,(4,1,4),(0.,0.0160768860196621,0.0324370539573113),
 .UNSPECIFIED.);
#256=B_SPLINE_CURVE_WITH_KNOTS('',3,(#10718,#10719,#10720,#10721,#10722),
 .UNSPECIFIED.,.F.,.F.,(4,1,4),(-0.0324370539573113,-0.0160768860196621,
0.),.UNSPECIFIED.);
#257=B_SPLINE_CURVE_WITH_KNOTS('',3,(#10740,#10741,#10742,#10743,#10744),
 .UNSPECIFIED.,.F.,.F.,(4,1,4),(0.,0.0155083980528449,0.0325649941670404),
 .UNSPECIFIED.);
#258=B_SPLINE_CURVE_WITH_KNOTS('',3,(#10745,#10746,#10747,#10748,#10749),
 .UNSPECIFIED.,.F.,.F.,(4,1,4),(-0.0325649941670404,-0.0155083980528449,
0.),.UNSPECIFIED.);
#259=B_SPLINE_CURVE_WITH_KNOTS('',3,(#10784,#10785,#10786,#10787,#10788),
 .UNSPECIFIED.,.F.,.F.,(4,1,4),(0.,0.0420846017124885,0.0817156870867635),
 .UNSPECIFIED.);
#260=B_SPLINE_CURVE_WITH_KNOTS('',3,(#10790,#10791,#10792,#10793,#10794),
 .UNSPECIFIED.,.F.,.F.,(4,1,4),(-0.0817156870867635,-0.0420846017124885,
0.),.UNSPECIFIED.);
#261=B_SPLINE_CURVE_WITH_KNOTS('',3,(#10807,#10808,#10809,#10810,#10811),
 .UNSPECIFIED.,.F.,.F.,(4,1,4),(0.,0.0381810909459315,0.0760585858456084),
 .UNSPECIFIED.);
#262=B_SPLINE_CURVE_WITH_KNOTS('',3,(#10813,#10814,#10815,#10816,#10817),
 .UNSPECIFIED.,.F.,.F.,(4,1,4),(-0.0760585858456084,-0.0381810909459315,
0.),.UNSPECIFIED.);
#263=B_SPLINE_CURVE_WITH_KNOTS('',3,(#10830,#10831,#10832,#10833,#10834),
 .UNSPECIFIED.,.F.,.F.,(4,1,4),(0.,0.0495199950061067,0.0969987296328902),
 .UNSPECIFIED.);
#264=B_SPLINE_CURVE_WITH_KNOTS('',3,(#10836,#10837,#10838,#10839,#10840),
 .UNSPECIFIED.,.F.,.F.,(4,1,4),(-0.0969987296328902,-0.0495199950061067,
0.),.UNSPECIFIED.);
#265=B_SPLINE_CURVE_WITH_KNOTS('',3,(#10853,#10854,#10855,#10856,#10857),
 .UNSPECIFIED.,.F.,.F.,(4,1,4),(0.,0.0457889916780074,0.0912708290927036),
 .UNSPECIFIED.);
#266=B_SPLINE_CURVE_WITH_KNOTS('',3,(#10859,#10860,#10861,#10862,#10863),
 .UNSPECIFIED.,.F.,.F.,(4,1,4),(-0.0912708290927036,-0.0457889916780074,
0.),.UNSPECIFIED.);
#267=B_SPLINE_CURVE_WITH_KNOTS('',3,(#10876,#10877,#10878,#10879,#10880),
 .UNSPECIFIED.,.F.,.F.,(4,1,4),(0.,0.0470719798859585,0.0964865605752474),
 .UNSPECIFIED.);
#268=B_SPLINE_CURVE_WITH_KNOTS('',3,(#10882,#10883,#10884,#10885,#10886),
 .UNSPECIFIED.,.F.,.F.,(4,1,4),(-0.0964865605752474,-0.0470719798859585,
0.),.UNSPECIFIED.);
#269=B_SPLINE_CURVE_WITH_KNOTS('',3,(#10899,#10900,#10901,#10902,#10903),
 .UNSPECIFIED.,.F.,.F.,(4,1,4),(0.,0.0496784154849362,0.0983789893117145),
 .UNSPECIFIED.);
#270=B_SPLINE_CURVE_WITH_KNOTS('',3,(#10905,#10906,#10907,#10908,#10909),
 .UNSPECIFIED.,.F.,.F.,(4,1,4),(-0.0983789893117145,-0.0496784154849362,
0.),.UNSPECIFIED.);
#271=B_SPLINE_CURVE_WITH_KNOTS('',3,(#10922,#10923,#10924,#10925,#10926),
 .UNSPECIFIED.,.F.,.F.,(4,1,4),(0.,0.046558847527975,0.091212847785499),
 .UNSPECIFIED.);
#272=B_SPLINE_CURVE_WITH_KNOTS('',3,(#10928,#10929,#10930,#10931,#10932),
 .UNSPECIFIED.,.F.,.F.,(4,1,4),(-0.091212847785499,-0.046558847527975,0.),
 .UNSPECIFIED.);
#273=B_SPLINE_CURVE_WITH_KNOTS('',3,(#10945,#10946,#10947,#10948,#10949),
 .UNSPECIFIED.,.F.,.F.,(4,1,4),(0.,0.046064063949655,0.0955972676657156),
 .UNSPECIFIED.);
#274=B_SPLINE_CURVE_WITH_KNOTS('',3,(#10951,#10952,#10953,#10954,#10955),
 .UNSPECIFIED.,.F.,.F.,(4,1,4),(-0.0955972676657156,-0.046064063949655,
0.),.UNSPECIFIED.);
#275=B_SPLINE_CURVE_WITH_KNOTS('',3,(#10968,#10969,#10970,#10971,#10972),
 .UNSPECIFIED.,.F.,.F.,(4,1,4),(0.,0.0362705098270497,0.0700526093883699),
 .UNSPECIFIED.);
#276=B_SPLINE_CURVE_WITH_KNOTS('',3,(#10974,#10975,#10976,#10977,#10978),
 .UNSPECIFIED.,.F.,.F.,(4,1,4),(-0.0700526093883699,-0.0362705098270497,
0.),.UNSPECIFIED.);
#277=B_SPLINE_CURVE_WITH_KNOTS('',3,(#10991,#10992,#10993,#10994,#10995),
 .UNSPECIFIED.,.F.,.F.,(4,1,4),(0.,0.0310703909758529,0.0595709809318233),
 .UNSPECIFIED.);
#278=B_SPLINE_CURVE_WITH_KNOTS('',3,(#10997,#10998,#10999,#11000,#11001),
 .UNSPECIFIED.,.F.,.F.,(4,1,4),(-0.0595709809318233,-0.0310703909758529,
0.),.UNSPECIFIED.);
#279=B_SPLINE_CURVE_WITH_KNOTS('',3,(#11014,#11015,#11016,#11017,#11018),
 .UNSPECIFIED.,.F.,.F.,(4,1,4),(0.,0.0295928026776451,0.0634756774601278),
 .UNSPECIFIED.);
#280=B_SPLINE_CURVE_WITH_KNOTS('',3,(#11020,#11021,#11022,#11023,#11024),
 .UNSPECIFIED.,.F.,.F.,(4,1,4),(-0.0634756774601278,-0.0295928026776451,
0.),.UNSPECIFIED.);
#281=B_SPLINE_CURVE_WITH_KNOTS('',3,(#11043,#11044,#11045,#11046,#11047),
 .UNSPECIFIED.,.F.,.F.,(4,1,4),(0.,0.0254563150204552,0.046543030019154),
 .UNSPECIFIED.);
#282=B_SPLINE_CURVE_WITH_KNOTS('',3,(#11049,#11050,#11051,#11052,#11053),
 .UNSPECIFIED.,.F.,.F.,(4,1,4),(-0.046543030019154,-0.0254563150204552,
0.),.UNSPECIFIED.);
#283=B_SPLINE_CURVE_WITH_KNOTS('',3,(#11066,#11067,#11068,#11069,#11070),
 .UNSPECIFIED.,.F.,.F.,(4,1,4),(0.,0.0197753486152828,0.0417787339211573),
 .UNSPECIFIED.);
#284=B_SPLINE_CURVE_WITH_KNOTS('',3,(#11072,#11073,#11074,#11075,#11076),
 .UNSPECIFIED.,.F.,.F.,(4,1,4),(-0.0417787339211573,-0.0197753486152828,
0.),.UNSPECIFIED.);
#285=B_SPLINE_CURVE_WITH_KNOTS('',3,(#11089,#11090,#11091,#11092,#11093),
 .UNSPECIFIED.,.F.,.F.,(4,1,4),(0.,0.023933805541194,0.0493449202634784),
 .UNSPECIFIED.);
#286=B_SPLINE_CURVE_WITH_KNOTS('',3,(#11095,#11096,#11097,#11098,#11099),
 .UNSPECIFIED.,.F.,.F.,(4,1,4),(-0.0493449202634784,-0.023933805541194,
0.),.UNSPECIFIED.);
#287=B_SPLINE_CURVE_WITH_KNOTS('',3,(#11112,#11113,#11114,#11115,#11116),
 .UNSPECIFIED.,.F.,.F.,(4,1,4),(0.,0.0297029039903485,0.0560284369905069),
 .UNSPECIFIED.);
#288=B_SPLINE_CURVE_WITH_KNOTS('',3,(#11118,#11119,#11120,#11121,#11122),
 .UNSPECIFIED.,.F.,.F.,(4,1,4),(-0.0560284369905069,-0.0297029039903485,
0.),.UNSPECIFIED.);
#289=B_SPLINE_CURVE_WITH_KNOTS('',3,(#11135,#11136,#11137,#11138,#11139),
 .UNSPECIFIED.,.F.,.F.,(4,1,4),(0.,0.0237252655013154,0.0454745466887099),
 .UNSPECIFIED.);
#290=B_SPLINE_CURVE_WITH_KNOTS('',3,(#11141,#11142,#11143,#11144,#11145),
 .UNSPECIFIED.,.F.,.F.,(4,1,4),(-0.0454745466887099,-0.0237252655013154,
0.),.UNSPECIFIED.);
#291=B_SPLINE_CURVE_WITH_KNOTS('',3,(#11158,#11159,#11160,#11161,#11162),
 .UNSPECIFIED.,.F.,.F.,(4,1,4),(0.,0.0208013856027009,0.041211205845659),
 .UNSPECIFIED.);
#292=B_SPLINE_CURVE_WITH_KNOTS('',3,(#11164,#11165,#11166,#11167,#11168),
 .UNSPECIFIED.,.F.,.F.,(4,1,4),(-0.041211205845659,-0.0208013856027009,
0.),.UNSPECIFIED.);
#293=B_SPLINE_CURVE_WITH_KNOTS('',3,(#11181,#11182,#11183,#11184,#11185),
 .UNSPECIFIED.,.F.,.F.,(4,1,4),(0.,0.0352963987067399,0.0720364056411837),
 .UNSPECIFIED.);
#294=B_SPLINE_CURVE_WITH_KNOTS('',3,(#11187,#11188,#11189,#11190,#11191),
 .UNSPECIFIED.,.F.,.F.,(4,1,4),(-0.0720364056411837,-0.0352963987067399,
0.),.UNSPECIFIED.);
#295=B_SPLINE_CURVE_WITH_KNOTS('',3,(#11204,#11205,#11206,#11207,#11208),
 .UNSPECIFIED.,.F.,.F.,(4,1,4),(0.,0.0431625554938607,0.08050676617317),
 .UNSPECIFIED.);
#296=B_SPLINE_CURVE_WITH_KNOTS('',3,(#11210,#11211,#11212,#11213,#11214),
 .UNSPECIFIED.,.F.,.F.,(4,1,4),(-0.08050676617317,-0.0431625554938607,0.),
 .UNSPECIFIED.);
#297=B_SPLINE_CURVE_WITH_KNOTS('',3,(#11227,#11228,#11229,#11230,#11231),
 .UNSPECIFIED.,.F.,.F.,(4,1,4),(0.,0.03384224150892,0.0671568816700661),
 .UNSPECIFIED.);
#298=B_SPLINE_CURVE_WITH_KNOTS('',3,(#11233,#11234,#11235,#11236,#11237),
 .UNSPECIFIED.,.F.,.F.,(4,1,4),(-0.0671568816700661,-0.03384224150892,0.),
 .UNSPECIFIED.);
#299=B_SPLINE_CURVE_WITH_KNOTS('',3,(#11250,#11251,#11252,#11253,#11254),
 .UNSPECIFIED.,.F.,.F.,(4,1,4),(0.,0.0337577349250696,0.067636805053772),
 .UNSPECIFIED.);
#300=B_SPLINE_CURVE_WITH_KNOTS('',3,(#11256,#11257,#11258,#11259,#11260),
 .UNSPECIFIED.,.F.,.F.,(4,1,4),(-0.067636805053772,-0.0337577349250696,
0.),.UNSPECIFIED.);
#301=B_SPLINE_CURVE_WITH_KNOTS('',3,(#11273,#11274,#11275,#11276,#11277),
 .UNSPECIFIED.,.F.,.F.,(4,1,4),(0.,0.0298643950275399,0.0601439093537521),
 .UNSPECIFIED.);
#302=B_SPLINE_CURVE_WITH_KNOTS('',3,(#11279,#11280,#11281,#11282,#11283),
 .UNSPECIFIED.,.F.,.F.,(4,1,4),(-0.0601439093537521,-0.0298643950275399,
0.),.UNSPECIFIED.);
#303=B_SPLINE_CURVE_WITH_KNOTS('',3,(#11296,#11297,#11298,#11299,#11300),
 .UNSPECIFIED.,.F.,.F.,(4,1,4),(0.,0.027885952964748,0.0501561048907513),
 .UNSPECIFIED.);
#304=B_SPLINE_CURVE_WITH_KNOTS('',3,(#11302,#11303,#11304,#11305,#11306),
 .UNSPECIFIED.,.F.,.F.,(4,1,4),(-0.0501561048907513,-0.027885952964748,
0.),.UNSPECIFIED.);
#305=B_SPLINE_CURVE_WITH_KNOTS('',3,(#11331,#11332,#11333,#11334,#11335),
 .UNSPECIFIED.,.F.,.F.,(4,1,4),(0.,0.0428647348265933,0.0768184613144909),
 .UNSPECIFIED.);
#306=B_SPLINE_CURVE_WITH_KNOTS('',3,(#11339,#11340,#11341,#11342,#11343),
 .UNSPECIFIED.,.F.,.F.,(4,1,4),(-0.0768184613144909,-0.0428647348265933,
0.),.UNSPECIFIED.);
#307=B_SPLINE_CURVE_WITH_KNOTS('',3,(#11356,#11357,#11358,#11359,#11360),
 .UNSPECIFIED.,.F.,.F.,(4,1,4),(0.,0.0287756154544682,0.0555460584325544),
 .UNSPECIFIED.);
#308=B_SPLINE_CURVE_WITH_KNOTS('',3,(#11362,#11363,#11364,#11365,#11366),
 .UNSPECIFIED.,.F.,.F.,(4,1,4),(-0.0555460584325544,-0.0287756154544682,
0.),.UNSPECIFIED.);
#309=B_SPLINE_CURVE_WITH_KNOTS('',3,(#11379,#11380,#11381,#11382,#11383),
 .UNSPECIFIED.,.F.,.F.,(4,1,4),(0.,0.0266820281640797,0.0545114419682109),
 .UNSPECIFIED.);
#310=B_SPLINE_CURVE_WITH_KNOTS('',3,(#11385,#11386,#11387,#11388,#11389),
 .UNSPECIFIED.,.F.,.F.,(4,1,4),(-0.0545114419682109,-0.0266820281640797,
0.),.UNSPECIFIED.);
#311=B_SPLINE_CURVE_WITH_KNOTS('',3,(#11402,#11403,#11404,#11405,#11406),
 .UNSPECIFIED.,.F.,.F.,(4,1,4),(0.,0.0326322590031001,0.0741386477903759),
 .UNSPECIFIED.);
#312=B_SPLINE_CURVE_WITH_KNOTS('',3,(#11408,#11409,#11410,#11411,#11412),
 .UNSPECIFIED.,.F.,.F.,(4,1,4),(-0.0741386477903759,-0.0326322590031001,
0.),.UNSPECIFIED.);
#313=B_SPLINE_CURVE_WITH_KNOTS('',3,(#11425,#11426,#11427,#11428,#11429),
 .UNSPECIFIED.,.F.,.F.,(4,1,4),(0.,0.0454004902438285,0.0801048013383059),
 .UNSPECIFIED.);
#314=B_SPLINE_CURVE_WITH_KNOTS('',3,(#11431,#11432,#11433,#11434,#11435),
 .UNSPECIFIED.,.F.,.F.,(4,1,4),(-0.0801048013383059,-0.0454004902438285,
0.),.UNSPECIFIED.);
#315=B_SPLINE_CURVE_WITH_KNOTS('',3,(#11448,#11449,#11450,#11451,#11452),
 .UNSPECIFIED.,.F.,.F.,(4,1,4),(0.,0.0288883899078144,0.0566031835306047),
 .UNSPECIFIED.);
#316=B_SPLINE_CURVE_WITH_KNOTS('',3,(#11454,#11455,#11456,#11457,#11458),
 .UNSPECIFIED.,.F.,.F.,(4,1,4),(-0.0566031835306047,-0.0288883899078144,
0.),.UNSPECIFIED.);
#317=B_SPLINE_CURVE_WITH_KNOTS('',3,(#11471,#11472,#11473,#11474,#11475),
 .UNSPECIFIED.,.F.,.F.,(4,1,4),(0.,0.0269346406166681,0.0547460829471267),
 .UNSPECIFIED.);
#318=B_SPLINE_CURVE_WITH_KNOTS('',3,(#11477,#11478,#11479,#11480,#11481),
 .UNSPECIFIED.,.F.,.F.,(4,1,4),(-0.0547460829471267,-0.0269346406166681,
0.),.UNSPECIFIED.);
#319=B_SPLINE_CURVE_WITH_KNOTS('',3,(#11493,#11494,#11495,#11496,#11497),
 .UNSPECIFIED.,.F.,.F.,(4,1,4),(0.,0.0334107899632762,0.0773051482407785),
 .UNSPECIFIED.);
#320=B_SPLINE_CURVE_WITH_KNOTS('',3,(#11498,#11499,#11500,#11501,#11502),
 .UNSPECIFIED.,.F.,.F.,(4,1,4),(-0.0773051482407785,-0.0334107899632762,
0.),.UNSPECIFIED.);
#321=B_SPLINE_CURVE_WITH_KNOTS('',3,(#11523,#11524,#11525,#11526,#11527),
 .UNSPECIFIED.,.F.,.F.,(4,1,4),(0.,0.041078532411905,0.0832699396966962),
 .UNSPECIFIED.);
#322=B_SPLINE_CURVE_WITH_KNOTS('',3,(#11529,#11530,#11531,#11532,#11533),
 .UNSPECIFIED.,.F.,.F.,(4,1,4),(-0.0832699396966962,-0.041078532411905,
0.),.UNSPECIFIED.);
#323=B_SPLINE_CURVE_WITH_KNOTS('',3,(#11546,#11547,#11548,#11549,#11550),
 .UNSPECIFIED.,.F.,.F.,(4,1,4),(0.,0.0293952765198784,0.058845627079818),
 .UNSPECIFIED.);
#324=B_SPLINE_CURVE_WITH_KNOTS('',3,(#11552,#11553,#11554,#11555,#11556),
 .UNSPECIFIED.,.F.,.F.,(4,1,4),(-0.058845627079818,-0.0293952765198784,
0.),.UNSPECIFIED.);
#325=B_SPLINE_CURVE_WITH_KNOTS('',3,(#11569,#11570,#11571,#11572,#11573),
 .UNSPECIFIED.,.F.,.F.,(4,1,4),(0.,0.030166458475589,0.0616864448854534),
 .UNSPECIFIED.);
#326=B_SPLINE_CURVE_WITH_KNOTS('',3,(#11575,#11576,#11577,#11578,#11579),
 .UNSPECIFIED.,.F.,.F.,(4,1,4),(-0.0616864448854534,-0.030166458475589,
0.),.UNSPECIFIED.);
#327=B_SPLINE_CURVE_WITH_KNOTS('',3,(#11592,#11593,#11594,#11595,#11596),
 .UNSPECIFIED.,.F.,.F.,(4,1,4),(0.,0.0338616103312324,0.0707046772742099),
 .UNSPECIFIED.);
#328=B_SPLINE_CURVE_WITH_KNOTS('',3,(#11598,#11599,#11600,#11601,#11602),
 .UNSPECIFIED.,.F.,.F.,(4,1,4),(-0.0707046772742099,-0.0338616103312324,
0.),.UNSPECIFIED.);
#329=B_SPLINE_CURVE_WITH_KNOTS('',3,(#11615,#11616,#11617,#11618,#11619),
 .UNSPECIFIED.,.F.,.F.,(4,1,4),(0.,0.0363375924025485,0.0703659688825848),
 .UNSPECIFIED.);
#330=B_SPLINE_CURVE_WITH_KNOTS('',3,(#11621,#11622,#11623,#11624,#11625),
 .UNSPECIFIED.,.F.,.F.,(4,1,4),(-0.0703659688825848,-0.0363375924025485,
0.),.UNSPECIFIED.);
#331=B_SPLINE_CURVE_WITH_KNOTS('',3,(#11638,#11639,#11640,#11641,#11642),
 .UNSPECIFIED.,.F.,.F.,(4,1,4),(0.,0.0315564441092484,0.0614516591868177),
 .UNSPECIFIED.);
#332=B_SPLINE_CURVE_WITH_KNOTS('',3,(#11644,#11645,#11646,#11647,#11648),
 .UNSPECIFIED.,.F.,.F.,(4,1,4),(-0.0614516591868177,-0.0315564441092484,
0.),.UNSPECIFIED.);
#333=B_SPLINE_CURVE_WITH_KNOTS('',3,(#11661,#11662,#11663,#11664,#11665),
 .UNSPECIFIED.,.F.,.F.,(4,1,4),(0.,0.0295100907286432,0.0595767250953158),
 .UNSPECIFIED.);
#334=B_SPLINE_CURVE_WITH_KNOTS('',3,(#11667,#11668,#11669,#11670,#11671),
 .UNSPECIFIED.,.F.,.F.,(4,1,4),(-0.0595767250953158,-0.0295100907286432,
0.),.UNSPECIFIED.);
#335=B_SPLINE_CURVE_WITH_KNOTS('',3,(#11684,#11685,#11686,#11687,#11688),
 .UNSPECIFIED.,.F.,.F.,(4,1,4),(0.,0.0218004859031482,0.0422863074222004),
 .UNSPECIFIED.);
#336=B_SPLINE_CURVE_WITH_KNOTS('',3,(#11690,#11691,#11692,#11693,#11694),
 .UNSPECIFIED.,.F.,.F.,(4,1,4),(-0.0422863074222004,-0.0218004859031482,
0.),.UNSPECIFIED.);
#337=B_SPLINE_CURVE_WITH_KNOTS('',3,(#11707,#11708,#11709,#11710,#11711),
 .UNSPECIFIED.,.F.,.F.,(4,1,4),(0.,0.0196843660228548,0.0387576386749545),
 .UNSPECIFIED.);
#338=B_SPLINE_CURVE_WITH_KNOTS('',3,(#11713,#11714,#11715,#11716,#11717),
 .UNSPECIFIED.,.F.,.F.,(4,1,4),(-0.0387576386749545,-0.0196843660228548,
0.),.UNSPECIFIED.);
#339=B_SPLINE_CURVE_WITH_KNOTS('',3,(#11754,#11755,#11756,#11757,#11758),
 .UNSPECIFIED.,.F.,.F.,(4,1,4),(0.,0.0305511956649805,0.0721594806446877),
 .UNSPECIFIED.);
#340=B_SPLINE_CURVE_WITH_KNOTS('',3,(#11762,#11763,#11764,#11765,#11766),
 .UNSPECIFIED.,.F.,.F.,(4,1,4),(-0.0721594806446877,-0.0305511956649805,
0.),.UNSPECIFIED.);
#341=B_SPLINE_CURVE_WITH_KNOTS('',3,(#11779,#11780,#11781,#11782,#11783),
 .UNSPECIFIED.,.F.,.F.,(4,1,4),(0.,0.0229823077679121,0.0385209973466018),
 .UNSPECIFIED.);
#342=B_SPLINE_CURVE_WITH_KNOTS('',3,(#11785,#11786,#11787,#11788,#11789),
 .UNSPECIFIED.,.F.,.F.,(4,1,4),(-0.0385209973466018,-0.0229823077679121,
0.),.UNSPECIFIED.);
#343=B_SPLINE_CURVE_WITH_KNOTS('',3,(#11802,#11803,#11804,#11805,#11806),
 .UNSPECIFIED.,.F.,.F.,(4,1,4),(0.,0.0113672316834332,0.0222100078762052),
 .UNSPECIFIED.);
#344=B_SPLINE_CURVE_WITH_KNOTS('',3,(#11808,#11809,#11810,#11811,#11812),
 .UNSPECIFIED.,.F.,.F.,(4,1,4),(-0.0222100078762052,-0.0113672316834332,
0.),.UNSPECIFIED.);
#345=B_SPLINE_CURVE_WITH_KNOTS('',3,(#11825,#11826,#11827,#11828,#11829),
 .UNSPECIFIED.,.F.,.F.,(4,1,4),(0.,0.0106821887792491,0.0214992968262367),
 .UNSPECIFIED.);
#346=B_SPLINE_CURVE_WITH_KNOTS('',3,(#11831,#11832,#11833,#11834,#11835),
 .UNSPECIFIED.,.F.,.F.,(4,1,4),(-0.0214992968262367,-0.0106821887792491,
0.),.UNSPECIFIED.);
#347=B_SPLINE_CURVE_WITH_KNOTS('',3,(#11848,#11849,#11850,#11851,#11852),
 .UNSPECIFIED.,.F.,.F.,(4,1,4),(0.,0.0160894029887408,0.0322585671379858),
 .UNSPECIFIED.);
#348=B_SPLINE_CURVE_WITH_KNOTS('',3,(#11854,#11855,#11856,#11857,#11858),
 .UNSPECIFIED.,.F.,.F.,(4,1,4),(-0.0322585671379858,-0.0160894029887408,
0.),.UNSPECIFIED.);
#349=B_SPLINE_CURVE_WITH_KNOTS('',3,(#11871,#11872,#11873,#11874,#11875),
 .UNSPECIFIED.,.F.,.F.,(4,1,4),(0.,0.0181850612422314,0.0404244464538299),
 .UNSPECIFIED.);
#350=B_SPLINE_CURVE_WITH_KNOTS('',3,(#11877,#11878,#11879,#11880,#11881),
 .UNSPECIFIED.,.F.,.F.,(4,1,4),(-0.0404244464538299,-0.0181850612422314,
0.),.UNSPECIFIED.);
#351=B_SPLINE_CURVE_WITH_KNOTS('',3,(#11894,#11895,#11896,#11897,#11898),
 .UNSPECIFIED.,.F.,.F.,(4,1,4),(0.,0.023613345752994,0.0458692873193135),
 .UNSPECIFIED.);
#352=B_SPLINE_CURVE_WITH_KNOTS('',3,(#11900,#11901,#11902,#11903,#11904),
 .UNSPECIFIED.,.F.,.F.,(4,1,4),(-0.0458692873193135,-0.023613345752994,
0.),.UNSPECIFIED.);
#353=B_SPLINE_CURVE_WITH_KNOTS('',3,(#11917,#11918,#11919,#11920,#11921),
 .UNSPECIFIED.,.F.,.F.,(4,1,4),(0.,0.0211361179640207,0.0416242899441331),
 .UNSPECIFIED.);
#354=B_SPLINE_CURVE_WITH_KNOTS('',3,(#11923,#11924,#11925,#11926,#11927),
 .UNSPECIFIED.,.F.,.F.,(4,1,4),(-0.0416242899441331,-0.0211361179640207,
0.),.UNSPECIFIED.);
#355=B_SPLINE_CURVE_WITH_KNOTS('',3,(#11940,#11941,#11942,#11943,#11944),
 .UNSPECIFIED.,.F.,.F.,(4,1,4),(0.,0.0187582850370783,0.0437670928185231),
 .UNSPECIFIED.);
#356=B_SPLINE_CURVE_WITH_KNOTS('',3,(#11946,#11947,#11948,#11949,#11950),
 .UNSPECIFIED.,.F.,.F.,(4,1,4),(-0.0437670928185231,-0.0187582850370783,
0.),.UNSPECIFIED.);
#357=B_SPLINE_CURVE_WITH_KNOTS('',3,(#11967,#11968,#11969,#11970,#11971),
 .UNSPECIFIED.,.F.,.F.,(4,1,4),(0.,0.0291276436463233,0.0543521252243259),
 .UNSPECIFIED.);
#358=B_SPLINE_CURVE_WITH_KNOTS('',3,(#11975,#11976,#11977,#11978,#11979),
 .UNSPECIFIED.,.F.,.F.,(4,1,4),(-0.0543521252243259,-0.0291276436463233,
0.),.UNSPECIFIED.);
#359=B_SPLINE_CURVE_WITH_KNOTS('',3,(#11992,#11993,#11994,#11995,#11996),
 .UNSPECIFIED.,.F.,.F.,(4,1,4),(0.,0.0237321018120723,0.0483222120643407),
 .UNSPECIFIED.);
#360=B_SPLINE_CURVE_WITH_KNOTS('',3,(#11998,#11999,#12000,#12001,#12002),
 .UNSPECIFIED.,.F.,.F.,(4,1,4),(-0.0483222120643407,-0.0237321018120723,
0.),.UNSPECIFIED.);
#361=B_SPLINE_CURVE_WITH_KNOTS('',3,(#12015,#12016,#12017,#12018,#12019),
 .UNSPECIFIED.,.F.,.F.,(4,1,4),(0.,0.0372965354075062,0.068575805716877),
 .UNSPECIFIED.);
#362=B_SPLINE_CURVE_WITH_KNOTS('',3,(#12021,#12022,#12023,#12024,#12025),
 .UNSPECIFIED.,.F.,.F.,(4,1,4),(-0.068575805716877,-0.0372965354075062,
0.),.UNSPECIFIED.);
#363=B_SPLINE_CURVE_WITH_KNOTS('',3,(#12038,#12039,#12040,#12041,#12042),
 .UNSPECIFIED.,.F.,.F.,(4,1,4),(0.,0.0287012138209321,0.0581584153078336),
 .UNSPECIFIED.);
#364=B_SPLINE_CURVE_WITH_KNOTS('',3,(#12044,#12045,#12046,#12047,#12048),
 .UNSPECIFIED.,.F.,.F.,(4,1,4),(-0.0581584153078336,-0.0287012138209321,
0.),.UNSPECIFIED.);
#365=B_SPLINE_CURVE_WITH_KNOTS('',3,(#12061,#12062,#12063,#12064,#12065),
 .UNSPECIFIED.,.F.,.F.,(4,1,4),(0.,0.017941858295979,0.0353488278864144),
 .UNSPECIFIED.);
#366=B_SPLINE_CURVE_WITH_KNOTS('',3,(#12067,#12068,#12069,#12070,#12071),
 .UNSPECIFIED.,.F.,.F.,(4,1,4),(-0.0353488278864144,-0.017941858295979,
0.),.UNSPECIFIED.);
#367=B_SPLINE_CURVE_WITH_KNOTS('',3,(#12084,#12085,#12086,#12087,#12088),
 .UNSPECIFIED.,.F.,.F.,(4,1,4),(0.,0.0169819887923831,0.0334586606203844),
 .UNSPECIFIED.);
#368=B_SPLINE_CURVE_WITH_KNOTS('',3,(#12090,#12091,#12092,#12093,#12094),
 .UNSPECIFIED.,.F.,.F.,(4,1,4),(-0.0334586606203844,-0.0169819887923831,
0.),.UNSPECIFIED.);
#369=B_SPLINE_CURVE_WITH_KNOTS('',3,(#12107,#12108,#12109,#12110,#12111),
 .UNSPECIFIED.,.F.,.F.,(4,1,4),(0.,0.0167280626334652,0.0340887434505981),
 .UNSPECIFIED.);
#370=B_SPLINE_CURVE_WITH_KNOTS('',3,(#12113,#12114,#12115,#12116,#12117),
 .UNSPECIFIED.,.F.,.F.,(4,1,4),(-0.0340887434505981,-0.0167280626334652,
0.),.UNSPECIFIED.);
#371=B_SPLINE_CURVE_WITH_KNOTS('',3,(#12130,#12131,#12132,#12133,#12134),
 .UNSPECIFIED.,.F.,.F.,(4,1,4),(0.,0.0162123698379118,0.0387580483458685),
 .UNSPECIFIED.);
#372=B_SPLINE_CURVE_WITH_KNOTS('',3,(#12136,#12137,#12138,#12139,#12140),
 .UNSPECIFIED.,.F.,.F.,(4,1,4),(-0.0387580483458685,-0.0162123698379118,
0.),.UNSPECIFIED.);
#373=B_SPLINE_CURVE_WITH_KNOTS('',3,(#12153,#12154,#12155,#12156,#12157),
 .UNSPECIFIED.,.F.,.F.,(4,1,4),(0.,0.045691963068868,0.0781475173765554),
 .UNSPECIFIED.);
#374=B_SPLINE_CURVE_WITH_KNOTS('',3,(#12159,#12160,#12161,#12162,#12163),
 .UNSPECIFIED.,.F.,.F.,(4,1,4),(-0.0781475173765554,-0.045691963068868,
0.),.UNSPECIFIED.);
#375=B_SPLINE_CURVE_WITH_KNOTS('',3,(#12176,#12177,#12178,#12179,#12180),
 .UNSPECIFIED.,.F.,.F.,(4,1,4),(0.,0.00722421455627339,0.0112236544484577),
 .UNSPECIFIED.);
#376=B_SPLINE_CURVE_WITH_KNOTS('',3,(#12182,#12183,#12184,#12185,#12186),
 .UNSPECIFIED.,.F.,.F.,(4,1,4),(-0.0112236544484577,-0.00722421455627339,
0.),.UNSPECIFIED.);
#377=B_SPLINE_CURVE_WITH_KNOTS('',3,(#12199,#12200,#12201,#12202,#12203),
 .UNSPECIFIED.,.F.,.F.,(4,1,4),(0.,0.0225883601277222,0.0398286981195993),
 .UNSPECIFIED.);
#378=B_SPLINE_CURVE_WITH_KNOTS('',3,(#12205,#12206,#12207,#12208,#12209),
 .UNSPECIFIED.,.F.,.F.,(4,1,4),(-0.0398286981195993,-0.0225883601277222,
0.),.UNSPECIFIED.);
#379=B_SPLINE_CURVE_WITH_KNOTS('',3,(#12222,#12223,#12224,#12225,#12226),
 .UNSPECIFIED.,.F.,.F.,(4,1,4),(0.,0.0232038868688385,0.0519060481296282),
 .UNSPECIFIED.);
#380=B_SPLINE_CURVE_WITH_KNOTS('',3,(#12228,#12229,#12230,#12231,#12232),
 .UNSPECIFIED.,.F.,.F.,(4,1,4),(-0.0519060481296282,-0.0232038868688385,
0.),.UNSPECIFIED.);
#381=B_SPLINE_CURVE_WITH_KNOTS('',3,(#12245,#12246,#12247,#12248,#12249),
 .UNSPECIFIED.,.F.,.F.,(4,1,4),(0.,0.0264850133854252,0.0465483152008447),
 .UNSPECIFIED.);
#382=B_SPLINE_CURVE_WITH_KNOTS('',3,(#12251,#12252,#12253,#12254,#12255),
 .UNSPECIFIED.,.F.,.F.,(4,1,4),(-0.0465483152008447,-0.0264850133854252,
0.),.UNSPECIFIED.);
#383=B_SPLINE_CURVE_WITH_KNOTS('',3,(#12268,#12269,#12270,#12271,#12272),
 .UNSPECIFIED.,.F.,.F.,(4,1,4),(0.,0.019347247113932,0.0438715210488225),
 .UNSPECIFIED.);
#384=B_SPLINE_CURVE_WITH_KNOTS('',3,(#12274,#12275,#12276,#12277,#12278),
 .UNSPECIFIED.,.F.,.F.,(4,1,4),(-0.0438715210488225,-0.019347247113932,
0.),.UNSPECIFIED.);
#385=B_SPLINE_CURVE_WITH_KNOTS('',3,(#12297,#12298,#12299,#12300,#12301),
 .UNSPECIFIED.,.F.,.F.,(4,1,4),(0.,0.0255329465739297,0.0477922405887547),
 .UNSPECIFIED.);
#386=B_SPLINE_CURVE_WITH_KNOTS('',3,(#12303,#12304,#12305,#12306,#12307),
 .UNSPECIFIED.,.F.,.F.,(4,1,4),(-0.0477922405887547,-0.0255329465739297,
0.),.UNSPECIFIED.);
#387=B_SPLINE_CURVE_WITH_KNOTS('',3,(#12320,#12321,#12322,#12323,#12324),
 .UNSPECIFIED.,.F.,.F.,(4,1,4),(0.,0.0217569754991451,0.046207475997455),
 .UNSPECIFIED.);
#388=B_SPLINE_CURVE_WITH_KNOTS('',3,(#12326,#12327,#12328,#12329,#12330),
 .UNSPECIFIED.,.F.,.F.,(4,1,4),(-0.046207475997455,-0.0217569754991451,
0.),.UNSPECIFIED.);
#389=B_SPLINE_CURVE_WITH_KNOTS('',3,(#12343,#12344,#12345,#12346,#12347),
 .UNSPECIFIED.,.F.,.F.,(4,1,4),(0.,0.027627501760434,0.0584472801533849),
 .UNSPECIFIED.);
#390=B_SPLINE_CURVE_WITH_KNOTS('',3,(#12349,#12350,#12351,#12352,#12353),
 .UNSPECIFIED.,.F.,.F.,(4,1,4),(-0.0584472801533849,-0.027627501760434,
0.),.UNSPECIFIED.);
#391=B_SPLINE_CURVE_WITH_KNOTS('',3,(#12366,#12367,#12368,#12369,#12370),
 .UNSPECIFIED.,.F.,.F.,(4,1,4),(0.,0.029487211512314,0.0535176731762187),
 .UNSPECIFIED.);
#392=B_SPLINE_CURVE_WITH_KNOTS('',3,(#12372,#12373,#12374,#12375,#12376),
 .UNSPECIFIED.,.F.,.F.,(4,1,4),(-0.0535176731762187,-0.029487211512314,
0.),.UNSPECIFIED.);
#393=B_SPLINE_CURVE_WITH_KNOTS('',3,(#12389,#12390,#12391,#12392,#12393),
 .UNSPECIFIED.,.F.,.F.,(4,1,4),(0.,0.019606254004174,0.0357911775749774),
 .UNSPECIFIED.);
#394=B_SPLINE_CURVE_WITH_KNOTS('',3,(#12395,#12396,#12397,#12398,#12399),
 .UNSPECIFIED.,.F.,.F.,(4,1,4),(-0.0357911775749774,-0.019606254004174,
0.),.UNSPECIFIED.);
#395=B_SPLINE_CURVE_WITH_KNOTS('',3,(#12412,#12413,#12414,#12415,#12416),
 .UNSPECIFIED.,.F.,.F.,(4,1,4),(0.,0.0154120649158122,0.0323900379177994),
 .UNSPECIFIED.);
#396=B_SPLINE_CURVE_WITH_KNOTS('',3,(#12418,#12419,#12420,#12421,#12422),
 .UNSPECIFIED.,.F.,.F.,(4,1,4),(-0.0323900379177994,-0.0154120649158122,
0.),.UNSPECIFIED.);
#397=B_SPLINE_CURVE_WITH_KNOTS('',3,(#12435,#12436,#12437,#12438,#12439),
 .UNSPECIFIED.,.F.,.F.,(4,1,4),(0.,0.0154830774562123,0.0397216568432994),
 .UNSPECIFIED.);
#398=B_SPLINE_CURVE_WITH_KNOTS('',3,(#12441,#12442,#12443,#12444,#12445),
 .UNSPECIFIED.,.F.,.F.,(4,1,4),(-0.0397216568432994,-0.0154830774562123,
0.),.UNSPECIFIED.);
#399=B_SPLINE_CURVE_WITH_KNOTS('',3,(#12464,#12465,#12466,#12467,#12468),
 .UNSPECIFIED.,.F.,.F.,(4,1,4),(0.,0.0489176984133861,0.0758850363306619),
 .UNSPECIFIED.);
#400=B_SPLINE_CURVE_WITH_KNOTS('',3,(#12470,#12471,#12472,#12473,#12474),
 .UNSPECIFIED.,.F.,.F.,(4,1,4),(-0.0758850363306619,-0.0489176984133861,
0.),.UNSPECIFIED.);
#401=B_SPLINE_CURVE_WITH_KNOTS('',3,(#12487,#12488,#12489,#12490,#12491),
 .UNSPECIFIED.,.F.,.F.,(4,1,4),(0.,0.0160768632821007,0.0324370188792136),
 .UNSPECIFIED.);
#402=B_SPLINE_CURVE_WITH_KNOTS('',3,(#12493,#12494,#12495,#12496,#12497),
 .UNSPECIFIED.,.F.,.F.,(4,1,4),(-0.0324370188792136,-0.0160768632821007,
0.),.UNSPECIFIED.);
#403=B_SPLINE_CURVE_WITH_KNOTS('',3,(#12515,#12516,#12517,#12518,#12519),
 .UNSPECIFIED.,.F.,.F.,(4,1,4),(0.,0.0155083769484249,0.0325649839083669),
 .UNSPECIFIED.);
#404=B_SPLINE_CURVE_WITH_KNOTS('',3,(#12520,#12521,#12522,#12523,#12524),
 .UNSPECIFIED.,.F.,.F.,(4,1,4),(-0.0325649839083669,-0.0155083769484249,
0.),.UNSPECIFIED.);
#405=B_SPLINE_CURVE_WITH_KNOTS('',3,(#12539,#12540,#12541,#12542,#12543),
 .UNSPECIFIED.,.F.,.F.,(4,1,4),(0.,0.0305511671355979,0.0721594227882425),
 .UNSPECIFIED.);
#406=B_SPLINE_CURVE_WITH_KNOTS('',3,(#12547,#12548,#12549,#12550,#12551),
 .UNSPECIFIED.,.F.,.F.,(4,1,4),(-0.0721594227882425,-0.0305511671355979,
0.),.UNSPECIFIED.);
#407=B_SPLINE_CURVE_WITH_KNOTS('',3,(#12564,#12565,#12566,#12567,#12568),
 .UNSPECIFIED.,.F.,.F.,(4,1,4),(0.,0.0229823224348624,0.0385210547697942),
 .UNSPECIFIED.);
#408=B_SPLINE_CURVE_WITH_KNOTS('',3,(#12570,#12571,#12572,#12573,#12574),
 .UNSPECIFIED.,.F.,.F.,(4,1,4),(-0.0385210547697942,-0.0229823224348624,
0.),.UNSPECIFIED.);
#409=B_SPLINE_CURVE_WITH_KNOTS('',3,(#12587,#12588,#12589,#12590,#12591),
 .UNSPECIFIED.,.F.,.F.,(4,1,4),(0.,0.0113671934231206,0.0222099795411058),
 .UNSPECIFIED.);
#410=B_SPLINE_CURVE_WITH_KNOTS('',3,(#12593,#12594,#12595,#12596,#12597),
 .UNSPECIFIED.,.F.,.F.,(4,1,4),(-0.0222099795411058,-0.0113671934231206,
0.),.UNSPECIFIED.);
#411=B_SPLINE_CURVE_WITH_KNOTS('',3,(#12610,#12611,#12612,#12613,#12614),
 .UNSPECIFIED.,.F.,.F.,(4,1,4),(0.,0.0106821950237309,0.0214993010151994),
 .UNSPECIFIED.);
#412=B_SPLINE_CURVE_WITH_KNOTS('',3,(#12616,#12617,#12618,#12619,#12620),
 .UNSPECIFIED.,.F.,.F.,(4,1,4),(-0.0214993010151994,-0.0106821950237309,
0.),.UNSPECIFIED.);
#413=B_SPLINE_CURVE_WITH_KNOTS('',3,(#12633,#12634,#12635,#12636,#12637),
 .UNSPECIFIED.,.F.,.F.,(4,1,4),(0.,0.0160894029887408,0.0322585851247932),
 .UNSPECIFIED.);
#414=B_SPLINE_CURVE_WITH_KNOTS('',3,(#12639,#12640,#12641,#12642,#12643),
 .UNSPECIFIED.,.F.,.F.,(4,1,4),(-0.0322585851247932,-0.0160894029887408,
0.),.UNSPECIFIED.);
#415=B_SPLINE_CURVE_WITH_KNOTS('',3,(#12656,#12657,#12658,#12659,#12660),
 .UNSPECIFIED.,.F.,.F.,(4,1,4),(0.,0.0181850087150162,0.0404243939266147),
 .UNSPECIFIED.);
#416=B_SPLINE_CURVE_WITH_KNOTS('',3,(#12662,#12663,#12664,#12665,#12666),
 .UNSPECIFIED.,.F.,.F.,(4,1,4),(-0.0404243939266147,-0.0181850087150162,
0.),.UNSPECIFIED.);
#417=B_SPLINE_CURVE_WITH_KNOTS('',3,(#12679,#12680,#12681,#12682,#12683),
 .UNSPECIFIED.,.F.,.F.,(4,1,4),(0.,0.0236133753575677,0.0458693446575493),
 .UNSPECIFIED.);
#418=B_SPLINE_CURVE_WITH_KNOTS('',3,(#12685,#12686,#12687,#12688,#12689),
 .UNSPECIFIED.,.F.,.F.,(4,1,4),(-0.0458693446575493,-0.0236133753575677,
0.),.UNSPECIFIED.);
#419=B_SPLINE_CURVE_WITH_KNOTS('',3,(#12702,#12703,#12704,#12705,#12706),
 .UNSPECIFIED.,.F.,.F.,(4,1,4),(0.,0.0211360824911293,0.0416242798661127),
 .UNSPECIFIED.);
#420=B_SPLINE_CURVE_WITH_KNOTS('',3,(#12708,#12709,#12710,#12711,#12712),
 .UNSPECIFIED.,.F.,.F.,(4,1,4),(-0.0416242798661127,-0.0211360824911293,
0.),.UNSPECIFIED.);
#421=B_SPLINE_CURVE_WITH_KNOTS('',3,(#12725,#12726,#12727,#12728,#12729),
 .UNSPECIFIED.,.F.,.F.,(4,1,4),(0.,0.0187582685371278,0.0437670763185725),
 .UNSPECIFIED.);
#422=B_SPLINE_CURVE_WITH_KNOTS('',3,(#12731,#12732,#12733,#12734,#12735),
 .UNSPECIFIED.,.F.,.F.,(4,1,4),(-0.0437670763185725,-0.0187582685371278,
0.),.UNSPECIFIED.);
#423=B_SPLINE_CURVE_WITH_KNOTS('',3,(#12752,#12753,#12754,#12755,#12756),
 .UNSPECIFIED.,.F.,.F.,(4,1,4),(0.,0.0291276196768357,0.0543521278754958),
 .UNSPECIFIED.);
#424=B_SPLINE_CURVE_WITH_KNOTS('',3,(#12760,#12761,#12762,#12763,#12764),
 .UNSPECIFIED.,.F.,.F.,(4,1,4),(-0.0543521278754958,-0.0291276196768357,
0.),.UNSPECIFIED.);
#425=B_SPLINE_CURVE_WITH_KNOTS('',3,(#12777,#12778,#12779,#12780,#12781),
 .UNSPECIFIED.,.F.,.F.,(4,1,4),(0.,0.0237321161842719,0.0483221522000663),
 .UNSPECIFIED.);
#426=B_SPLINE_CURVE_WITH_KNOTS('',3,(#12783,#12784,#12785,#12786,#12787),
 .UNSPECIFIED.,.F.,.F.,(4,1,4),(-0.0483221522000663,-0.0237321161842719,
0.),.UNSPECIFIED.);
#427=B_SPLINE_CURVE_WITH_KNOTS('',3,(#12800,#12801,#12802,#12803,#12804),
 .UNSPECIFIED.,.F.,.F.,(4,1,4),(0.,0.037296564929537,0.0685758612275385),
 .UNSPECIFIED.);
#428=B_SPLINE_CURVE_WITH_KNOTS('',3,(#12806,#12807,#12808,#12809,#12810),
 .UNSPECIFIED.,.F.,.F.,(4,1,4),(-0.0685758612275385,-0.037296564929537,
0.),.UNSPECIFIED.);
#429=B_SPLINE_CURVE_WITH_KNOTS('',3,(#12823,#12824,#12825,#12826,#12827),
 .UNSPECIFIED.,.F.,.F.,(4,1,4),(0.,0.0287011876050561,0.0581583919300829),
 .UNSPECIFIED.);
#430=B_SPLINE_CURVE_WITH_KNOTS('',3,(#12829,#12830,#12831,#12832,#12833),
 .UNSPECIFIED.,.F.,.F.,(4,1,4),(-0.0581583919300829,-0.0287011876050561,
0.),.UNSPECIFIED.);
#431=B_SPLINE_CURVE_WITH_KNOTS('',3,(#12846,#12847,#12848,#12849,#12850),
 .UNSPECIFIED.,.F.,.F.,(4,1,4),(0.,0.017941858295979,0.0353488387694603),
 .UNSPECIFIED.);
#432=B_SPLINE_CURVE_WITH_KNOTS('',3,(#12852,#12853,#12854,#12855,#12856),
 .UNSPECIFIED.,.F.,.F.,(4,1,4),(-0.0353488387694603,-0.017941858295979,
0.),.UNSPECIFIED.);
#433=B_SPLINE_CURVE_WITH_KNOTS('',3,(#12869,#12870,#12871,#12872,#12873),
 .UNSPECIFIED.,.F.,.F.,(4,1,4),(0.,0.0169819630249671,0.0334586685358119),
 .UNSPECIFIED.);
#434=B_SPLINE_CURVE_WITH_KNOTS('',3,(#12875,#12876,#12877,#12878,#12879),
 .UNSPECIFIED.,.F.,.F.,(4,1,4),(-0.0334586685358119,-0.0169819630249671,
0.),.UNSPECIFIED.);
#435=B_SPLINE_CURVE_WITH_KNOTS('',3,(#12892,#12893,#12894,#12895,#12896),
 .UNSPECIFIED.,.F.,.F.,(4,1,4),(0.,0.0167280496339374,0.0340887444625722),
 .UNSPECIFIED.);
#436=B_SPLINE_CURVE_WITH_KNOTS('',3,(#12898,#12899,#12900,#12901,#12902),
 .UNSPECIFIED.,.F.,.F.,(4,1,4),(-0.0340887444625722,-0.0167280496339374,
0.),.UNSPECIFIED.);
#437=B_SPLINE_CURVE_WITH_KNOTS('',3,(#12915,#12916,#12917,#12918,#12919),
 .UNSPECIFIED.,.F.,.F.,(4,1,4),(0.,0.0162123698379118,0.0387580483458685),
 .UNSPECIFIED.);
#438=B_SPLINE_CURVE_WITH_KNOTS('',3,(#12921,#12922,#12923,#12924,#12925),
 .UNSPECIFIED.,.F.,.F.,(4,1,4),(-0.0387580483458685,-0.0162123698379118,
0.),.UNSPECIFIED.);
#439=B_SPLINE_CURVE_WITH_KNOTS('',3,(#12938,#12939,#12940,#12941,#12942),
 .UNSPECIFIED.,.F.,.F.,(4,1,4),(0.,0.0456919335988426,0.0781474590232868),
 .UNSPECIFIED.);
#440=B_SPLINE_CURVE_WITH_KNOTS('',3,(#12944,#12945,#12946,#12947,#12948),
 .UNSPECIFIED.,.F.,.F.,(4,1,4),(-0.0781474590232868,-0.0456919335988426,
0.),.UNSPECIFIED.);
#441=B_SPLINE_CURVE_WITH_KNOTS('',3,(#12961,#12962,#12963,#12964,#12965),
 .UNSPECIFIED.,.F.,.F.,(4,1,4),(0.,0.00722421603333008,0.0112236559255144),
 .UNSPECIFIED.);
#442=B_SPLINE_CURVE_WITH_KNOTS('',3,(#12967,#12968,#12969,#12970,#12971),
 .UNSPECIFIED.,.F.,.F.,(4,1,4),(-0.0112236559255144,-0.00722421603333008,
0.),.UNSPECIFIED.);
#443=B_SPLINE_CURVE_WITH_KNOTS('',3,(#12984,#12985,#12986,#12987,#12988),
 .UNSPECIFIED.,.F.,.F.,(4,1,4),(0.,0.0225883641438655,0.0398287179215866),
 .UNSPECIFIED.);
#444=B_SPLINE_CURVE_WITH_KNOTS('',3,(#12990,#12991,#12992,#12993,#12994),
 .UNSPECIFIED.,.F.,.F.,(4,1,4),(-0.0398287179215866,-0.0225883641438655,
0.),.UNSPECIFIED.);
#445=B_SPLINE_CURVE_WITH_KNOTS('',3,(#13007,#13008,#13009,#13010,#13011),
 .UNSPECIFIED.,.F.,.F.,(4,1,4),(0.,0.0232038605747827,0.0519060513971543),
 .UNSPECIFIED.);
#446=B_SPLINE_CURVE_WITH_KNOTS('',3,(#13013,#13014,#13015,#13016,#13017),
 .UNSPECIFIED.,.F.,.F.,(4,1,4),(-0.0519060513971543,-0.0232038605747827,
0.),.UNSPECIFIED.);
#447=B_SPLINE_CURVE_WITH_KNOTS('',3,(#13030,#13031,#13032,#13033,#13034),
 .UNSPECIFIED.,.F.,.F.,(4,1,4),(0.,0.0264849689073021,0.0465482843983417),
 .UNSPECIFIED.);
#448=B_SPLINE_CURVE_WITH_KNOTS('',3,(#13036,#13037,#13038,#13039,#13040),
 .UNSPECIFIED.,.F.,.F.,(4,1,4),(-0.0465482843983417,-0.0264849689073021,
0.),.UNSPECIFIED.);
#449=B_SPLINE_CURVE_WITH_KNOTS('',3,(#13053,#13054,#13055,#13056,#13057),
 .UNSPECIFIED.,.F.,.F.,(4,1,4),(0.,0.019347247113932,0.0438715210488225),
 .UNSPECIFIED.);
#450=B_SPLINE_CURVE_WITH_KNOTS('',3,(#13059,#13060,#13061,#13062,#13063),
 .UNSPECIFIED.,.F.,.F.,(4,1,4),(-0.0438715210488225,-0.019347247113932,
0.),.UNSPECIFIED.);
#451=B_SPLINE_CURVE_WITH_KNOTS('',3,(#13082,#13083,#13084,#13085,#13086),
 .UNSPECIFIED.,.F.,.F.,(4,1,4),(0.,0.0255329554215541,0.0477922494363791),
 .UNSPECIFIED.);
#452=B_SPLINE_CURVE_WITH_KNOTS('',3,(#13088,#13089,#13090,#13091,#13092),
 .UNSPECIFIED.,.F.,.F.,(4,1,4),(-0.0477922494363791,-0.0255329554215541,
0.),.UNSPECIFIED.);
#453=B_SPLINE_CURVE_WITH_KNOTS('',3,(#13105,#13106,#13107,#13108,#13109),
 .UNSPECIFIED.,.F.,.F.,(4,1,4),(0.,0.0217569864954859,0.0462074469445609),
 .UNSPECIFIED.);
#454=B_SPLINE_CURVE_WITH_KNOTS('',3,(#13111,#13112,#13113,#13114,#13115),
 .UNSPECIFIED.,.F.,.F.,(4,1,4),(-0.0462074469445609,-0.0217569864954859,
0.),.UNSPECIFIED.);
#455=B_SPLINE_CURVE_WITH_KNOTS('',3,(#13128,#13129,#13130,#13131,#13132),
 .UNSPECIFIED.,.F.,.F.,(4,1,4),(0.,0.0276274873060809,0.0584472805608463),
 .UNSPECIFIED.);
#456=B_SPLINE_CURVE_WITH_KNOTS('',3,(#13134,#13135,#13136,#13137,#13138),
 .UNSPECIFIED.,.F.,.F.,(4,1,4),(-0.0584472805608463,-0.0276274873060809,
0.),.UNSPECIFIED.);
#457=B_SPLINE_CURVE_WITH_KNOTS('',3,(#13151,#13152,#13153,#13154,#13155),
 .UNSPECIFIED.,.F.,.F.,(4,1,4),(0.,0.0294872412520565,0.0535176739732489),
 .UNSPECIFIED.);
#458=B_SPLINE_CURVE_WITH_KNOTS('',3,(#13157,#13158,#13159,#13160,#13161),
 .UNSPECIFIED.,.F.,.F.,(4,1,4),(-0.0535176739732489,-0.0294872412520565,
0.),.UNSPECIFIED.);
#459=B_SPLINE_CURVE_WITH_KNOTS('',3,(#13174,#13175,#13176,#13177,#13178),
 .UNSPECIFIED.,.F.,.F.,(4,1,4),(0.,0.0196063075321259,0.0357912311029294),
 .UNSPECIFIED.);
#460=B_SPLINE_CURVE_WITH_KNOTS('',3,(#13180,#13181,#13182,#13183,#13184),
 .UNSPECIFIED.,.F.,.F.,(4,1,4),(-0.0357912311029294,-0.0196063075321259,
0.),.UNSPECIFIED.);
#461=B_SPLINE_CURVE_WITH_KNOTS('',3,(#13197,#13198,#13199,#13200,#13201),
 .UNSPECIFIED.,.F.,.F.,(4,1,4),(0.,0.0154120335228509,0.032390024964316),
 .UNSPECIFIED.);
#462=B_SPLINE_CURVE_WITH_KNOTS('',3,(#13203,#13204,#13205,#13206,#13207),
 .UNSPECIFIED.,.F.,.F.,(4,1,4),(-0.032390024964316,-0.0154120335228509,
0.),.UNSPECIFIED.);
#463=B_SPLINE_CURVE_WITH_KNOTS('',3,(#13220,#13221,#13222,#13223,#13224),
 .UNSPECIFIED.,.F.,.F.,(4,1,4),(0.,0.0154830774562123,0.0397216568432994),
 .UNSPECIFIED.);
#464=B_SPLINE_CURVE_WITH_KNOTS('',3,(#13226,#13227,#13228,#13229,#13230),
 .UNSPECIFIED.,.F.,.F.,(4,1,4),(-0.0397216568432994,-0.0154830774562123,
0.),.UNSPECIFIED.);
#465=B_SPLINE_CURVE_WITH_KNOTS('',3,(#13249,#13250,#13251,#13252,#13253),
 .UNSPECIFIED.,.F.,.F.,(4,1,4),(0.,0.0489176984133861,0.0758850363306619),
 .UNSPECIFIED.);
#466=B_SPLINE_CURVE_WITH_KNOTS('',3,(#13255,#13256,#13257,#13258,#13259),
 .UNSPECIFIED.,.F.,.F.,(4,1,4),(-0.0758850363306619,-0.0489176984133861,
0.),.UNSPECIFIED.);
#467=B_SPLINE_CURVE_WITH_KNOTS('',3,(#13272,#13273,#13274,#13275,#13276),
 .UNSPECIFIED.,.F.,.F.,(4,1,4),(0.,0.0160768557030169,0.0324370236406661),
 .UNSPECIFIED.);
#468=B_SPLINE_CURVE_WITH_KNOTS('',3,(#13278,#13279,#13280,#13281,#13282),
 .UNSPECIFIED.,.F.,.F.,(4,1,4),(-0.0324370236406661,-0.0160768557030169,
0.),.UNSPECIFIED.);
#469=B_SPLINE_CURVE_WITH_KNOTS('',3,(#13300,#13301,#13302,#13303,#13304),
 .UNSPECIFIED.,.F.,.F.,(4,1,4),(0.,0.0155083980528449,0.032565005012787),
 .UNSPECIFIED.);
#470=B_SPLINE_CURVE_WITH_KNOTS('',3,(#13305,#13306,#13307,#13308,#13309),
 .UNSPECIFIED.,.F.,.F.,(4,1,4),(-0.032565005012787,-0.0155083980528449,
0.),.UNSPECIFIED.);
#471=B_SPLINE_CURVE_WITH_KNOTS('',3,(#13344,#13345,#13346,#13347,#13348),
 .UNSPECIFIED.,.F.,.F.,(4,1,4),(0.,0.0490347188154367,0.0979448032942332),
 .UNSPECIFIED.);
#472=B_SPLINE_CURVE_WITH_KNOTS('',3,(#13350,#13351,#13352,#13353,#13354),
 .UNSPECIFIED.,.F.,.F.,(4,1,4),(-0.0979448032942332,-0.0490347188154367,
0.),.UNSPECIFIED.);
#473=B_SPLINE_CURVE_WITH_KNOTS('',3,(#13367,#13368,#13369,#13370,#13371),
 .UNSPECIFIED.,.F.,.F.,(4,1,4),(0.,0.0302486163078737,0.057796903573155),
 .UNSPECIFIED.);
#474=B_SPLINE_CURVE_WITH_KNOTS('',3,(#13373,#13374,#13375,#13376,#13377),
 .UNSPECIFIED.,.F.,.F.,(4,1,4),(-0.057796903573155,-0.0302486163078737,
0.),.UNSPECIFIED.);
#475=B_SPLINE_CURVE_WITH_KNOTS('',3,(#13390,#13391,#13392,#13393,#13394),
 .UNSPECIFIED.,.F.,.F.,(4,1,4),(0.,0.0253550386066597,0.0495062919929703),
 .UNSPECIFIED.);
#476=B_SPLINE_CURVE_WITH_KNOTS('',3,(#13396,#13397,#13398,#13399,#13400),
 .UNSPECIFIED.,.F.,.F.,(4,1,4),(-0.0495062919929703,-0.0253550386066597,
0.),.UNSPECIFIED.);
#477=B_SPLINE_CURVE_WITH_KNOTS('',3,(#13413,#13414,#13415,#13416,#13417),
 .UNSPECIFIED.,.F.,.F.,(4,1,4),(0.,0.0284750692042033,0.0660792435341551),
 .UNSPECIFIED.);
#478=B_SPLINE_CURVE_WITH_KNOTS('',3,(#13419,#13420,#13421,#13422,#13423),
 .UNSPECIFIED.,.F.,.F.,(4,1,4),(-0.0660792435341551,-0.0284750692042033,
0.),.UNSPECIFIED.);
#479=B_SPLINE_CURVE_WITH_KNOTS('',3,(#13454,#13455,#13456,#13457,#13458),
 .UNSPECIFIED.,.F.,.F.,(4,1,4),(0.,0.0320705087326958,0.0569359601185306),
 .UNSPECIFIED.);
#480=B_SPLINE_CURVE_WITH_KNOTS('',3,(#13460,#13461,#13462,#13463,#13464),
 .UNSPECIFIED.,.F.,.F.,(4,1,4),(-0.0569359601185306,-0.0320705087326958,
0.),.UNSPECIFIED.);
#481=B_SPLINE_CURVE_WITH_KNOTS('',3,(#13477,#13478,#13479,#13480,#13481),
 .UNSPECIFIED.,.F.,.F.,(4,1,4),(0.,0.0230158224636448,0.0492402979491262),
 .UNSPECIFIED.);
#482=B_SPLINE_CURVE_WITH_KNOTS('',3,(#13483,#13484,#13485,#13486,#13487),
 .UNSPECIFIED.,.F.,.F.,(4,1,4),(-0.0492402979491262,-0.0230158224636448,
0.),.UNSPECIFIED.);
#483=B_SPLINE_CURVE_WITH_KNOTS('',3,(#13500,#13501,#13502,#13503,#13504),
 .UNSPECIFIED.,.F.,.F.,(4,1,4),(0.,0.0213684191525179,0.042990107264657),
 .UNSPECIFIED.);
#484=B_SPLINE_CURVE_WITH_KNOTS('',3,(#13506,#13507,#13508,#13509,#13510),
 .UNSPECIFIED.,.F.,.F.,(4,1,4),(-0.042990107264657,-0.0213684191525179,
0.),.UNSPECIFIED.);
#485=B_SPLINE_CURVE_WITH_KNOTS('',3,(#13523,#13524,#13525,#13526,#13527),
 .UNSPECIFIED.,.F.,.F.,(4,1,4),(0.,0.021194609383172,0.0417186900937974),
 .UNSPECIFIED.);
#486=B_SPLINE_CURVE_WITH_KNOTS('',3,(#13529,#13530,#13531,#13532,#13533),
 .UNSPECIFIED.,.F.,.F.,(4,1,4),(-0.0417186900937974,-0.021194609383172,
0.),.UNSPECIFIED.);
#487=B_SPLINE_CURVE_WITH_KNOTS('',3,(#13546,#13547,#13548,#13549,#13550),
 .UNSPECIFIED.,.F.,.F.,(4,1,4),(0.,0.0238592604812569,0.0543509337861919),
 .UNSPECIFIED.);
#488=B_SPLINE_CURVE_WITH_KNOTS('',3,(#13552,#13553,#13554,#13555,#13556),
 .UNSPECIFIED.,.F.,.F.,(4,1,4),(-0.0543509337861919,-0.0238592604812569,
0.),.UNSPECIFIED.);
#489=B_SPLINE_SURFACE_WITH_KNOTS('',3,1,((#7708,#7709),(#7710,#7711),(#7712,
#7713),(#7714,#7715),(#7716,#7717)),.UNSPECIFIED.,.F.,.F.,.F.,(4,1,4),(2,
2),(-0.0817156870867635,-0.0420846017124885,0.),(0.,0.0499999999999998),
 .UNSPECIFIED.);
#490=B_SPLINE_SURFACE_WITH_KNOTS('',3,1,((#7731,#7732),(#7733,#7734),(#7735,
#7736),(#7737,#7738),(#7739,#7740)),.UNSPECIFIED.,.F.,.F.,.F.,(4,1,4),(2,
2),(-0.0760585284489658,-0.0381810335492889,0.),(0.,0.0499999999999998),
 .UNSPECIFIED.);
#491=B_SPLINE_SURFACE_WITH_KNOTS('',3,1,((#7754,#7755),(#7756,#7757),(#7758,
#7759),(#7760,#7761),(#7762,#7763)),.UNSPECIFIED.,.F.,.F.,.F.,(4,1,4),(2,
2),(-0.0969987888659315,-0.0495200542391481,0.),(0.,0.0499999999999998),
 .UNSPECIFIED.);
#492=B_SPLINE_SURFACE_WITH_KNOTS('',3,1,((#7777,#7778),(#7779,#7780),(#7781,
#7782),(#7783,#7784),(#7785,#7786)),.UNSPECIFIED.,.F.,.F.,.F.,(4,1,4),(2,
2),(-0.0912707941675589,-0.0457889916780074,0.),(0.,0.0499999999999998),
 .UNSPECIFIED.);
#493=B_SPLINE_SURFACE_WITH_KNOTS('',3,1,((#7800,#7801),(#7802,#7803),(#7804,
#7805),(#7806,#7807),(#7808,#7809)),.UNSPECIFIED.,.F.,.F.,.F.,(4,1,4),(2,
2),(-0.0964865605752474,-0.0470719798859585,0.),(0.,0.0499999999999998),
 .UNSPECIFIED.);
#494=B_SPLINE_SURFACE_WITH_KNOTS('',3,1,((#7823,#7824),(#7825,#7826),(#7827,
#7828),(#7829,#7830),(#7831,#7832)),.UNSPECIFIED.,.F.,.F.,.F.,(4,1,4),(2,
2),(-0.0983789761070726,-0.0496784218942199,0.),(0.,0.0499999999999998),
 .UNSPECIFIED.);
#495=B_SPLINE_SURFACE_WITH_KNOTS('',3,1,((#7846,#7847),(#7848,#7849),(#7850,
#7851),(#7852,#7853),(#7854,#7855)),.UNSPECIFIED.,.F.,.F.,.F.,(4,1,4),(2,
2),(-0.0912128144323791,-0.0465588141748551,0.),(0.,0.0499999999999998),
 .UNSPECIFIED.);
#496=B_SPLINE_SURFACE_WITH_KNOTS('',3,1,((#7869,#7870),(#7871,#7872),(#7873,
#7874),(#7875,#7876),(#7877,#7878)),.UNSPECIFIED.,.F.,.F.,.F.,(4,1,4),(2,
2),(-0.0955973269188235,-0.046064063949655,0.),(0.,0.0499999999999998),
 .UNSPECIFIED.);
#497=B_SPLINE_SURFACE_WITH_KNOTS('',3,1,((#7892,#7893),(#7894,#7895),(#7896,
#7897),(#7898,#7899),(#7900,#7901)),.UNSPECIFIED.,.F.,.F.,.F.,(4,1,4),(2,
2),(-0.0700525499981565,-0.0362704504368363,0.),(0.,0.0499999999999998),
 .UNSPECIFIED.);
#498=B_SPLINE_SURFACE_WITH_KNOTS('',3,1,((#7915,#7916),(#7917,#7918),(#7919,
#7920),(#7921,#7922),(#7923,#7924)),.UNSPECIFIED.,.F.,.F.,.F.,(4,1,4),(2,
2),(-0.0595709809318233,-0.0310703909758529,0.),(0.,0.0499999999999998),
 .UNSPECIFIED.);
#499=B_SPLINE_SURFACE_WITH_KNOTS('',3,1,((#7938,#7939),(#7940,#7941),(#7942,
#7943),(#7944,#7945),(#7946,#7947)),.UNSPECIFIED.,.F.,.F.,.F.,(4,1,4),(2,
2),(-0.063475708355889,-0.0295928335734063,0.),(0.,0.0499999999999998),
 .UNSPECIFIED.);
#500=B_SPLINE_SURFACE_WITH_KNOTS('',3,1,((#7967,#7968),(#7969,#7970),(#7971,
#7972),(#7973,#7974),(#7975,#7976)),.UNSPECIFIED.,.F.,.F.,.F.,(4,1,4),(2,
2),(-0.0465430507024632,-0.0254563357037644,0.),(0.,0.0499999999999998),
 .UNSPECIFIED.);
#501=B_SPLINE_SURFACE_WITH_KNOTS('',3,1,((#7990,#7991),(#7992,#7993),(#7994,
#7995),(#7996,#7997),(#7998,#7999)),.UNSPECIFIED.,.F.,.F.,.F.,(4,1,4),(2,
2),(-0.0417787339211573,-0.0197753486152828,0.),(0.,0.0499999999999998),
 .UNSPECIFIED.);
#502=B_SPLINE_SURFACE_WITH_KNOTS('',3,1,((#8013,#8014),(#8015,#8016),(#8017,
#8018),(#8019,#8020),(#8021,#8022)),.UNSPECIFIED.,.F.,.F.,.F.,(4,1,4),(2,
2),(-0.049344917981617,-0.0239338626197631,0.),(0.,0.0499999999999998),
 .UNSPECIFIED.);
#503=B_SPLINE_SURFACE_WITH_KNOTS('',3,1,((#8036,#8037),(#8038,#8039),(#8040,
#8041),(#8042,#8043),(#8044,#8045)),.UNSPECIFIED.,.F.,.F.,.F.,(4,1,4),(2,
2),(-0.0560283796919675,-0.0297029039903485,0.),(0.,0.0499999999999998),
 .UNSPECIFIED.);
#504=B_SPLINE_SURFACE_WITH_KNOTS('',3,1,((#8059,#8060),(#8061,#8062),(#8063,
#8064),(#8065,#8066),(#8067,#8068)),.UNSPECIFIED.,.F.,.F.,.F.,(4,1,4),(2,
2),(-0.0454745992456892,-0.0237253180582947,0.),(0.,0.0499999999999998),
 .UNSPECIFIED.);
#505=B_SPLINE_SURFACE_WITH_KNOTS('',3,1,((#8082,#8083),(#8084,#8085),(#8086,
#8087),(#8088,#8089),(#8090,#8091)),.UNSPECIFIED.,.F.,.F.,.F.,(4,1,4),(2,
2),(-0.041211205845659,-0.0208013856027009,0.),(0.,0.0499999999999998),
 .UNSPECIFIED.);
#506=B_SPLINE_SURFACE_WITH_KNOTS('',3,1,((#8105,#8106),(#8107,#8108),(#8109,
#8110),(#8111,#8112),(#8113,#8114)),.UNSPECIFIED.,.F.,.F.,.F.,(4,1,4),(2,
2),(-0.072036371775017,-0.0352963648405732,0.),(0.,0.0499999999999998),
 .UNSPECIFIED.);
#507=B_SPLINE_SURFACE_WITH_KNOTS('',3,1,((#8128,#8129),(#8130,#8131),(#8132,
#8133),(#8134,#8135),(#8136,#8137)),.UNSPECIFIED.,.F.,.F.,.F.,(4,1,4),(2,
2),(-0.0805067606096251,-0.0431625499303159,0.),(0.,0.0499999999999998),
 .UNSPECIFIED.);
#508=B_SPLINE_SURFACE_WITH_KNOTS('',3,1,((#8151,#8152),(#8153,#8154),(#8155,
#8156),(#8157,#8158),(#8159,#8160)),.UNSPECIFIED.,.F.,.F.,.F.,(4,1,4),(2,
2),(-0.0671568816700661,-0.03384224150892,0.),(0.,0.0499999999999998),
 .UNSPECIFIED.);
#509=B_SPLINE_SURFACE_WITH_KNOTS('',3,1,((#8174,#8175),(#8176,#8177),(#8178,
#8179),(#8180,#8181),(#8182,#8183)),.UNSPECIFIED.,.F.,.F.,.F.,(4,1,4),(2,
2),(-0.067636805053772,-0.0337577349250696,0.),(0.,0.0499999999999998),
 .UNSPECIFIED.);
#510=B_SPLINE_SURFACE_WITH_KNOTS('',3,1,((#8197,#8198),(#8199,#8200),(#8201,
#8202),(#8203,#8204),(#8205,#8206)),.UNSPECIFIED.,.F.,.F.,.F.,(4,1,4),(2,
2),(-0.0601439071303719,-0.0298643357035742,0.),(0.,0.0499999999999998),
 .UNSPECIFIED.);
#511=B_SPLINE_SURFACE_WITH_KNOTS('',3,1,((#8220,#8221),(#8222,#8223),(#8224,
#8225),(#8226,#8227),(#8228,#8229)),.UNSPECIFIED.,.F.,.F.,.F.,(4,1,4),(2,
2),(-0.0501560560081955,-0.027885952964748,0.),(0.,0.0499999999999998),
 .UNSPECIFIED.);
#512=B_SPLINE_SURFACE_WITH_KNOTS('',3,1,((#8275,#8276),(#8277,#8278),(#8279,
#8280),(#8281,#8282),(#8283,#8284)),.UNSPECIFIED.,.F.,.F.,.F.,(4,1,4),(2,
2),(-0.0451168553606408,-0.0265256569073094,0.),(0.,0.0499999999999998),
 .UNSPECIFIED.);
#513=B_SPLINE_SURFACE_WITH_KNOTS('',3,1,((#8298,#8299),(#8300,#8301),(#8302,
#8303),(#8304,#8305),(#8306,#8307)),.UNSPECIFIED.,.F.,.F.,.F.,(4,1,4),(2,
2),(-0.0292281494920442,-0.0146546589059665,0.),(0.,0.0499999999999998),
 .UNSPECIFIED.);
#514=B_SPLINE_SURFACE_WITH_KNOTS('',3,1,((#8321,#8322),(#8323,#8324),(#8325,
#8326),(#8327,#8328),(#8329,#8330)),.UNSPECIFIED.,.F.,.F.,.F.,(4,1,4),(2,
2),(-0.0467428644037093,-0.0221766988110687,0.),(0.,0.0499999999999998),
 .UNSPECIFIED.);
#515=B_SPLINE_SURFACE_WITH_KNOTS('',3,1,((#8350,#8351),(#8352,#8353),(#8354,
#8355),(#8356,#8357),(#8358,#8359)),.UNSPECIFIED.,.F.,.F.,.F.,(4,1,4),(2,
2),(-0.0331634216130115,-0.0172352721409873,0.),(0.,0.0499999999999998),
 .UNSPECIFIED.);
#516=B_SPLINE_SURFACE_WITH_KNOTS('',3,1,((#8373,#8374),(#8375,#8376),(#8377,
#8378),(#8379,#8380),(#8381,#8382)),.UNSPECIFIED.,.F.,.F.,.F.,(4,1,4),(2,
2),(-0.0270608202121903,-0.0135365874503637,0.),(0.,0.0499999999999998),
 .UNSPECIFIED.);
#517=B_SPLINE_SURFACE_WITH_KNOTS('',3,1,((#8396,#8397),(#8398,#8399),(#8400,
#8401),(#8402,#8403),(#8404,#8405)),.UNSPECIFIED.,.F.,.F.,.F.,(4,1,4),(2,
2),(-0.0287968418408879,-0.0139531965754649,0.),(0.,0.0499999999999998),
 .UNSPECIFIED.);
#518=B_SPLINE_SURFACE_WITH_KNOTS('',3,1,((#8419,#8420),(#8421,#8422),(#8423,
#8424),(#8425,#8426),(#8427,#8428)),.UNSPECIFIED.,.F.,.F.,.F.,(4,1,4),(2,
2),(-0.0507916102924388,-0.0245878221470607,0.),(0.,0.0499999999999998),
 .UNSPECIFIED.);
#519=B_SPLINE_SURFACE_WITH_KNOTS('',3,1,((#8453,#8454),(#8455,#8456),(#8457,
#8458),(#8459,#8460),(#8461,#8462)),.UNSPECIFIED.,.F.,.F.,.F.,(4,1,4),(2,
2),(-0.0766153909417258,-0.0434365943027088,0.),(0.,0.0499999999999998),
 .UNSPECIFIED.);
#520=B_SPLINE_SURFACE_WITH_KNOTS('',3,1,((#8479,#8480),(#8481,#8482),(#8483,
#8484),(#8485,#8486),(#8487,#8488)),.UNSPECIFIED.,.F.,.F.,.F.,(4,1,4),(2,
2),(-0.056104470838628,-0.028174149238902,0.),(0.,0.0499999999999998),
 .UNSPECIFIED.);
#521=B_SPLINE_SURFACE_WITH_KNOTS('',3,1,((#8502,#8503),(#8504,#8505),(#8506,
#8507),(#8508,#8509),(#8510,#8511)),.UNSPECIFIED.,.F.,.F.,.F.,(4,1,4),(2,
2),(-0.0560218331071359,-0.0278073470538936,0.),(0.,0.0499999999999998),
 .UNSPECIFIED.);
#522=B_SPLINE_SURFACE_WITH_KNOTS('',3,1,((#8525,#8526),(#8527,#8528),(#8529,
#8530),(#8531,#8532),(#8533,#8534)),.UNSPECIFIED.,.F.,.F.,.F.,(4,1,4),(2,
2),(-0.075438423725984,-0.0329138517531502,0.),(0.,0.0499999999999998),
 .UNSPECIFIED.);
#523=B_SPLINE_SURFACE_WITH_KNOTS('',3,1,((#8548,#8549),(#8550,#8551),(#8552,
#8553),(#8554,#8555),(#8556,#8557)),.UNSPECIFIED.,.F.,.F.,.F.,(4,1,4),(2,
2),(-0.0743505028124098,-0.0411505256682074,0.),(0.,0.0499999999999998),
 .UNSPECIFIED.);
#524=B_SPLINE_SURFACE_WITH_KNOTS('',3,1,((#8571,#8572),(#8573,#8574),(#8575,
#8576),(#8577,#8578),(#8579,#8580)),.UNSPECIFIED.,.F.,.F.,.F.,(4,1,4),(2,
2),(-0.0565037613212005,-0.028856920925843,0.),(0.,0.0499999999999998),
 .UNSPECIFIED.);
#525=B_SPLINE_SURFACE_WITH_KNOTS('',3,1,((#8594,#8595),(#8596,#8597),(#8598,
#8599),(#8600,#8601),(#8602,#8603)),.UNSPECIFIED.,.F.,.F.,.F.,(4,1,4),(2,
2),(-0.0553770836725599,-0.0271321702338067,0.),(0.,0.0499999999999998),
 .UNSPECIFIED.);
#526=B_SPLINE_SURFACE_WITH_KNOTS('',3,1,((#8617,#8618),(#8619,#8620),(#8621,
#8622),(#8623,#8624),(#8625,#8626)),.UNSPECIFIED.,.F.,.F.,.F.,(4,1,4),(2,
2),(-0.0731058157253021,-0.0325956835673439,0.),(0.,0.0499999999999998),
 .UNSPECIFIED.);
#527=B_SPLINE_SURFACE_WITH_KNOTS('',3,1,((#8646,#8647),(#8648,#8649),(#8650,
#8651),(#8652,#8653),(#8654,#8655)),.UNSPECIFIED.,.F.,.F.,.F.,(4,1,4),(2,
2),(-0.0323864827963376,-0.0174309746949223,0.),(0.,0.0499999999999998),
 .UNSPECIFIED.);
#528=B_SPLINE_SURFACE_WITH_KNOTS('',3,1,((#8669,#8670),(#8671,#8672),(#8673,
#8674),(#8675,#8676),(#8677,#8678)),.UNSPECIFIED.,.F.,.F.,.F.,(4,1,4),(2,
2),(-0.0458806354166181,-0.0209317774686074,0.),(0.,0.0499999999999998),
 .UNSPECIFIED.);
#529=B_SPLINE_SURFACE_WITH_KNOTS('',3,1,((#8692,#8693),(#8694,#8695),(#8696,
#8697),(#8698,#8699),(#8700,#8701)),.UNSPECIFIED.,.F.,.F.,.F.,(4,1,4),(2,
2),(-0.0481903939596562,-0.0266089460023113,0.),(0.,0.0499999999999998),
 .UNSPECIFIED.);
#530=B_SPLINE_SURFACE_WITH_KNOTS('',3,1,((#8715,#8716),(#8717,#8718),(#8719,
#8720),(#8721,#8722),(#8723,#8724)),.UNSPECIFIED.,.F.,.F.,.F.,(4,1,4),(2,
2),(-0.0406056351856221,-0.0197582132608367,0.),(0.,0.0499999999999998),
 .UNSPECIFIED.);
#531=B_SPLINE_SURFACE_WITH_KNOTS('',3,1,((#8738,#8739),(#8740,#8741),(#8742,
#8743),(#8744,#8745),(#8746,#8747)),.UNSPECIFIED.,.F.,.F.,.F.,(4,1,4),(2,
2),(-0.0553028783463217,-0.0204996126964232,0.),(0.,0.0499999999999998),
 .UNSPECIFIED.);
#532=B_SPLINE_SURFACE_WITH_KNOTS('',3,1,((#8761,#8762),(#8763,#8764),(#8765,
#8766),(#8767,#8768),(#8769,#8770)),.UNSPECIFIED.,.F.,.F.,.F.,(4,1,4),(2,
2),(-0.0796910239852094,-0.0402512375581459,0.),(0.,0.0499999999999998),
 .UNSPECIFIED.);
#533=B_SPLINE_SURFACE_WITH_KNOTS('',3,1,((#8784,#8785),(#8786,#8787),(#8788,
#8789),(#8790,#8791),(#8792,#8793)),.UNSPECIFIED.,.F.,.F.,.F.,(4,1,4),(2,
2),(-0.0919870790692979,-0.0473252747475823,0.),(0.,0.0499999999999998),
 .UNSPECIFIED.);
#534=B_SPLINE_SURFACE_WITH_KNOTS('',3,1,((#8807,#8808),(#8809,#8810),(#8811,
#8812),(#8813,#8814),(#8815,#8816)),.UNSPECIFIED.,.F.,.F.,.F.,(4,1,4),(2,
2),(-0.0962396697889254,-0.0467165934172805,0.),(0.,0.0499999999999998),
 .UNSPECIFIED.);
#535=B_SPLINE_SURFACE_WITH_KNOTS('',3,1,((#8830,#8831),(#8832,#8833),(#8834,
#8835),(#8836,#8837),(#8838,#8839)),.UNSPECIFIED.,.F.,.F.,.F.,(4,1,4),(2,
2),(-0.0685995902851954,-0.035040708403082,0.),(0.,0.0499999999999998),
 .UNSPECIFIED.);
#536=B_SPLINE_SURFACE_WITH_KNOTS('',3,1,((#8853,#8854),(#8855,#8856),(#8857,
#8858),(#8859,#8860),(#8861,#8862)),.UNSPECIFIED.,.F.,.F.,.F.,(4,1,4),(2,
2),(-0.0614546332938711,-0.0315891643784655,0.),(0.,0.0499999999999998),
 .UNSPECIFIED.);
#537=B_SPLINE_SURFACE_WITH_KNOTS('',3,1,((#8876,#8877),(#8878,#8879),(#8880,
#8881),(#8882,#8883),(#8884,#8885)),.UNSPECIFIED.,.F.,.F.,.F.,(4,1,4),(2,
2),(-0.0616435680742552,-0.0298830760545213,0.),(0.,0.0499999999999998),
 .UNSPECIFIED.);
#538=B_SPLINE_SURFACE_WITH_KNOTS('',3,1,((#8899,#8900),(#8901,#8902),(#8903,
#8904),(#8905,#8906),(#8907,#8908)),.UNSPECIFIED.,.F.,.F.,.F.,(4,1,4),(2,
2),(-0.0847646121809868,-0.0419378361932824,0.),(0.,0.0499999999999998),
 .UNSPECIFIED.);
#539=B_SPLINE_SURFACE_WITH_KNOTS('',3,1,((#8940,#8941),(#8942,#8943),(#8944,
#8945),(#8946,#8947),(#8948,#8949)),.UNSPECIFIED.,.F.,.F.,.F.,(4,1,4),(2,
2),(-0.0852131975737263,-0.0506737405780624,0.),(0.,0.0499999999999998),
 .UNSPECIFIED.);
#540=B_SPLINE_SURFACE_WITH_KNOTS('',3,1,((#8963,#8964),(#8965,#8966),(#8967,
#8968),(#8969,#8970),(#8971,#8972)),.UNSPECIFIED.,.F.,.F.,.F.,(4,1,4),(2,
2),(-0.0552993625110427,-0.027049885345371,0.),(0.,0.0499999999999998),
 .UNSPECIFIED.);
#541=B_SPLINE_SURFACE_WITH_KNOTS('',3,1,((#8986,#8987),(#8988,#8989),(#8990,
#8991),(#8992,#8993),(#8994,#8995)),.UNSPECIFIED.,.F.,.F.,.F.,(4,1,4),(2,
2),(-0.0664399529538552,-0.0310731362421101,0.),(0.,0.0499999999999998),
 .UNSPECIFIED.);
#542=B_SPLINE_SURFACE_WITH_KNOTS('',3,1,((#9009,#9010),(#9011,#9012),(#9013,
#9014),(#9015,#9016),(#9017,#9018)),.UNSPECIFIED.,.F.,.F.,.F.,(4,1,4),(2,
2),(-0.0770564440157479,-0.0413207545583659,0.),(0.,0.0499999999999998),
 .UNSPECIFIED.);
#543=B_SPLINE_SURFACE_WITH_KNOTS('',3,1,((#9032,#9033),(#9034,#9035),(#9036,
#9037),(#9038,#9039),(#9040,#9041)),.UNSPECIFIED.,.F.,.F.,.F.,(4,1,4),(2,
2),(-0.0693540249910904,-0.0329098248641733,0.),(0.,0.0499999999999998),
 .UNSPECIFIED.);
#544=B_SPLINE_SURFACE_WITH_KNOTS('',3,1,((#9063,#9064),(#9065,#9066),(#9067,
#9068),(#9069,#9070),(#9071,#9072)),.UNSPECIFIED.,.F.,.F.,.F.,(4,1,4),(2,
2),(-0.0512248443434623,-0.0285263961248995,0.),(0.,0.0499999999999998),
 .UNSPECIFIED.);
#545=B_SPLINE_SURFACE_WITH_KNOTS('',3,1,((#9086,#9087),(#9088,#9089),(#9090,
#9091),(#9092,#9093),(#9094,#9095)),.UNSPECIFIED.,.F.,.F.,.F.,(4,1,4),(2,
2),(-0.0603500323349679,-0.0300434917565803,0.),(0.,0.0499999999999998),
 .UNSPECIFIED.);
#546=B_SPLINE_SURFACE_WITH_KNOTS('',3,1,((#9109,#9110),(#9111,#9112),(#9113,
#9114),(#9115,#9116),(#9117,#9118)),.UNSPECIFIED.,.F.,.F.,.F.,(4,1,4),(2,
2),(-0.0546850786400424,-0.0276934166607483,0.),(0.,0.0499999999999998),
 .UNSPECIFIED.);
#547=B_SPLINE_SURFACE_WITH_KNOTS('',3,1,((#9132,#9133),(#9134,#9135),(#9136,
#9137),(#9138,#9139),(#9140,#9141)),.UNSPECIFIED.,.F.,.F.,.F.,(4,1,4),(2,
2),(-0.0585363915641159,-0.0279602755989895,0.),(0.,0.0499999999999998),
 .UNSPECIFIED.);
#548=B_SPLINE_SURFACE_WITH_KNOTS('',3,1,((#9161,#9162),(#9163,#9164),(#9165,
#9166),(#9167,#9168),(#9169,#9170)),.UNSPECIFIED.,.F.,.F.,.F.,(4,1,4),(2,
2),(-0.0728903149250883,-0.0376658547782867,0.),(0.,0.0499999999999998),
 .UNSPECIFIED.);
#549=B_SPLINE_SURFACE_WITH_KNOTS('',3,1,((#9184,#9185),(#9186,#9187),(#9188,
#9189),(#9190,#9191),(#9192,#9193)),.UNSPECIFIED.,.F.,.F.,.F.,(4,1,4),(2,
2),(-0.0767272161476882,-0.0361416672121872,0.),(0.,0.0499999999999998),
 .UNSPECIFIED.);
#550=B_SPLINE_SURFACE_WITH_KNOTS('',3,1,((#9207,#9208),(#9209,#9210),(#9211,
#9212),(#9213,#9214),(#9215,#9216)),.UNSPECIFIED.,.F.,.F.,.F.,(4,1,4),(2,
2),(-0.096758850659298,-0.0505980599836391,0.),(0.,0.0499999999999998),
 .UNSPECIFIED.);
#551=B_SPLINE_SURFACE_WITH_KNOTS('',3,1,((#9230,#9231),(#9232,#9233),(#9234,
#9235),(#9236,#9237),(#9238,#9239)),.UNSPECIFIED.,.F.,.F.,.F.,(4,1,4),(2,
2),(-0.103406493398403,-0.0478645316589871,0.),(0.,0.0499999999999998),
 .UNSPECIFIED.);
#552=B_SPLINE_SURFACE_WITH_KNOTS('',3,1,((#9253,#9254),(#9255,#9256),(#9257,
#9258),(#9259,#9260),(#9261,#9262)),.UNSPECIFIED.,.F.,.F.,.F.,(4,1,4),(2,
2),(-0.106573566293569,-0.0574151717731565,0.),(0.,0.0499999999999998),
 .UNSPECIFIED.);
#553=B_SPLINE_SURFACE_WITH_KNOTS('',3,1,((#9276,#9277),(#9278,#9279),(#9280,
#9281),(#9282,#9283),(#9284,#9285)),.UNSPECIFIED.,.F.,.F.,.F.,(4,1,4),(2,
2),(-0.0946395798281779,-0.0461976946330107,0.),(0.,0.0499999999999998),
 .UNSPECIFIED.);
#554=B_SPLINE_SURFACE_WITH_KNOTS('',3,1,((#9299,#9300),(#9301,#9302),(#9303,
#9304),(#9305,#9306),(#9307,#9308)),.UNSPECIFIED.,.F.,.F.,.F.,(4,1,4),(2,
2),(-0.092108268475629,-0.0470007819356155,0.),(0.,0.0499999999999998),
 .UNSPECIFIED.);
#555=B_SPLINE_SURFACE_WITH_KNOTS('',3,1,((#9322,#9323),(#9324,#9325),(#9326,
#9327),(#9328,#9329),(#9330,#9331)),.UNSPECIFIED.,.F.,.F.,.F.,(4,1,4),(2,
2),(-0.104492297088077,-0.048166076461776,0.),(0.,0.0499999999999998),
 .UNSPECIFIED.);
#556=B_SPLINE_SURFACE_WITH_KNOTS('',3,1,((#9345,#9346),(#9347,#9348),(#9349,
#9350),(#9351,#9352),(#9353,#9354)),.UNSPECIFIED.,.F.,.F.,.F.,(4,1,4),(2,
2),(-0.0114625388084506,-0.00477524198543038,0.),(0.,0.0499999999999998),
 .UNSPECIFIED.);
#557=B_SPLINE_SURFACE_WITH_KNOTS('',3,1,((#9374,#9375),(#9376,#9377),(#9378,
#9379),(#9380,#9381),(#9382,#9383)),.UNSPECIFIED.,.F.,.F.,.F.,(4,1,4),(2,
2),(-0.069306691174649,-0.037563716824222,0.),(0.,0.0499999999999998),
 .UNSPECIFIED.);
#558=B_SPLINE_SURFACE_WITH_KNOTS('',3,1,((#9397,#9398),(#9399,#9400),(#9401,
#9402),(#9403,#9404),(#9405,#9406)),.UNSPECIFIED.,.F.,.F.,.F.,(4,1,4),(2,
2),(-0.05875943198688,-0.0291083384305711,0.),(0.,0.0499999999999998),
 .UNSPECIFIED.);
#559=B_SPLINE_SURFACE_WITH_KNOTS('',3,1,((#9420,#9421),(#9422,#9423),(#9424,
#9425),(#9426,#9427),(#9428,#9429)),.UNSPECIFIED.,.F.,.F.,.F.,(4,1,4),(2,
2),(-0.0427837190247403,-0.0221236117806368,0.),(0.,0.0499999999999998),
 .UNSPECIFIED.);
#560=B_SPLINE_SURFACE_WITH_KNOTS('',3,1,((#9443,#9444),(#9445,#9446),(#9447,
#9448),(#9449,#9450),(#9451,#9452)),.UNSPECIFIED.,.F.,.F.,.F.,(4,1,4),(2,
2),(-0.0481893605203246,-0.0220031741020482,0.),(0.,0.0499999999999998),
 .UNSPECIFIED.);
#561=B_SPLINE_SURFACE_WITH_KNOTS('',3,1,((#9474,#9475),(#9476,#9477),(#9478,
#9479),(#9480,#9481),(#9482,#9483)),.UNSPECIFIED.,.F.,.F.,.F.,(4,1,4),(2,
2),(-0.0943087021645787,-0.0475180365046654,0.),(0.,0.0499999999999998),
 .UNSPECIFIED.);
#562=B_SPLINE_SURFACE_WITH_KNOTS('',3,1,((#9497,#9498),(#9499,#9500),(#9501,
#9502),(#9503,#9504),(#9505,#9506)),.UNSPECIFIED.,.F.,.F.,.F.,(4,1,4),(2,
2),(-0.0430092413904551,-0.0218021108675535,0.),(0.,0.0499999999999998),
 .UNSPECIFIED.);
#563=B_SPLINE_SURFACE_WITH_KNOTS('',3,1,((#9520,#9521),(#9522,#9523),(#9524,
#9525),(#9526,#9527),(#9528,#9529)),.UNSPECIFIED.,.F.,.F.,.F.,(4,1,4),(2,
2),(-0.0363903408193878,-0.0195296072910825,0.),(0.,0.0499999999999998),
 .UNSPECIFIED.);
#564=B_SPLINE_SURFACE_WITH_KNOTS('',3,1,((#9543,#9544),(#9545,#9546),(#9547,
#9548),(#9549,#9550),(#9551,#9552)),.UNSPECIFIED.,.F.,.F.,.F.,(4,1,4),(2,
2),(-0.0347165894990759,-0.0165511226915178,0.),(0.,0.0499999999999998),
 .UNSPECIFIED.);
#565=B_SPLINE_SURFACE_WITH_KNOTS('',3,1,((#9566,#9567),(#9568,#9569),(#9570,
#9571),(#9572,#9573),(#9574,#9575)),.UNSPECIFIED.,.F.,.F.,.F.,(4,1,4),(2,
2),(-0.0402364049868277,-0.016472199111405,0.),(0.,0.0499999999999998),
 .UNSPECIFIED.);
#566=B_SPLINE_SURFACE_WITH_KNOTS('',3,1,((#9607,#9608),(#9609,#9610),(#9611,
#9612),(#9613,#9614),(#9615,#9616)),.UNSPECIFIED.,.F.,.F.,.F.,(4,1,4),(2,
2),(-0.0454816380345344,-0.0281795476668533,0.),(0.,0.0499999999999998),
 .UNSPECIFIED.);
#567=B_SPLINE_SURFACE_WITH_KNOTS('',3,1,((#9630,#9631),(#9632,#9633),(#9634,
#9635),(#9636,#9637),(#9638,#9639)),.UNSPECIFIED.,.F.,.F.,.F.,(4,1,4),(2,
2),(-0.032211764022292,-0.0164000203172748,0.),(0.,0.0499999999999998),
 .UNSPECIFIED.);
#568=B_SPLINE_SURFACE_WITH_KNOTS('',3,1,((#9653,#9654),(#9655,#9656),(#9657,
#9658),(#9659,#9660),(#9661,#9662)),.UNSPECIFIED.,.F.,.F.,.F.,(4,1,4),(2,
2),(-0.034326030529013,-0.0163760205036947,0.),(0.,0.0499999999999998),
 .UNSPECIFIED.);
#569=B_SPLINE_SURFACE_WITH_KNOTS('',3,1,((#9676,#9677),(#9678,#9679),(#9680,
#9681),(#9682,#9683),(#9684,#9685)),.UNSPECIFIED.,.F.,.F.,.F.,(4,1,4),(2,
2),(-0.0379607296642782,-0.0189044669360998,0.),(0.,0.0499999999999998),
 .UNSPECIFIED.);
#570=B_SPLINE_SURFACE_WITH_KNOTS('',3,1,((#9699,#9700),(#9701,#9702),(#9703,
#9704),(#9705,#9706),(#9707,#9708)),.UNSPECIFIED.,.F.,.F.,.F.,(4,1,4),(2,
2),(-0.0366132520625461,-0.0186104474977896,0.),(0.,0.0499999999999998),
 .UNSPECIFIED.);
#571=B_SPLINE_SURFACE_WITH_KNOTS('',3,1,((#9722,#9723),(#9724,#9725),(#9726,
#9727),(#9728,#9729),(#9730,#9731)),.UNSPECIFIED.,.F.,.F.,.F.,(4,1,4),(2,
2),(-0.0502502282857873,-0.0215765903648221,0.),(0.,0.0499999999999998),
 .UNSPECIFIED.);
#572=B_SPLINE_SURFACE_WITH_KNOTS('',3,1,((#9789,#9790),(#9791,#9792),(#9793,
#9794),(#9795,#9796),(#9797,#9798)),.UNSPECIFIED.,.F.,.F.,.F.,(4,1,4),(2,
2),(-0.0451167318555124,-0.0265256489105143,0.),(0.,0.0499999999999998),
 .UNSPECIFIED.);
#573=B_SPLINE_SURFACE_WITH_KNOTS('',3,1,((#9812,#9813),(#9814,#9815),(#9816,
#9817),(#9818,#9819),(#9820,#9821)),.UNSPECIFIED.,.F.,.F.,.F.,(4,1,4),(2,
2),(-0.0292283717437541,-0.0146547927278067,0.),(0.,0.0499999999999998),
 .UNSPECIFIED.);
#574=B_SPLINE_SURFACE_WITH_KNOTS('',3,1,((#9835,#9836),(#9837,#9838),(#9839,
#9840),(#9841,#9842),(#9843,#9844)),.UNSPECIFIED.,.F.,.F.,.F.,(4,1,4),(2,
2),(-0.0467427994578569,-0.0221765663446491,0.),(0.,0.0499999999999998),
 .UNSPECIFIED.);
#575=B_SPLINE_SURFACE_WITH_KNOTS('',3,1,((#9864,#9865),(#9866,#9867),(#9868,
#9869),(#9870,#9871),(#9872,#9873)),.UNSPECIFIED.,.F.,.F.,.F.,(4,1,4),(2,
2),(-0.0331635350705958,-0.0172353266338451,0.),(0.,0.0499999999999998),
 .UNSPECIFIED.);
#576=B_SPLINE_SURFACE_WITH_KNOTS('',3,1,((#9887,#9888),(#9889,#9890),(#9891,
#9892),(#9893,#9894),(#9895,#9896)),.UNSPECIFIED.,.F.,.F.,.F.,(4,1,4),(2,
2),(-0.0270607754260325,-0.0135366610377538,0.),(0.,0.0499999999999998),
 .UNSPECIFIED.);
#577=B_SPLINE_SURFACE_WITH_KNOTS('',3,1,((#9910,#9911),(#9912,#9913),(#9914,
#9915),(#9916,#9917),(#9918,#9919)),.UNSPECIFIED.,.F.,.F.,.F.,(4,1,4),(2,
2),(-0.0287968931304395,-0.0139531965754649,0.),(0.,0.0499999999999998),
 .UNSPECIFIED.);
#578=B_SPLINE_SURFACE_WITH_KNOTS('',3,1,((#9933,#9934),(#9935,#9936),(#9937,
#9938),(#9939,#9940),(#9941,#9942)),.UNSPECIFIED.,.F.,.F.,.F.,(4,1,4),(2,
2),(-0.0507916084568147,-0.0245878254025778,0.),(0.,0.0499999999999998),
 .UNSPECIFIED.);
#579=B_SPLINE_SURFACE_WITH_KNOTS('',3,1,((#9967,#9968),(#9969,#9970),(#9971,
#9972),(#9973,#9974),(#9975,#9976)),.UNSPECIFIED.,.F.,.F.,.F.,(4,1,4),(2,
2),(-0.0721593681225558,-0.0305510244887214,0.),(0.,0.0499999999999998),
 .UNSPECIFIED.);
#580=B_SPLINE_SURFACE_WITH_KNOTS('',3,1,((#9993,#9994),(#9995,#9996),(#9997,
#9998),(#9999,#10000),(#10001,#10002)),.UNSPECIFIED.,.F.,.F.,.F.,(4,1,4),
(2,2),(-0.0385210564292783,-0.0229823811026669,0.),(0.,0.0499999999999998),
 .UNSPECIFIED.);
#581=B_SPLINE_SURFACE_WITH_KNOTS('',3,1,((#10016,#10017),(#10018,#10019),
(#10020,#10021),(#10022,#10023),(#10024,#10025)),.UNSPECIFIED.,.F.,.F.,
 .F.,(4,1,4),(2,2),(-0.0222099766603909,-0.0113672699437928,0.),(0.,0.0499999999999998),
 .UNSPECIFIED.);
#582=B_SPLINE_SURFACE_WITH_KNOTS('',3,1,((#10039,#10040),(#10041,#10042),
(#10043,#10044),(#10045,#10046),(#10047,#10048)),.UNSPECIFIED.,.F.,.F.,
 .F.,(4,1,4),(2,2),(-0.0214993095498704,-0.0106822200018295,0.),(0.,0.0499999999999998),
 .UNSPECIFIED.);
#583=B_SPLINE_SURFACE_WITH_KNOTS('',3,1,((#10062,#10063),(#10064,#10065),
(#10066,#10067),(#10068,#10069),(#10070,#10071)),.UNSPECIFIED.,.F.,.F.,
 .F.,(4,1,4),(2,2),(-0.0322584593075072,-0.0160894210649363,0.),(0.,0.0499999999999998),
 .UNSPECIFIED.);
#584=B_SPLINE_SURFACE_WITH_KNOTS('',3,1,((#10085,#10086),(#10087,#10088),
(#10089,#10090),(#10091,#10092),(#10093,#10094)),.UNSPECIFIED.,.F.,.F.,
 .F.,(4,1,4),(2,2),(-0.0404245515083911,-0.0181851662967926,0.),(0.,0.0499999999999998),
 .UNSPECIFIED.);
#585=B_SPLINE_SURFACE_WITH_KNOTS('',3,1,((#10108,#10109),(#10110,#10111),
(#10112,#10113),(#10114,#10115),(#10116,#10117)),.UNSPECIFIED.,.F.,.F.,
 .F.,(4,1,4),(2,2),(-0.0458692817065977,-0.0236132569392758,0.),(0.,0.0499999999999998),
 .UNSPECIFIED.);
#586=B_SPLINE_SURFACE_WITH_KNOTS('',3,1,((#10131,#10132),(#10133,#10134),
(#10135,#10136),(#10137,#10138),(#10139,#10140)),.UNSPECIFIED.,.F.,.F.,
 .F.,(4,1,4),(2,2),(-0.0416243406007543,-0.0211361770855843,0.),(0.,0.0499999999999998),
 .UNSPECIFIED.);
#587=B_SPLINE_SURFACE_WITH_KNOTS('',3,1,((#10154,#10155),(#10156,#10157),
(#10158,#10159),(#10160,#10161),(#10162,#10163)),.UNSPECIFIED.,.F.,.F.,
 .F.,(4,1,4),(2,2),(-0.0437670268197702,-0.0187582190383254,0.),(0.,0.0499999999999998),
 .UNSPECIFIED.);
#588=B_SPLINE_SURFACE_WITH_KNOTS('',3,1,((#10180,#10181),(#10182,#10183),
(#10184,#10185),(#10186,#10187),(#10188,#10189)),.UNSPECIFIED.,.F.,.F.,
 .F.,(4,1,4),(2,2),(-0.0543522290558182,-0.0291276676158217,0.),(0.,0.0499999999999998),
 .UNSPECIFIED.);
#589=B_SPLINE_SURFACE_WITH_KNOTS('',3,1,((#10206,#10207),(#10208,#10209),
(#10210,#10211),(#10212,#10213),(#10214,#10215)),.UNSPECIFIED.,.F.,.F.,
 .F.,(4,1,4),(2,2),(-0.048322035322094,-0.0237320586954775,0.),(0.,0.0499999999999998),
 .UNSPECIFIED.);
#590=B_SPLINE_SURFACE_WITH_KNOTS('',3,1,((#10229,#10230),(#10231,#10232),
(#10233,#10234),(#10235,#10236),(#10237,#10238)),.UNSPECIFIED.,.F.,.F.,
 .F.,(4,1,4),(2,2),(-0.068575812783698,-0.0372965944515682,0.),(0.,0.0499999999999998),
 .UNSPECIFIED.);
#591=B_SPLINE_SURFACE_WITH_KNOTS('',3,1,((#10252,#10253),(#10254,#10255),
(#10256,#10257),(#10258,#10259),(#10260,#10261)),.UNSPECIFIED.,.F.,.F.,
 .F.,(4,1,4),(2,2),(-0.0581584207599028,-0.0287012050823017,0.),(0.,0.0499999999999998),
 .UNSPECIFIED.);
#592=B_SPLINE_SURFACE_WITH_KNOTS('',3,1,((#10275,#10276),(#10277,#10278),
(#10279,#10280),(#10281,#10282),(#10283,#10284)),.UNSPECIFIED.,.F.,.F.,
 .F.,(4,1,4),(2,2),(-0.0353488787825852,-0.0179418547764783,0.),(0.,0.0499999999999998),
 .UNSPECIFIED.);
#593=B_SPLINE_SURFACE_WITH_KNOTS('',3,1,((#10298,#10299),(#10300,#10301),
(#10302,#10303),(#10304,#10305),(#10306,#10307)),.UNSPECIFIED.,.F.,.F.,
 .F.,(4,1,4),(2,2),(-0.0334586447336265,-0.016981894312242,0.),(0.,0.0499999999999998),
 .UNSPECIFIED.);
#594=B_SPLINE_SURFACE_WITH_KNOTS('',3,1,((#10321,#10322),(#10323,#10324),
(#10325,#10326),(#10327,#10328),(#10329,#10330)),.UNSPECIFIED.,.F.,.F.,
 .F.,(4,1,4),(2,2),(-0.0340886823448346,-0.0167281276311517,0.),(0.,0.0499999999999998),
 .UNSPECIFIED.);
#595=B_SPLINE_SURFACE_WITH_KNOTS('',3,1,((#10344,#10345),(#10346,#10347),
(#10348,#10349),(#10350,#10351),(#10352,#10353)),.UNSPECIFIED.,.F.,.F.,
 .F.,(4,1,4),(2,2),(-0.0387580470557082,-0.0162124865778063,0.),(0.,0.0499999999999998),
 .UNSPECIFIED.);
#596=B_SPLINE_SURFACE_WITH_KNOTS('',3,1,((#10367,#10368),(#10369,#10370),
(#10371,#10372),(#10373,#10374),(#10375,#10376)),.UNSPECIFIED.,.F.,.F.,
 .F.,(4,1,4),(2,2),(-0.0781474012568054,-0.0456919335988426,0.),(0.,0.0499999999999998),
 .UNSPECIFIED.);
#597=B_SPLINE_SURFACE_WITH_KNOTS('',3,1,((#10390,#10391),(#10392,#10393),
(#10394,#10395),(#10396,#10397),(#10398,#10399)),.UNSPECIFIED.,.F.,.F.,
 .F.,(4,1,4),(2,2),(-0.0112236609499088,-0.00722422194647161,0.),(0.,0.0499999999999998),
 .UNSPECIFIED.);
#598=B_SPLINE_SURFACE_WITH_KNOTS('',3,1,((#10413,#10414),(#10415,#10416),
(#10417,#10418),(#10419,#10420),(#10421,#10422)),.UNSPECIFIED.,.F.,.F.,
 .F.,(4,1,4),(2,2),(-0.039828702414895,-0.0225883802088248,0.),(0.,0.0499999999999998),
 .UNSPECIFIED.);
#599=B_SPLINE_SURFACE_WITH_KNOTS('',3,1,((#10436,#10437),(#10438,#10439),
(#10440,#10441),(#10442,#10443),(#10444,#10445)),.UNSPECIFIED.,.F.,.F.,
 .F.,(4,1,4),(2,2),(-0.0519061761785702,-0.0232038079866964,0.),(0.,0.0499999999999998),
 .UNSPECIFIED.);
#600=B_SPLINE_SURFACE_WITH_KNOTS('',3,1,((#10459,#10460),(#10461,#10462),
(#10463,#10464),(#10465,#10466),(#10467,#10468)),.UNSPECIFIED.,.F.,.F.,
 .F.,(4,1,4),(2,2),(-0.0465481384387788,-0.0264848502989777,0.),(0.,0.0499999999999998),
 .UNSPECIFIED.);
#601=B_SPLINE_SURFACE_WITH_KNOTS('',3,1,((#10482,#10483),(#10484,#10485),
(#10486,#10487),(#10488,#10489),(#10490,#10491)),.UNSPECIFIED.,.F.,.F.,
 .F.,(4,1,4),(2,2),(-0.0438715638428324,-0.019347247113932,0.),(0.,0.0499999999999998),
 .UNSPECIFIED.);
#602=B_SPLINE_SURFACE_WITH_KNOTS('',3,1,((#10511,#10512),(#10513,#10514),
(#10515,#10516),(#10517,#10518),(#10519,#10520)),.UNSPECIFIED.,.F.,.F.,
 .F.,(4,1,4),(2,2),(-0.0477923301374748,-0.025532990812369,0.),(0.,0.0499999999999998),
 .UNSPECIFIED.);
#603=B_SPLINE_SURFACE_WITH_KNOTS('',3,1,((#10534,#10535),(#10536,#10537),
(#10538,#10539),(#10540,#10541),(#10542,#10543)),.UNSPECIFIED.,.F.,.F.,
 .F.,(4,1,4),(2,2),(-0.0462073369813622,-0.0217568765322871,0.),(0.,0.0499999999999998),
 .UNSPECIFIED.);
#604=B_SPLINE_SURFACE_WITH_KNOTS('',3,1,((#10557,#10558),(#10559,#10560),
(#10561,#10562),(#10563,#10564),(#10565,#10566)),.UNSPECIFIED.,.F.,.F.,
 .F.,(4,1,4),(2,2),(-0.058447336748427,-0.0276276029409195,0.),(0.,0.0499999999999998),
 .UNSPECIFIED.);
#605=B_SPLINE_SURFACE_WITH_KNOTS('',3,1,((#10580,#10581),(#10582,#10583),
(#10584,#10585),(#10586,#10587),(#10588,#10589)),.UNSPECIFIED.,.F.,.F.,
 .F.,(4,1,4),(2,2),(-0.0535175566083459,-0.0294871817725717,0.),(0.,0.0499999999999998),
 .UNSPECIFIED.);
#606=B_SPLINE_SURFACE_WITH_KNOTS('',3,1,((#10603,#10604),(#10605,#10606),
(#10607,#10608),(#10609,#10610),(#10611,#10612)),.UNSPECIFIED.,.F.,.F.,
 .F.,(4,1,4),(2,2),(-0.0357911860422375,-0.0196063075321259,0.),(0.,0.0499999999999998),
 .UNSPECIFIED.);
#607=B_SPLINE_SURFACE_WITH_KNOTS('',3,1,((#10626,#10627),(#10628,#10629),
(#10630,#10631),(#10632,#10633),(#10634,#10635)),.UNSPECIFIED.,.F.,.F.,
 .F.,(4,1,4),(2,2),(-0.0323900683203476,-0.0154120492193108,0.),(0.,0.0499999999999998),
 .UNSPECIFIED.);
#608=B_SPLINE_SURFACE_WITH_KNOTS('',3,1,((#10649,#10650),(#10651,#10652),
(#10653,#10654),(#10655,#10656),(#10657,#10658)),.UNSPECIFIED.,.F.,.F.,
 .F.,(4,1,4),(2,2),(-0.0397216716934504,-0.0154830929668382,0.),(0.,0.0499999999999998),
 .UNSPECIFIED.);
#609=B_SPLINE_SURFACE_WITH_KNOTS('',3,1,((#10678,#10679),(#10680,#10681),
(#10682,#10683),(#10684,#10685),(#10686,#10687)),.UNSPECIFIED.,.F.,.F.,
 .F.,(4,1,4),(2,2),(-0.0758850328006655,-0.0489176971589747,0.),(0.,0.0499999999999998),
 .UNSPECIFIED.);
#610=B_SPLINE_SURFACE_WITH_KNOTS('',3,1,((#10701,#10702),(#10703,#10704),
(#10705,#10706),(#10707,#10708),(#10709,#10710)),.UNSPECIFIED.,.F.,.F.,
 .F.,(4,1,4),(2,2),(-0.0324370539573113,-0.0160768860196621,0.),(0.,0.0499999999999998),
 .UNSPECIFIED.);
#611=B_SPLINE_SURFACE_WITH_KNOTS('',3,1,((#10730,#10731),(#10732,#10733),
(#10734,#10735),(#10736,#10737),(#10738,#10739)),.UNSPECIFIED.,.F.,.F.,
 .F.,(4,1,4),(2,2),(-0.0325649941670404,-0.0155083980528449,0.),(0.,0.0499999999999998),
 .UNSPECIFIED.);
#612=B_SPLINE_SURFACE_WITH_KNOTS('',3,1,((#10773,#10774),(#10775,#10776),
(#10777,#10778),(#10779,#10780),(#10781,#10782)),.UNSPECIFIED.,.F.,.F.,
 .F.,(4,1,4),(2,2),(-0.0817156870867635,-0.0420846017124885,0.),(0.,0.0499999999999998),
 .UNSPECIFIED.);
#613=B_SPLINE_SURFACE_WITH_KNOTS('',3,1,((#10796,#10797),(#10798,#10799),
(#10800,#10801),(#10802,#10803),(#10804,#10805)),.UNSPECIFIED.,.F.,.F.,
 .F.,(4,1,4),(2,2),(-0.0760585858456084,-0.0381810909459315,0.),(0.,0.0499999999999998),
 .UNSPECIFIED.);
#614=B_SPLINE_SURFACE_WITH_KNOTS('',3,1,((#10819,#10820),(#10821,#10822),
(#10823,#10824),(#10825,#10826),(#10827,#10828)),.UNSPECIFIED.,.F.,.F.,
 .F.,(4,1,4),(2,2),(-0.0969987296328902,-0.0495199950061067,0.),(0.,0.0499999999999998),
 .UNSPECIFIED.);
#615=B_SPLINE_SURFACE_WITH_KNOTS('',3,1,((#10842,#10843),(#10844,#10845),
(#10846,#10847),(#10848,#10849),(#10850,#10851)),.UNSPECIFIED.,.F.,.F.,
 .F.,(4,1,4),(2,2),(-0.0912708290927036,-0.0457889916780074,0.),(0.,0.0499999999999998),
 .UNSPECIFIED.);
#616=B_SPLINE_SURFACE_WITH_KNOTS('',3,1,((#10865,#10866),(#10867,#10868),
(#10869,#10870),(#10871,#10872),(#10873,#10874)),.UNSPECIFIED.,.F.,.F.,
 .F.,(4,1,4),(2,2),(-0.0964865605752474,-0.0470719798859585,0.),(0.,0.0499999999999998),
 .UNSPECIFIED.);
#617=B_SPLINE_SURFACE_WITH_KNOTS('',3,1,((#10888,#10889),(#10890,#10891),
(#10892,#10893),(#10894,#10895),(#10896,#10897)),.UNSPECIFIED.,.F.,.F.,
 .F.,(4,1,4),(2,2),(-0.0983789893117145,-0.0496784154849362,0.),(0.,0.0499999999999998),
 .UNSPECIFIED.);
#618=B_SPLINE_SURFACE_WITH_KNOTS('',3,1,((#10911,#10912),(#10913,#10914),
(#10915,#10916),(#10917,#10918),(#10919,#10920)),.UNSPECIFIED.,.F.,.F.,
 .F.,(4,1,4),(2,2),(-0.091212847785499,-0.046558847527975,0.),(0.,0.0499999999999998),
 .UNSPECIFIED.);
#619=B_SPLINE_SURFACE_WITH_KNOTS('',3,1,((#10934,#10935),(#10936,#10937),
(#10938,#10939),(#10940,#10941),(#10942,#10943)),.UNSPECIFIED.,.F.,.F.,
 .F.,(4,1,4),(2,2),(-0.0955972676657156,-0.046064063949655,0.),(0.,0.0499999999999998),
 .UNSPECIFIED.);
#620=B_SPLINE_SURFACE_WITH_KNOTS('',3,1,((#10957,#10958),(#10959,#10960),
(#10961,#10962),(#10963,#10964),(#10965,#10966)),.UNSPECIFIED.,.F.,.F.,
 .F.,(4,1,4),(2,2),(-0.0700526093883699,-0.0362705098270497,0.),(0.,0.0499999999999998),
 .UNSPECIFIED.);
#621=B_SPLINE_SURFACE_WITH_KNOTS('',3,1,((#10980,#10981),(#10982,#10983),
(#10984,#10985),(#10986,#10987),(#10988,#10989)),.UNSPECIFIED.,.F.,.F.,
 .F.,(4,1,4),(2,2),(-0.0595709809318233,-0.0310703909758529,0.),(0.,0.0499999999999998),
 .UNSPECIFIED.);
#622=B_SPLINE_SURFACE_WITH_KNOTS('',3,1,((#11003,#11004),(#11005,#11006),
(#11007,#11008),(#11009,#11010),(#11011,#11012)),.UNSPECIFIED.,.F.,.F.,
 .F.,(4,1,4),(2,2),(-0.0634756774601278,-0.0295928026776451,0.),(0.,0.0499999999999998),
 .UNSPECIFIED.);
#623=B_SPLINE_SURFACE_WITH_KNOTS('',3,1,((#11032,#11033),(#11034,#11035),
(#11036,#11037),(#11038,#11039),(#11040,#11041)),.UNSPECIFIED.,.F.,.F.,
 .F.,(4,1,4),(2,2),(-0.046543030019154,-0.0254563150204552,0.),(0.,0.0499999999999998),
 .UNSPECIFIED.);
#624=B_SPLINE_SURFACE_WITH_KNOTS('',3,1,((#11055,#11056),(#11057,#11058),
(#11059,#11060),(#11061,#11062),(#11063,#11064)),.UNSPECIFIED.,.F.,.F.,
 .F.,(4,1,4),(2,2),(-0.0417787339211573,-0.0197753486152828,0.),(0.,0.0499999999999998),
 .UNSPECIFIED.);
#625=B_SPLINE_SURFACE_WITH_KNOTS('',3,1,((#11078,#11079),(#11080,#11081),
(#11082,#11083),(#11084,#11085),(#11086,#11087)),.UNSPECIFIED.,.F.,.F.,
 .F.,(4,1,4),(2,2),(-0.0493449202634784,-0.023933805541194,0.),(0.,0.0499999999999998),
 .UNSPECIFIED.);
#626=B_SPLINE_SURFACE_WITH_KNOTS('',3,1,((#11101,#11102),(#11103,#11104),
(#11105,#11106),(#11107,#11108),(#11109,#11110)),.UNSPECIFIED.,.F.,.F.,
 .F.,(4,1,4),(2,2),(-0.0560284369905069,-0.0297029039903485,0.),(0.,0.0499999999999998),
 .UNSPECIFIED.);
#627=B_SPLINE_SURFACE_WITH_KNOTS('',3,1,((#11124,#11125),(#11126,#11127),
(#11128,#11129),(#11130,#11131),(#11132,#11133)),.UNSPECIFIED.,.F.,.F.,
 .F.,(4,1,4),(2,2),(-0.0454745466887099,-0.0237252655013154,0.),(0.,0.0499999999999998),
 .UNSPECIFIED.);
#628=B_SPLINE_SURFACE_WITH_KNOTS('',3,1,((#11147,#11148),(#11149,#11150),
(#11151,#11152),(#11153,#11154),(#11155,#11156)),.UNSPECIFIED.,.F.,.F.,
 .F.,(4,1,4),(2,2),(-0.041211205845659,-0.0208013856027009,0.),(0.,0.0499999999999998),
 .UNSPECIFIED.);
#629=B_SPLINE_SURFACE_WITH_KNOTS('',3,1,((#11170,#11171),(#11172,#11173),
(#11174,#11175),(#11176,#11177),(#11178,#11179)),.UNSPECIFIED.,.F.,.F.,
 .F.,(4,1,4),(2,2),(-0.0720364056411837,-0.0352963987067399,0.),(0.,0.0499999999999998),
 .UNSPECIFIED.);
#630=B_SPLINE_SURFACE_WITH_KNOTS('',3,1,((#11193,#11194),(#11195,#11196),
(#11197,#11198),(#11199,#11200),(#11201,#11202)),.UNSPECIFIED.,.F.,.F.,
 .F.,(4,1,4),(2,2),(-0.08050676617317,-0.0431625554938607,0.),(0.,0.0499999999999998),
 .UNSPECIFIED.);
#631=B_SPLINE_SURFACE_WITH_KNOTS('',3,1,((#11216,#11217),(#11218,#11219),
(#11220,#11221),(#11222,#11223),(#11224,#11225)),.UNSPECIFIED.,.F.,.F.,
 .F.,(4,1,4),(2,2),(-0.0671568816700661,-0.03384224150892,0.),(0.,0.0499999999999998),
 .UNSPECIFIED.);
#632=B_SPLINE_SURFACE_WITH_KNOTS('',3,1,((#11239,#11240),(#11241,#11242),
(#11243,#11244),(#11245,#11246),(#11247,#11248)),.UNSPECIFIED.,.F.,.F.,
 .F.,(4,1,4),(2,2),(-0.067636805053772,-0.0337577349250696,0.),(0.,0.0499999999999998),
 .UNSPECIFIED.);
#633=B_SPLINE_SURFACE_WITH_KNOTS('',3,1,((#11262,#11263),(#11264,#11265),
(#11266,#11267),(#11268,#11269),(#11270,#11271)),.UNSPECIFIED.,.F.,.F.,
 .F.,(4,1,4),(2,2),(-0.0601439093537521,-0.0298643950275399,0.),(0.,0.0499999999999998),
 .UNSPECIFIED.);
#634=B_SPLINE_SURFACE_WITH_KNOTS('',3,1,((#11285,#11286),(#11287,#11288),
(#11289,#11290),(#11291,#11292),(#11293,#11294)),.UNSPECIFIED.,.F.,.F.,
 .F.,(4,1,4),(2,2),(-0.0501561048907513,-0.027885952964748,0.),(0.,0.0499999999999998),
 .UNSPECIFIED.);
#635=B_SPLINE_SURFACE_WITH_KNOTS('',3,1,((#11319,#11320),(#11321,#11322),
(#11323,#11324),(#11325,#11326),(#11327,#11328)),.UNSPECIFIED.,.F.,.F.,
 .F.,(4,1,4),(2,2),(-0.0768184613144909,-0.0428647348265933,0.),(0.,0.0499999999999998),
 .UNSPECIFIED.);
#636=B_SPLINE_SURFACE_WITH_KNOTS('',3,1,((#11345,#11346),(#11347,#11348),
(#11349,#11350),(#11351,#11352),(#11353,#11354)),.UNSPECIFIED.,.F.,.F.,
 .F.,(4,1,4),(2,2),(-0.0555460584325544,-0.0287756154544682,0.),(0.,0.0499999999999998),
 .UNSPECIFIED.);
#637=B_SPLINE_SURFACE_WITH_KNOTS('',3,1,((#11368,#11369),(#11370,#11371),
(#11372,#11373),(#11374,#11375),(#11376,#11377)),.UNSPECIFIED.,.F.,.F.,
 .F.,(4,1,4),(2,2),(-0.0545114419682109,-0.0266820281640797,0.),(0.,0.0499999999999998),
 .UNSPECIFIED.);
#638=B_SPLINE_SURFACE_WITH_KNOTS('',3,1,((#11391,#11392),(#11393,#11394),
(#11395,#11396),(#11397,#11398),(#11399,#11400)),.UNSPECIFIED.,.F.,.F.,
 .F.,(4,1,4),(2,2),(-0.0741386477903759,-0.0326322590031001,0.),(0.,0.0499999999999998),
 .UNSPECIFIED.);
#639=B_SPLINE_SURFACE_WITH_KNOTS('',3,1,((#11414,#11415),(#11416,#11417),
(#11418,#11419),(#11420,#11421),(#11422,#11423)),.UNSPECIFIED.,.F.,.F.,
 .F.,(4,1,4),(2,2),(-0.0801048013383059,-0.0454004902438285,0.),(0.,0.0499999999999998),
 .UNSPECIFIED.);
#640=B_SPLINE_SURFACE_WITH_KNOTS('',3,1,((#11437,#11438),(#11439,#11440),
(#11441,#11442),(#11443,#11444),(#11445,#11446)),.UNSPECIFIED.,.F.,.F.,
 .F.,(4,1,4),(2,2),(-0.0566031835306047,-0.0288883899078144,0.),(0.,0.0499999999999998),
 .UNSPECIFIED.);
#641=B_SPLINE_SURFACE_WITH_KNOTS('',3,1,((#11460,#11461),(#11462,#11463),
(#11464,#11465),(#11466,#11467),(#11468,#11469)),.UNSPECIFIED.,.F.,.F.,
 .F.,(4,1,4),(2,2),(-0.0547460829471267,-0.0269346406166681,0.),(0.,0.0499999999999998),
 .UNSPECIFIED.);
#642=B_SPLINE_SURFACE_WITH_KNOTS('',3,1,((#11483,#11484),(#11485,#11486),
(#11487,#11488),(#11489,#11490),(#11491,#11492)),.UNSPECIFIED.,.F.,.F.,
 .F.,(4,1,4),(2,2),(-0.0773051482407785,-0.0334107899632762,0.),(0.,0.0499999999999998),
 .UNSPECIFIED.);
#643=B_SPLINE_SURFACE_WITH_KNOTS('',3,1,((#11512,#11513),(#11514,#11515),
(#11516,#11517),(#11518,#11519),(#11520,#11521)),.UNSPECIFIED.,.F.,.F.,
 .F.,(4,1,4),(2,2),(-0.0832699396966962,-0.041078532411905,0.),(0.,0.0499999999999998),
 .UNSPECIFIED.);
#644=B_SPLINE_SURFACE_WITH_KNOTS('',3,1,((#11535,#11536),(#11537,#11538),
(#11539,#11540),(#11541,#11542),(#11543,#11544)),.UNSPECIFIED.,.F.,.F.,
 .F.,(4,1,4),(2,2),(-0.058845627079818,-0.0293952765198784,0.),(0.,0.0499999999999998),
 .UNSPECIFIED.);
#645=B_SPLINE_SURFACE_WITH_KNOTS('',3,1,((#11558,#11559),(#11560,#11561),
(#11562,#11563),(#11564,#11565),(#11566,#11567)),.UNSPECIFIED.,.F.,.F.,
 .F.,(4,1,4),(2,2),(-0.0616864448854534,-0.030166458475589,0.),(0.,0.0499999999999998),
 .UNSPECIFIED.);
#646=B_SPLINE_SURFACE_WITH_KNOTS('',3,1,((#11581,#11582),(#11583,#11584),
(#11585,#11586),(#11587,#11588),(#11589,#11590)),.UNSPECIFIED.,.F.,.F.,
 .F.,(4,1,4),(2,2),(-0.0707046772742099,-0.0338616103312324,0.),(0.,0.0499999999999998),
 .UNSPECIFIED.);
#647=B_SPLINE_SURFACE_WITH_KNOTS('',3,1,((#11604,#11605),(#11606,#11607),
(#11608,#11609),(#11610,#11611),(#11612,#11613)),.UNSPECIFIED.,.F.,.F.,
 .F.,(4,1,4),(2,2),(-0.0703659688825848,-0.0363375924025485,0.),(0.,0.0499999999999998),
 .UNSPECIFIED.);
#648=B_SPLINE_SURFACE_WITH_KNOTS('',3,1,((#11627,#11628),(#11629,#11630),
(#11631,#11632),(#11633,#11634),(#11635,#11636)),.UNSPECIFIED.,.F.,.F.,
 .F.,(4,1,4),(2,2),(-0.0614516591868177,-0.0315564441092484,0.),(0.,0.0499999999999998),
 .UNSPECIFIED.);
#649=B_SPLINE_SURFACE_WITH_KNOTS('',3,1,((#11650,#11651),(#11652,#11653),
(#11654,#11655),(#11656,#11657),(#11658,#11659)),.UNSPECIFIED.,.F.,.F.,
 .F.,(4,1,4),(2,2),(-0.0595767250953158,-0.0295100907286432,0.),(0.,0.0499999999999998),
 .UNSPECIFIED.);
#650=B_SPLINE_SURFACE_WITH_KNOTS('',3,1,((#11673,#11674),(#11675,#11676),
(#11677,#11678),(#11679,#11680),(#11681,#11682)),.UNSPECIFIED.,.F.,.F.,
 .F.,(4,1,4),(2,2),(-0.0422863074222004,-0.0218004859031482,0.),(0.,0.0499999999999998),
 .UNSPECIFIED.);
#651=B_SPLINE_SURFACE_WITH_KNOTS('',3,1,((#11696,#11697),(#11698,#11699),
(#11700,#11701),(#11702,#11703),(#11704,#11705)),.UNSPECIFIED.,.F.,.F.,
 .F.,(4,1,4),(2,2),(-0.0387576386749545,-0.0196843660228548,0.),(0.,0.0499999999999998),
 .UNSPECIFIED.);
#652=B_SPLINE_SURFACE_WITH_KNOTS('',3,1,((#11742,#11743),(#11744,#11745),
(#11746,#11747),(#11748,#11749),(#11750,#11751)),.UNSPECIFIED.,.F.,.F.,
 .F.,(4,1,4),(2,2),(-0.0721594806446877,-0.0305511956649805,0.),(0.,0.0499999999999998),
 .UNSPECIFIED.);
#653=B_SPLINE_SURFACE_WITH_KNOTS('',3,1,((#11768,#11769),(#11770,#11771),
(#11772,#11773),(#11774,#11775),(#11776,#11777)),.UNSPECIFIED.,.F.,.F.,
 .F.,(4,1,4),(2,2),(-0.0385209973466018,-0.0229823077679121,0.),(0.,0.0499999999999998),
 .UNSPECIFIED.);
#654=B_SPLINE_SURFACE_WITH_KNOTS('',3,1,((#11791,#11792),(#11793,#11794),
(#11795,#11796),(#11797,#11798),(#11799,#11800)),.UNSPECIFIED.,.F.,.F.,
 .F.,(4,1,4),(2,2),(-0.0222100078762052,-0.0113672316834332,0.),(0.,0.0499999999999998),
 .UNSPECIFIED.);
#655=B_SPLINE_SURFACE_WITH_KNOTS('',3,1,((#11814,#11815),(#11816,#11817),
(#11818,#11819),(#11820,#11821),(#11822,#11823)),.UNSPECIFIED.,.F.,.F.,
 .F.,(4,1,4),(2,2),(-0.0214992968262367,-0.0106821887792491,0.),(0.,0.0499999999999998),
 .UNSPECIFIED.);
#656=B_SPLINE_SURFACE_WITH_KNOTS('',3,1,((#11837,#11838),(#11839,#11840),
(#11841,#11842),(#11843,#11844),(#11845,#11846)),.UNSPECIFIED.,.F.,.F.,
 .F.,(4,1,4),(2,2),(-0.0322585671379858,-0.0160894029887408,0.),(0.,0.0499999999999998),
 .UNSPECIFIED.);
#657=B_SPLINE_SURFACE_WITH_KNOTS('',3,1,((#11860,#11861),(#11862,#11863),
(#11864,#11865),(#11866,#11867),(#11868,#11869)),.UNSPECIFIED.,.F.,.F.,
 .F.,(4,1,4),(2,2),(-0.0404244464538299,-0.0181850612422314,0.),(0.,0.0499999999999998),
 .UNSPECIFIED.);
#658=B_SPLINE_SURFACE_WITH_KNOTS('',3,1,((#11883,#11884),(#11885,#11886),
(#11887,#11888),(#11889,#11890),(#11891,#11892)),.UNSPECIFIED.,.F.,.F.,
 .F.,(4,1,4),(2,2),(-0.0458692873193135,-0.023613345752994,0.),(0.,0.0499999999999998),
 .UNSPECIFIED.);
#659=B_SPLINE_SURFACE_WITH_KNOTS('',3,1,((#11906,#11907),(#11908,#11909),
(#11910,#11911),(#11912,#11913),(#11914,#11915)),.UNSPECIFIED.,.F.,.F.,
 .F.,(4,1,4),(2,2),(-0.0416242899441331,-0.0211361179640207,0.),(0.,0.0499999999999998),
 .UNSPECIFIED.);
#660=B_SPLINE_SURFACE_WITH_KNOTS('',3,1,((#11929,#11930),(#11931,#11932),
(#11933,#11934),(#11935,#11936),(#11937,#11938)),.UNSPECIFIED.,.F.,.F.,
 .F.,(4,1,4),(2,2),(-0.0437670928185231,-0.0187582850370783,0.),(0.,0.0499999999999998),
 .UNSPECIFIED.);
#661=B_SPLINE_SURFACE_WITH_KNOTS('',3,1,((#11955,#11956),(#11957,#11958),
(#11959,#11960),(#11961,#11962),(#11963,#11964)),.UNSPECIFIED.,.F.,.F.,
 .F.,(4,1,4),(2,2),(-0.0543521252243259,-0.0291276436463233,0.),(0.,0.0499999999999998),
 .UNSPECIFIED.);
#662=B_SPLINE_SURFACE_WITH_KNOTS('',3,1,((#11981,#11982),(#11983,#11984),
(#11985,#11986),(#11987,#11988),(#11989,#11990)),.UNSPECIFIED.,.F.,.F.,
 .F.,(4,1,4),(2,2),(-0.0483222120643407,-0.0237321018120723,0.),(0.,0.0499999999999998),
 .UNSPECIFIED.);
#663=B_SPLINE_SURFACE_WITH_KNOTS('',3,1,((#12004,#12005),(#12006,#12007),
(#12008,#12009),(#12010,#12011),(#12012,#12013)),.UNSPECIFIED.,.F.,.F.,
 .F.,(4,1,4),(2,2),(-0.068575805716877,-0.0372965354075062,0.),(0.,0.0499999999999998),
 .UNSPECIFIED.);
#664=B_SPLINE_SURFACE_WITH_KNOTS('',3,1,((#12027,#12028),(#12029,#12030),
(#12031,#12032),(#12033,#12034),(#12035,#12036)),.UNSPECIFIED.,.F.,.F.,
 .F.,(4,1,4),(2,2),(-0.0581584153078336,-0.0287012138209321,0.),(0.,0.0499999999999998),
 .UNSPECIFIED.);
#665=B_SPLINE_SURFACE_WITH_KNOTS('',3,1,((#12050,#12051),(#12052,#12053),
(#12054,#12055),(#12056,#12057),(#12058,#12059)),.UNSPECIFIED.,.F.,.F.,
 .F.,(4,1,4),(2,2),(-0.0353488278864144,-0.017941858295979,0.),(0.,0.0499999999999998),
 .UNSPECIFIED.);
#666=B_SPLINE_SURFACE_WITH_KNOTS('',3,1,((#12073,#12074),(#12075,#12076),
(#12077,#12078),(#12079,#12080),(#12081,#12082)),.UNSPECIFIED.,.F.,.F.,
 .F.,(4,1,4),(2,2),(-0.0334586606203844,-0.0169819887923831,0.),(0.,0.0499999999999998),
 .UNSPECIFIED.);
#667=B_SPLINE_SURFACE_WITH_KNOTS('',3,1,((#12096,#12097),(#12098,#12099),
(#12100,#12101),(#12102,#12103),(#12104,#12105)),.UNSPECIFIED.,.F.,.F.,
 .F.,(4,1,4),(2,2),(-0.0340887434505981,-0.0167280626334652,0.),(0.,0.0499999999999998),
 .UNSPECIFIED.);
#668=B_SPLINE_SURFACE_WITH_KNOTS('',3,1,((#12119,#12120),(#12121,#12122),
(#12123,#12124),(#12125,#12126),(#12127,#12128)),.UNSPECIFIED.,.F.,.F.,
 .F.,(4,1,4),(2,2),(-0.0387580483458685,-0.0162123698379118,0.),(0.,0.0499999999999998),
 .UNSPECIFIED.);
#669=B_SPLINE_SURFACE_WITH_KNOTS('',3,1,((#12142,#12143),(#12144,#12145),
(#12146,#12147),(#12148,#12149),(#12150,#12151)),.UNSPECIFIED.,.F.,.F.,
 .F.,(4,1,4),(2,2),(-0.0781475173765554,-0.045691963068868,0.),(0.,0.0499999999999998),
 .UNSPECIFIED.);
#670=B_SPLINE_SURFACE_WITH_KNOTS('',3,1,((#12165,#12166),(#12167,#12168),
(#12169,#12170),(#12171,#12172),(#12173,#12174)),.UNSPECIFIED.,.F.,.F.,
 .F.,(4,1,4),(2,2),(-0.0112236544484577,-0.00722421455627339,0.),(0.,0.0499999999999998),
 .UNSPECIFIED.);
#671=B_SPLINE_SURFACE_WITH_KNOTS('',3,1,((#12188,#12189),(#12190,#12191),
(#12192,#12193),(#12194,#12195),(#12196,#12197)),.UNSPECIFIED.,.F.,.F.,
 .F.,(4,1,4),(2,2),(-0.0398286981195993,-0.0225883601277222,0.),(0.,0.0499999999999998),
 .UNSPECIFIED.);
#672=B_SPLINE_SURFACE_WITH_KNOTS('',3,1,((#12211,#12212),(#12213,#12214),
(#12215,#12216),(#12217,#12218),(#12219,#12220)),.UNSPECIFIED.,.F.,.F.,
 .F.,(4,1,4),(2,2),(-0.0519060481296282,-0.0232038868688385,0.),(0.,0.0499999999999998),
 .UNSPECIFIED.);
#673=B_SPLINE_SURFACE_WITH_KNOTS('',3,1,((#12234,#12235),(#12236,#12237),
(#12238,#12239),(#12240,#12241),(#12242,#12243)),.UNSPECIFIED.,.F.,.F.,
 .F.,(4,1,4),(2,2),(-0.0465483152008447,-0.0264850133854252,0.),(0.,0.0499999999999998),
 .UNSPECIFIED.);
#674=B_SPLINE_SURFACE_WITH_KNOTS('',3,1,((#12257,#12258),(#12259,#12260),
(#12261,#12262),(#12263,#12264),(#12265,#12266)),.UNSPECIFIED.,.F.,.F.,
 .F.,(4,1,4),(2,2),(-0.0438715210488225,-0.019347247113932,0.),(0.,0.0499999999999998),
 .UNSPECIFIED.);
#675=B_SPLINE_SURFACE_WITH_KNOTS('',3,1,((#12286,#12287),(#12288,#12289),
(#12290,#12291),(#12292,#12293),(#12294,#12295)),.UNSPECIFIED.,.F.,.F.,
 .F.,(4,1,4),(2,2),(-0.0477922405887547,-0.0255329465739297,0.),(0.,0.0499999999999998),
 .UNSPECIFIED.);
#676=B_SPLINE_SURFACE_WITH_KNOTS('',3,1,((#12309,#12310),(#12311,#12312),
(#12313,#12314),(#12315,#12316),(#12317,#12318)),.UNSPECIFIED.,.F.,.F.,
 .F.,(4,1,4),(2,2),(-0.046207475997455,-0.0217569754991451,0.),(0.,0.0499999999999998),
 .UNSPECIFIED.);
#677=B_SPLINE_SURFACE_WITH_KNOTS('',3,1,((#12332,#12333),(#12334,#12335),
(#12336,#12337),(#12338,#12339),(#12340,#12341)),.UNSPECIFIED.,.F.,.F.,
 .F.,(4,1,4),(2,2),(-0.0584472801533849,-0.027627501760434,0.),(0.,0.0499999999999998),
 .UNSPECIFIED.);
#678=B_SPLINE_SURFACE_WITH_KNOTS('',3,1,((#12355,#12356),(#12357,#12358),
(#12359,#12360),(#12361,#12362),(#12363,#12364)),.UNSPECIFIED.,.F.,.F.,
 .F.,(4,1,4),(2,2),(-0.0535176731762187,-0.029487211512314,0.),(0.,0.0499999999999998),
 .UNSPECIFIED.);
#679=B_SPLINE_SURFACE_WITH_KNOTS('',3,1,((#12378,#12379),(#12380,#12381),
(#12382,#12383),(#12384,#12385),(#12386,#12387)),.UNSPECIFIED.,.F.,.F.,
 .F.,(4,1,4),(2,2),(-0.0357911775749774,-0.019606254004174,0.),(0.,0.0499999999999998),
 .UNSPECIFIED.);
#680=B_SPLINE_SURFACE_WITH_KNOTS('',3,1,((#12401,#12402),(#12403,#12404),
(#12405,#12406),(#12407,#12408),(#12409,#12410)),.UNSPECIFIED.,.F.,.F.,
 .F.,(4,1,4),(2,2),(-0.0323900379177994,-0.0154120649158122,0.),(0.,0.0499999999999998),
 .UNSPECIFIED.);
#681=B_SPLINE_SURFACE_WITH_KNOTS('',3,1,((#12424,#12425),(#12426,#12427),
(#12428,#12429),(#12430,#12431),(#12432,#12433)),.UNSPECIFIED.,.F.,.F.,
 .F.,(4,1,4),(2,2),(-0.0397216568432994,-0.0154830774562123,0.),(0.,0.0499999999999998),
 .UNSPECIFIED.);
#682=B_SPLINE_SURFACE_WITH_KNOTS('',3,1,((#12453,#12454),(#12455,#12456),
(#12457,#12458),(#12459,#12460),(#12461,#12462)),.UNSPECIFIED.,.F.,.F.,
 .F.,(4,1,4),(2,2),(-0.0758850363306619,-0.0489176984133861,0.),(0.,0.0499999999999998),
 .UNSPECIFIED.);
#683=B_SPLINE_SURFACE_WITH_KNOTS('',3,1,((#12476,#12477),(#12478,#12479),
(#12480,#12481),(#12482,#12483),(#12484,#12485)),.UNSPECIFIED.,.F.,.F.,
 .F.,(4,1,4),(2,2),(-0.0324370188792136,-0.0160768632821007,0.),(0.,0.0499999999999998),
 .UNSPECIFIED.);
#684=B_SPLINE_SURFACE_WITH_KNOTS('',3,1,((#12505,#12506),(#12507,#12508),
(#12509,#12510),(#12511,#12512),(#12513,#12514)),.UNSPECIFIED.,.F.,.F.,
 .F.,(4,1,4),(2,2),(-0.0325649839083669,-0.0155083769484249,0.),(0.,0.0499999999999998),
 .UNSPECIFIED.);
#685=B_SPLINE_SURFACE_WITH_KNOTS('',3,1,((#12527,#12528),(#12529,#12530),
(#12531,#12532),(#12533,#12534),(#12535,#12536)),.UNSPECIFIED.,.F.,.F.,
 .F.,(4,1,4),(2,2),(-0.0721594227882425,-0.0305511671355979,0.),(0.,0.0499999999999998),
 .UNSPECIFIED.);
#686=B_SPLINE_SURFACE_WITH_KNOTS('',3,1,((#12553,#12554),(#12555,#12556),
(#12557,#12558),(#12559,#12560),(#12561,#12562)),.UNSPECIFIED.,.F.,.F.,
 .F.,(4,1,4),(2,2),(-0.0385210547697942,-0.0229823224348624,0.),(0.,0.0499999999999998),
 .UNSPECIFIED.);
#687=B_SPLINE_SURFACE_WITH_KNOTS('',3,1,((#12576,#12577),(#12578,#12579),
(#12580,#12581),(#12582,#12583),(#12584,#12585)),.UNSPECIFIED.,.F.,.F.,
 .F.,(4,1,4),(2,2),(-0.0222099795411058,-0.0113671934231206,0.),(0.,0.0499999999999998),
 .UNSPECIFIED.);
#688=B_SPLINE_SURFACE_WITH_KNOTS('',3,1,((#12599,#12600),(#12601,#12602),
(#12603,#12604),(#12605,#12606),(#12607,#12608)),.UNSPECIFIED.,.F.,.F.,
 .F.,(4,1,4),(2,2),(-0.0214993010151994,-0.0106821950237309,0.),(0.,0.0499999999999998),
 .UNSPECIFIED.);
#689=B_SPLINE_SURFACE_WITH_KNOTS('',3,1,((#12622,#12623),(#12624,#12625),
(#12626,#12627),(#12628,#12629),(#12630,#12631)),.UNSPECIFIED.,.F.,.F.,
 .F.,(4,1,4),(2,2),(-0.0322585851247932,-0.0160894029887408,0.),(0.,0.0499999999999998),
 .UNSPECIFIED.);
#690=B_SPLINE_SURFACE_WITH_KNOTS('',3,1,((#12645,#12646),(#12647,#12648),
(#12649,#12650),(#12651,#12652),(#12653,#12654)),.UNSPECIFIED.,.F.,.F.,
 .F.,(4,1,4),(2,2),(-0.0404243939266147,-0.0181850087150162,0.),(0.,0.0499999999999998),
 .UNSPECIFIED.);
#691=B_SPLINE_SURFACE_WITH_KNOTS('',3,1,((#12668,#12669),(#12670,#12671),
(#12672,#12673),(#12674,#12675),(#12676,#12677)),.UNSPECIFIED.,.F.,.F.,
 .F.,(4,1,4),(2,2),(-0.0458693446575493,-0.0236133753575677,0.),(0.,0.0499999999999998),
 .UNSPECIFIED.);
#692=B_SPLINE_SURFACE_WITH_KNOTS('',3,1,((#12691,#12692),(#12693,#12694),
(#12695,#12696),(#12697,#12698),(#12699,#12700)),.UNSPECIFIED.,.F.,.F.,
 .F.,(4,1,4),(2,2),(-0.0416242798661127,-0.0211360824911293,0.),(0.,0.0499999999999998),
 .UNSPECIFIED.);
#693=B_SPLINE_SURFACE_WITH_KNOTS('',3,1,((#12714,#12715),(#12716,#12717),
(#12718,#12719),(#12720,#12721),(#12722,#12723)),.UNSPECIFIED.,.F.,.F.,
 .F.,(4,1,4),(2,2),(-0.0437670763185725,-0.0187582685371278,0.),(0.,0.0499999999999998),
 .UNSPECIFIED.);
#694=B_SPLINE_SURFACE_WITH_KNOTS('',3,1,((#12740,#12741),(#12742,#12743),
(#12744,#12745),(#12746,#12747),(#12748,#12749)),.UNSPECIFIED.,.F.,.F.,
 .F.,(4,1,4),(2,2),(-0.0543521278754958,-0.0291276196768357,0.),(0.,0.0499999999999998),
 .UNSPECIFIED.);
#695=B_SPLINE_SURFACE_WITH_KNOTS('',3,1,((#12766,#12767),(#12768,#12769),
(#12770,#12771),(#12772,#12773),(#12774,#12775)),.UNSPECIFIED.,.F.,.F.,
 .F.,(4,1,4),(2,2),(-0.0483221522000663,-0.0237321161842719,0.),(0.,0.0499999999999998),
 .UNSPECIFIED.);
#696=B_SPLINE_SURFACE_WITH_KNOTS('',3,1,((#12789,#12790),(#12791,#12792),
(#12793,#12794),(#12795,#12796),(#12797,#12798)),.UNSPECIFIED.,.F.,.F.,
 .F.,(4,1,4),(2,2),(-0.0685758612275385,-0.037296564929537,0.),(0.,0.0499999999999998),
 .UNSPECIFIED.);
#697=B_SPLINE_SURFACE_WITH_KNOTS('',3,1,((#12812,#12813),(#12814,#12815),
(#12816,#12817),(#12818,#12819),(#12820,#12821)),.UNSPECIFIED.,.F.,.F.,
 .F.,(4,1,4),(2,2),(-0.0581583919300829,-0.0287011876050561,0.),(0.,0.0499999999999998),
 .UNSPECIFIED.);
#698=B_SPLINE_SURFACE_WITH_KNOTS('',3,1,((#12835,#12836),(#12837,#12838),
(#12839,#12840),(#12841,#12842),(#12843,#12844)),.UNSPECIFIED.,.F.,.F.,
 .F.,(4,1,4),(2,2),(-0.0353488387694603,-0.017941858295979,0.),(0.,0.0499999999999998),
 .UNSPECIFIED.);
#699=B_SPLINE_SURFACE_WITH_KNOTS('',3,1,((#12858,#12859),(#12860,#12861),
(#12862,#12863),(#12864,#12865),(#12866,#12867)),.UNSPECIFIED.,.F.,.F.,
 .F.,(4,1,4),(2,2),(-0.0334586685358119,-0.0169819630249671,0.),(0.,0.0499999999999998),
 .UNSPECIFIED.);
#700=B_SPLINE_SURFACE_WITH_KNOTS('',3,1,((#12881,#12882),(#12883,#12884),
(#12885,#12886),(#12887,#12888),(#12889,#12890)),.UNSPECIFIED.,.F.,.F.,
 .F.,(4,1,4),(2,2),(-0.0340887444625722,-0.0167280496339374,0.),(0.,0.0499999999999998),
 .UNSPECIFIED.);
#701=B_SPLINE_SURFACE_WITH_KNOTS('',3,1,((#12904,#12905),(#12906,#12907),
(#12908,#12909),(#12910,#12911),(#12912,#12913)),.UNSPECIFIED.,.F.,.F.,
 .F.,(4,1,4),(2,2),(-0.0387580483458685,-0.0162123698379118,0.),(0.,0.0499999999999998),
 .UNSPECIFIED.);
#702=B_SPLINE_SURFACE_WITH_KNOTS('',3,1,((#12927,#12928),(#12929,#12930),
(#12931,#12932),(#12933,#12934),(#12935,#12936)),.UNSPECIFIED.,.F.,.F.,
 .F.,(4,1,4),(2,2),(-0.0781474590232868,-0.0456919335988426,0.),(0.,0.0499999999999998),
 .UNSPECIFIED.);
#703=B_SPLINE_SURFACE_WITH_KNOTS('',3,1,((#12950,#12951),(#12952,#12953),
(#12954,#12955),(#12956,#12957),(#12958,#12959)),.UNSPECIFIED.,.F.,.F.,
 .F.,(4,1,4),(2,2),(-0.0112236559255144,-0.00722421603333008,0.),(0.,0.0499999999999998),
 .UNSPECIFIED.);
#704=B_SPLINE_SURFACE_WITH_KNOTS('',3,1,((#12973,#12974),(#12975,#12976),
(#12977,#12978),(#12979,#12980),(#12981,#12982)),.UNSPECIFIED.,.F.,.F.,
 .F.,(4,1,4),(2,2),(-0.0398287179215866,-0.0225883641438655,0.),(0.,0.0499999999999998),
 .UNSPECIFIED.);
#705=B_SPLINE_SURFACE_WITH_KNOTS('',3,1,((#12996,#12997),(#12998,#12999),
(#13000,#13001),(#13002,#13003),(#13004,#13005)),.UNSPECIFIED.,.F.,.F.,
 .F.,(4,1,4),(2,2),(-0.0519060513971543,-0.0232038605747827,0.),(0.,0.0499999999999998),
 .UNSPECIFIED.);
#706=B_SPLINE_SURFACE_WITH_KNOTS('',3,1,((#13019,#13020),(#13021,#13022),
(#13023,#13024),(#13025,#13026),(#13027,#13028)),.UNSPECIFIED.,.F.,.F.,
 .F.,(4,1,4),(2,2),(-0.0465482843983417,-0.0264849689073021,0.),(0.,0.0499999999999998),
 .UNSPECIFIED.);
#707=B_SPLINE_SURFACE_WITH_KNOTS('',3,1,((#13042,#13043),(#13044,#13045),
(#13046,#13047),(#13048,#13049),(#13050,#13051)),.UNSPECIFIED.,.F.,.F.,
 .F.,(4,1,4),(2,2),(-0.0438715210488225,-0.019347247113932,0.),(0.,0.0499999999999998),
 .UNSPECIFIED.);
#708=B_SPLINE_SURFACE_WITH_KNOTS('',3,1,((#13071,#13072),(#13073,#13074),
(#13075,#13076),(#13077,#13078),(#13079,#13080)),.UNSPECIFIED.,.F.,.F.,
 .F.,(4,1,4),(2,2),(-0.0477922494363791,-0.0255329554215541,0.),(0.,0.0499999999999998),
 .UNSPECIFIED.);
#709=B_SPLINE_SURFACE_WITH_KNOTS('',3,1,((#13094,#13095),(#13096,#13097),
(#13098,#13099),(#13100,#13101),(#13102,#13103)),.UNSPECIFIED.,.F.,.F.,
 .F.,(4,1,4),(2,2),(-0.0462074469445609,-0.0217569864954859,0.),(0.,0.0499999999999998),
 .UNSPECIFIED.);
#710=B_SPLINE_SURFACE_WITH_KNOTS('',3,1,((#13117,#13118),(#13119,#13120),
(#13121,#13122),(#13123,#13124),(#13125,#13126)),.UNSPECIFIED.,.F.,.F.,
 .F.,(4,1,4),(2,2),(-0.0584472805608463,-0.0276274873060809,0.),(0.,0.0499999999999998),
 .UNSPECIFIED.);
#711=B_SPLINE_SURFACE_WITH_KNOTS('',3,1,((#13140,#13141),(#13142,#13143),
(#13144,#13145),(#13146,#13147),(#13148,#13149)),.UNSPECIFIED.,.F.,.F.,
 .F.,(4,1,4),(2,2),(-0.0535176739732489,-0.0294872412520565,0.),(0.,0.0499999999999998),
 .UNSPECIFIED.);
#712=B_SPLINE_SURFACE_WITH_KNOTS('',3,1,((#13163,#13164),(#13165,#13166),
(#13167,#13168),(#13169,#13170),(#13171,#13172)),.UNSPECIFIED.,.F.,.F.,
 .F.,(4,1,4),(2,2),(-0.0357912311029294,-0.0196063075321259,0.),(0.,0.0499999999999998),
 .UNSPECIFIED.);
#713=B_SPLINE_SURFACE_WITH_KNOTS('',3,1,((#13186,#13187),(#13188,#13189),
(#13190,#13191),(#13192,#13193),(#13194,#13195)),.UNSPECIFIED.,.F.,.F.,
 .F.,(4,1,4),(2,2),(-0.032390024964316,-0.0154120335228509,0.),(0.,0.0499999999999998),
 .UNSPECIFIED.);
#714=B_SPLINE_SURFACE_WITH_KNOTS('',3,1,((#13209,#13210),(#13211,#13212),
(#13213,#13214),(#13215,#13216),(#13217,#13218)),.UNSPECIFIED.,.F.,.F.,
 .F.,(4,1,4),(2,2),(-0.0397216568432994,-0.0154830774562123,0.),(0.,0.0499999999999998),
 .UNSPECIFIED.);
#715=B_SPLINE_SURFACE_WITH_KNOTS('',3,1,((#13238,#13239),(#13240,#13241),
(#13242,#13243),(#13244,#13245),(#13246,#13247)),.UNSPECIFIED.,.F.,.F.,
 .F.,(4,1,4),(2,2),(-0.0758850363306619,-0.0489176984133861,0.),(0.,0.0499999999999998),
 .UNSPECIFIED.);
#716=B_SPLINE_SURFACE_WITH_KNOTS('',3,1,((#13261,#13262),(#13263,#13264),
(#13265,#13266),(#13267,#13268),(#13269,#13270)),.UNSPECIFIED.,.F.,.F.,
 .F.,(4,1,4),(2,2),(-0.0324370236406661,-0.0160768557030169,0.),(0.,0.0499999999999998),
 .UNSPECIFIED.);
#717=B_SPLINE_SURFACE_WITH_KNOTS('',3,1,((#13290,#13291),(#13292,#13293),
(#13294,#13295),(#13296,#13297),(#13298,#13299)),.UNSPECIFIED.,.F.,.F.,
 .F.,(4,1,4),(2,2),(-0.032565005012787,-0.0155083980528449,0.),(0.,0.0499999999999998),
 .UNSPECIFIED.);
#718=B_SPLINE_SURFACE_WITH_KNOTS('',3,1,((#13333,#13334),(#13335,#13336),
(#13337,#13338),(#13339,#13340),(#13341,#13342)),.UNSPECIFIED.,.F.,.F.,
 .F.,(4,1,4),(2,2),(-0.0979448032942332,-0.0490347188154367,0.),(0.,0.0499999999999998),
 .UNSPECIFIED.);
#719=B_SPLINE_SURFACE_WITH_KNOTS('',3,1,((#13356,#13357),(#13358,#13359),
(#13360,#13361),(#13362,#13363),(#13364,#13365)),.UNSPECIFIED.,.F.,.F.,
 .F.,(4,1,4),(2,2),(-0.057796903573155,-0.0302486163078737,0.),(0.,0.0499999999999998),
 .UNSPECIFIED.);
#720=B_SPLINE_SURFACE_WITH_KNOTS('',3,1,((#13379,#13380),(#13381,#13382),
(#13383,#13384),(#13385,#13386),(#13387,#13388)),.UNSPECIFIED.,.F.,.F.,
 .F.,(4,1,4),(2,2),(-0.0495062919929703,-0.0253550386066597,0.),(0.,0.0499999999999998),
 .UNSPECIFIED.);
#721=B_SPLINE_SURFACE_WITH_KNOTS('',3,1,((#13402,#13403),(#13404,#13405),
(#13406,#13407),(#13408,#13409),(#13410,#13411)),.UNSPECIFIED.,.F.,.F.,
 .F.,(4,1,4),(2,2),(-0.0660792435341551,-0.0284750692042033,0.),(0.,0.0499999999999998),
 .UNSPECIFIED.);
#722=B_SPLINE_SURFACE_WITH_KNOTS('',3,1,((#13443,#13444),(#13445,#13446),
(#13447,#13448),(#13449,#13450),(#13451,#13452)),.UNSPECIFIED.,.F.,.F.,
 .F.,(4,1,4),(2,2),(-0.0569359601185306,-0.0320705087326958,0.),(0.,0.0499999999999998),
 .UNSPECIFIED.);
#723=B_SPLINE_SURFACE_WITH_KNOTS('',3,1,((#13466,#13467),(#13468,#13469),
(#13470,#13471),(#13472,#13473),(#13474,#13475)),.UNSPECIFIED.,.F.,.F.,
 .F.,(4,1,4),(2,2),(-0.0492402979491262,-0.0230158224636448,0.),(0.,0.0499999999999998),
 .UNSPECIFIED.);
#724=B_SPLINE_SURFACE_WITH_KNOTS('',3,1,((#13489,#13490),(#13491,#13492),
(#13493,#13494),(#13495,#13496),(#13497,#13498)),.UNSPECIFIED.,.F.,.F.,
 .F.,(4,1,4),(2,2),(-0.042990107264657,-0.0213684191525179,0.),(0.,0.0499999999999998),
 .UNSPECIFIED.);
#725=B_SPLINE_SURFACE_WITH_KNOTS('',3,1,((#13512,#13513),(#13514,#13515),
(#13516,#13517),(#13518,#13519),(#13520,#13521)),.UNSPECIFIED.,.F.,.F.,
 .F.,(4,1,4),(2,2),(-0.0417186900937974,-0.021194609383172,0.),(0.,0.0499999999999998),
 .UNSPECIFIED.);
#726=B_SPLINE_SURFACE_WITH_KNOTS('',3,1,((#13535,#13536),(#13537,#13538),
(#13539,#13540),(#13541,#13542),(#13543,#13544)),.UNSPECIFIED.,.F.,.F.,
 .F.,(4,1,4),(2,2),(-0.0543509337861919,-0.0238592604812569,0.),(0.,0.0499999999999998),
 .UNSPECIFIED.);
#727=STYLED_ITEM('',(#13589),#740);
#728=STYLED_ITEM('',(#13590),#741);
#729=STYLED_ITEM('',(#13590),#742);
#730=STYLED_ITEM('',(#13590),#743);
#731=STYLED_ITEM('',(#13590),#744);
#732=STYLED_ITEM('',(#13588),#745);
#733=STYLED_ITEM('',(#13588),#746);
#734=STYLED_ITEM('',(#13588),#747);
#735=STYLED_ITEM('',(#13588),#748);
#736=STYLED_ITEM('',(#13588),#749);
#737=STYLED_ITEM('',(#13590),#750);
#738=STYLED_ITEM('',(#13590),#751);
#739=STYLED_ITEM('',(#13590),#752);
#740=MANIFOLD_SOLID_BREP('Lid',#6620);
#741=MANIFOLD_SOLID_BREP('Body5',#6621);
#742=MANIFOLD_SOLID_BREP('Body6',#6622);
#743=MANIFOLD_SOLID_BREP('Body7',#6623);
#744=MANIFOLD_SOLID_BREP('Body8',#6624);
#745=MANIFOLD_SOLID_BREP('Body9',#6625);
#746=MANIFOLD_SOLID_BREP('Body10',#6626);
#747=MANIFOLD_SOLID_BREP('Body11',#6627);
#748=MANIFOLD_SOLID_BREP('Body12',#6628);
#749=MANIFOLD_SOLID_BREP('Body13',#6629);
#750=MANIFOLD_SOLID_BREP('Body14',#6630);
#751=MANIFOLD_SOLID_BREP('Body15',#6631);
#752=MANIFOLD_SOLID_BREP('Body16',#6632);
#753=LINE('',#7528,#1258);
#754=LINE('',#7532,#1259);
#755=LINE('',#7534,#1260);
#756=LINE('',#7536,#1261);
#757=LINE('',#7537,#1262);
#758=LINE('',#7540,#1263);
#759=LINE('',#7542,#1264);
#760=LINE('',#7543,#1265);
#761=LINE('',#7546,#1266);
#762=LINE('',#7548,#1267);
#763=LINE('',#7549,#1268);
#764=LINE('',#7552,#1269);
#765=LINE('',#7554,#1270);
#766=LINE('',#7555,#1271);
#767=LINE('',#7558,#1272);
#768=LINE('',#7560,#1273);
#769=LINE('',#7561,#1274);
#770=LINE('',#7564,#1275);
#771=LINE('',#7566,#1276);
#772=LINE('',#7567,#1277);
#773=LINE('',#7570,#1278);
#774=LINE('',#7572,#1279);
#775=LINE('',#7573,#1280);
#776=LINE('',#7575,#1281);
#777=LINE('',#7579,#1282);
#778=LINE('',#7581,#1283);
#779=LINE('',#7583,#1284);
#780=LINE('',#7584,#1285);
#781=LINE('',#7587,#1286);
#782=LINE('',#7589,#1287);
#783=LINE('',#7590,#1288);
#784=LINE('',#7593,#1289);
#785=LINE('',#7595,#1290);
#786=LINE('',#7596,#1291);
#787=LINE('',#7599,#1292);
#788=LINE('',#7601,#1293);
#789=LINE('',#7602,#1294);
#790=LINE('',#7605,#1295);
#791=LINE('',#7607,#1296);
#792=LINE('',#7608,#1297);
#793=LINE('',#7611,#1298);
#794=LINE('',#7613,#1299);
#795=LINE('',#7614,#1300);
#796=LINE('',#7617,#1301);
#797=LINE('',#7619,#1302);
#798=LINE('',#7620,#1303);
#799=LINE('',#7622,#1304);
#800=LINE('',#7624,#1305);
#801=LINE('',#7626,#1306);
#802=LINE('',#7630,#1307);
#803=LINE('',#7635,#1308);
#804=LINE('',#7640,#1309);
#805=LINE('',#7642,#1310);
#806=LINE('',#7644,#1311);
#807=LINE('',#7645,#1312);
#808=LINE('',#7648,#1313);
#809=LINE('',#7650,#1314);
#810=LINE('',#7651,#1315);
#811=LINE('',#7654,#1316);
#812=LINE('',#7656,#1317);
#813=LINE('',#7657,#1318);
#814=LINE('',#7660,#1319);
#815=LINE('',#7662,#1320);
#816=LINE('',#7663,#1321);
#817=LINE('',#7666,#1322);
#818=LINE('',#7668,#1323);
#819=LINE('',#7669,#1324);
#820=LINE('',#7672,#1325);
#821=LINE('',#7674,#1326);
#822=LINE('',#7675,#1327);
#823=LINE('',#7678,#1328);
#824=LINE('',#7680,#1329);
#825=LINE('',#7681,#1330);
#826=LINE('',#7683,#1331);
#827=LINE('',#7684,#1332);
#828=LINE('',#7690,#1333);
#829=LINE('',#7692,#1334);
#830=LINE('',#7694,#1335);
#831=LINE('',#7695,#1336);
#832=LINE('',#7698,#1337);
#833=LINE('',#7700,#1338);
#834=LINE('',#7701,#1339);
#835=LINE('',#7704,#1340);
#836=LINE('',#7706,#1341);
#837=LINE('',#7707,#1342);
#838=LINE('',#7730,#1343);
#839=LINE('',#7753,#1344);
#840=LINE('',#7776,#1345);
#841=LINE('',#7799,#1346);
#842=LINE('',#7822,#1347);
#843=LINE('',#7845,#1348);
#844=LINE('',#7868,#1349);
#845=LINE('',#7891,#1350);
#846=LINE('',#7914,#1351);
#847=LINE('',#7937,#1352);
#848=LINE('',#7960,#1353);
#849=LINE('',#7963,#1354);
#850=LINE('',#7965,#1355);
#851=LINE('',#7966,#1356);
#852=LINE('',#7989,#1357);
#853=LINE('',#8012,#1358);
#854=LINE('',#8035,#1359);
#855=LINE('',#8058,#1360);
#856=LINE('',#8081,#1361);
#857=LINE('',#8104,#1362);
#858=LINE('',#8127,#1363);
#859=LINE('',#8150,#1364);
#860=LINE('',#8173,#1365);
#861=LINE('',#8196,#1366);
#862=LINE('',#8219,#1367);
#863=LINE('',#8242,#1368);
#864=LINE('',#8245,#1369);
#865=LINE('',#8247,#1370);
#866=LINE('',#8248,#1371);
#867=LINE('',#8250,#1372);
#868=LINE('',#8251,#1373);
#869=LINE('',#8257,#1374);
#870=LINE('',#8259,#1375);
#871=LINE('',#8261,#1376);
#872=LINE('',#8262,#1377);
#873=LINE('',#8265,#1378);
#874=LINE('',#8267,#1379);
#875=LINE('',#8268,#1380);
#876=LINE('',#8271,#1381);
#877=LINE('',#8273,#1382);
#878=LINE('',#8274,#1383);
#879=LINE('',#8297,#1384);
#880=LINE('',#8320,#1385);
#881=LINE('',#8343,#1386);
#882=LINE('',#8346,#1387);
#883=LINE('',#8348,#1388);
#884=LINE('',#8349,#1389);
#885=LINE('',#8372,#1390);
#886=LINE('',#8395,#1391);
#887=LINE('',#8418,#1392);
#888=LINE('',#8441,#1393);
#889=LINE('',#8444,#1394);
#890=LINE('',#8446,#1395);
#891=LINE('',#8447,#1396);
#892=LINE('',#8449,#1397);
#893=LINE('',#8450,#1398);
#894=LINE('',#8471,#1399);
#895=LINE('',#8478,#1400);
#896=LINE('',#8501,#1401);
#897=LINE('',#8524,#1402);
#898=LINE('',#8547,#1403);
#899=LINE('',#8570,#1404);
#900=LINE('',#8593,#1405);
#901=LINE('',#8616,#1406);
#902=LINE('',#8640,#1407);
#903=LINE('',#8642,#1408);
#904=LINE('',#8644,#1409);
#905=LINE('',#8645,#1410);
#906=LINE('',#8668,#1411);
#907=LINE('',#8691,#1412);
#908=LINE('',#8714,#1413);
#909=LINE('',#8737,#1414);
#910=LINE('',#8760,#1415);
#911=LINE('',#8783,#1416);
#912=LINE('',#8806,#1417);
#913=LINE('',#8829,#1418);
#914=LINE('',#8852,#1419);
#915=LINE('',#8875,#1420);
#916=LINE('',#8898,#1421);
#917=LINE('',#8921,#1422);
#918=LINE('',#8924,#1423);
#919=LINE('',#8926,#1424);
#920=LINE('',#8927,#1425);
#921=LINE('',#8930,#1426);
#922=LINE('',#8932,#1427);
#923=LINE('',#8933,#1428);
#924=LINE('',#8936,#1429);
#925=LINE('',#8938,#1430);
#926=LINE('',#8939,#1431);
#927=LINE('',#8962,#1432);
#928=LINE('',#8985,#1433);
#929=LINE('',#9008,#1434);
#930=LINE('',#9031,#1435);
#931=LINE('',#9057,#1436);
#932=LINE('',#9059,#1437);
#933=LINE('',#9061,#1438);
#934=LINE('',#9062,#1439);
#935=LINE('',#9085,#1440);
#936=LINE('',#9108,#1441);
#937=LINE('',#9131,#1442);
#938=LINE('',#9155,#1443);
#939=LINE('',#9157,#1444);
#940=LINE('',#9159,#1445);
#941=LINE('',#9160,#1446);
#942=LINE('',#9183,#1447);
#943=LINE('',#9206,#1448);
#944=LINE('',#9229,#1449);
#945=LINE('',#9252,#1450);
#946=LINE('',#9275,#1451);
#947=LINE('',#9298,#1452);
#948=LINE('',#9321,#1453);
#949=LINE('',#9344,#1454);
#950=LINE('',#9367,#1455);
#951=LINE('',#9370,#1456);
#952=LINE('',#9372,#1457);
#953=LINE('',#9373,#1458);
#954=LINE('',#9396,#1459);
#955=LINE('',#9419,#1460);
#956=LINE('',#9442,#1461);
#957=LINE('',#9468,#1462);
#958=LINE('',#9470,#1463);
#959=LINE('',#9472,#1464);
#960=LINE('',#9473,#1465);
#961=LINE('',#9496,#1466);
#962=LINE('',#9519,#1467);
#963=LINE('',#9542,#1468);
#964=LINE('',#9565,#1469);
#965=LINE('',#9588,#1470);
#966=LINE('',#9591,#1471);
#967=LINE('',#9593,#1472);
#968=LINE('',#9594,#1473);
#969=LINE('',#9597,#1474);
#970=LINE('',#9599,#1475);
#971=LINE('',#9600,#1476);
#972=LINE('',#9603,#1477);
#973=LINE('',#9605,#1478);
#974=LINE('',#9606,#1479);
#975=LINE('',#9629,#1480);
#976=LINE('',#9652,#1481);
#977=LINE('',#9675,#1482);
#978=LINE('',#9698,#1483);
#979=LINE('',#9721,#1484);
#980=LINE('',#9744,#1485);
#981=LINE('',#9747,#1486);
#982=LINE('',#9749,#1487);
#983=LINE('',#9750,#1488);
#984=LINE('',#9753,#1489);
#985=LINE('',#9755,#1490);
#986=LINE('',#9756,#1491);
#987=LINE('',#9759,#1492);
#988=LINE('',#9761,#1493);
#989=LINE('',#9762,#1494);
#990=LINE('',#9764,#1495);
#991=LINE('',#9765,#1496);
#992=LINE('',#9771,#1497);
#993=LINE('',#9773,#1498);
#994=LINE('',#9775,#1499);
#995=LINE('',#9776,#1500);
#996=LINE('',#9779,#1501);
#997=LINE('',#9781,#1502);
#998=LINE('',#9782,#1503);
#999=LINE('',#9785,#1504);
#1000=LINE('',#9787,#1505);
#1001=LINE('',#9788,#1506);
#1002=LINE('',#9811,#1507);
#1003=LINE('',#9834,#1508);
#1004=LINE('',#9857,#1509);
#1005=LINE('',#9860,#1510);
#1006=LINE('',#9862,#1511);
#1007=LINE('',#9863,#1512);
#1008=LINE('',#9886,#1513);
#1009=LINE('',#9909,#1514);
#1010=LINE('',#9932,#1515);
#1011=LINE('',#9955,#1516);
#1012=LINE('',#9958,#1517);
#1013=LINE('',#9960,#1518);
#1014=LINE('',#9961,#1519);
#1015=LINE('',#9963,#1520);
#1016=LINE('',#9964,#1521);
#1017=LINE('',#9985,#1522);
#1018=LINE('',#9992,#1523);
#1019=LINE('',#10015,#1524);
#1020=LINE('',#10038,#1525);
#1021=LINE('',#10061,#1526);
#1022=LINE('',#10084,#1527);
#1023=LINE('',#10107,#1528);
#1024=LINE('',#10130,#1529);
#1025=LINE('',#10153,#1530);
#1026=LINE('',#10176,#1531);
#1027=LINE('',#10178,#1532);
#1028=LINE('',#10179,#1533);
#1029=LINE('',#10198,#1534);
#1030=LINE('',#10205,#1535);
#1031=LINE('',#10228,#1536);
#1032=LINE('',#10251,#1537);
#1033=LINE('',#10274,#1538);
#1034=LINE('',#10297,#1539);
#1035=LINE('',#10320,#1540);
#1036=LINE('',#10343,#1541);
#1037=LINE('',#10366,#1542);
#1038=LINE('',#10389,#1543);
#1039=LINE('',#10412,#1544);
#1040=LINE('',#10435,#1545);
#1041=LINE('',#10458,#1546);
#1042=LINE('',#10481,#1547);
#1043=LINE('',#10504,#1548);
#1044=LINE('',#10507,#1549);
#1045=LINE('',#10509,#1550);
#1046=LINE('',#10510,#1551);
#1047=LINE('',#10533,#1552);
#1048=LINE('',#10556,#1553);
#1049=LINE('',#10579,#1554);
#1050=LINE('',#10602,#1555);
#1051=LINE('',#10625,#1556);
#1052=LINE('',#10648,#1557);
#1053=LINE('',#10671,#1558);
#1054=LINE('',#10674,#1559);
#1055=LINE('',#10676,#1560);
#1056=LINE('',#10677,#1561);
#1057=LINE('',#10700,#1562);
#1058=LINE('',#10723,#1563);
#1059=LINE('',#10726,#1564);
#1060=LINE('',#10728,#1565);
#1061=LINE('',#10729,#1566);
#1062=LINE('',#10755,#1567);
#1063=LINE('',#10757,#1568);
#1064=LINE('',#10759,#1569);
#1065=LINE('',#10760,#1570);
#1066=LINE('',#10763,#1571);
#1067=LINE('',#10765,#1572);
#1068=LINE('',#10766,#1573);
#1069=LINE('',#10769,#1574);
#1070=LINE('',#10771,#1575);
#1071=LINE('',#10772,#1576);
#1072=LINE('',#10795,#1577);
#1073=LINE('',#10818,#1578);
#1074=LINE('',#10841,#1579);
#1075=LINE('',#10864,#1580);
#1076=LINE('',#10887,#1581);
#1077=LINE('',#10910,#1582);
#1078=LINE('',#10933,#1583);
#1079=LINE('',#10956,#1584);
#1080=LINE('',#10979,#1585);
#1081=LINE('',#11002,#1586);
#1082=LINE('',#11025,#1587);
#1083=LINE('',#11028,#1588);
#1084=LINE('',#11030,#1589);
#1085=LINE('',#11031,#1590);
#1086=LINE('',#11054,#1591);
#1087=LINE('',#11077,#1592);
#1088=LINE('',#11100,#1593);
#1089=LINE('',#11123,#1594);
#1090=LINE('',#11146,#1595);
#1091=LINE('',#11169,#1596);
#1092=LINE('',#11192,#1597);
#1093=LINE('',#11215,#1598);
#1094=LINE('',#11238,#1599);
#1095=LINE('',#11261,#1600);
#1096=LINE('',#11284,#1601);
#1097=LINE('',#11307,#1602);
#1098=LINE('',#11310,#1603);
#1099=LINE('',#11312,#1604);
#1100=LINE('',#11313,#1605);
#1101=LINE('',#11315,#1606);
#1102=LINE('',#11316,#1607);
#1103=LINE('',#11337,#1608);
#1104=LINE('',#11344,#1609);
#1105=LINE('',#11367,#1610);
#1106=LINE('',#11390,#1611);
#1107=LINE('',#11413,#1612);
#1108=LINE('',#11436,#1613);
#1109=LINE('',#11459,#1614);
#1110=LINE('',#11482,#1615);
#1111=LINE('',#11506,#1616);
#1112=LINE('',#11508,#1617);
#1113=LINE('',#11510,#1618);
#1114=LINE('',#11511,#1619);
#1115=LINE('',#11534,#1620);
#1116=LINE('',#11557,#1621);
#1117=LINE('',#11580,#1622);
#1118=LINE('',#11603,#1623);
#1119=LINE('',#11626,#1624);
#1120=LINE('',#11649,#1625);
#1121=LINE('',#11672,#1626);
#1122=LINE('',#11695,#1627);
#1123=LINE('',#11718,#1628);
#1124=LINE('',#11721,#1629);
#1125=LINE('',#11723,#1630);
#1126=LINE('',#11724,#1631);
#1127=LINE('',#11727,#1632);
#1128=LINE('',#11729,#1633);
#1129=LINE('',#11730,#1634);
#1130=LINE('',#11733,#1635);
#1131=LINE('',#11735,#1636);
#1132=LINE('',#11736,#1637);
#1133=LINE('',#11738,#1638);
#1134=LINE('',#11739,#1639);
#1135=LINE('',#11760,#1640);
#1136=LINE('',#11767,#1641);
#1137=LINE('',#11790,#1642);
#1138=LINE('',#11813,#1643);
#1139=LINE('',#11836,#1644);
#1140=LINE('',#11859,#1645);
#1141=LINE('',#11882,#1646);
#1142=LINE('',#11905,#1647);
#1143=LINE('',#11928,#1648);
#1144=LINE('',#11951,#1649);
#1145=LINE('',#11953,#1650);
#1146=LINE('',#11954,#1651);
#1147=LINE('',#11973,#1652);
#1148=LINE('',#11980,#1653);
#1149=LINE('',#12003,#1654);
#1150=LINE('',#12026,#1655);
#1151=LINE('',#12049,#1656);
#1152=LINE('',#12072,#1657);
#1153=LINE('',#12095,#1658);
#1154=LINE('',#12118,#1659);
#1155=LINE('',#12141,#1660);
#1156=LINE('',#12164,#1661);
#1157=LINE('',#12187,#1662);
#1158=LINE('',#12210,#1663);
#1159=LINE('',#12233,#1664);
#1160=LINE('',#12256,#1665);
#1161=LINE('',#12279,#1666);
#1162=LINE('',#12282,#1667);
#1163=LINE('',#12284,#1668);
#1164=LINE('',#12285,#1669);
#1165=LINE('',#12308,#1670);
#1166=LINE('',#12331,#1671);
#1167=LINE('',#12354,#1672);
#1168=LINE('',#12377,#1673);
#1169=LINE('',#12400,#1674);
#1170=LINE('',#12423,#1675);
#1171=LINE('',#12446,#1676);
#1172=LINE('',#12449,#1677);
#1173=LINE('',#12451,#1678);
#1174=LINE('',#12452,#1679);
#1175=LINE('',#12475,#1680);
#1176=LINE('',#12498,#1681);
#1177=LINE('',#12501,#1682);
#1178=LINE('',#12503,#1683);
#1179=LINE('',#12504,#1684);
#1180=LINE('',#12545,#1685);
#1181=LINE('',#12552,#1686);
#1182=LINE('',#12575,#1687);
#1183=LINE('',#12598,#1688);
#1184=LINE('',#12621,#1689);
#1185=LINE('',#12644,#1690);
#1186=LINE('',#12667,#1691);
#1187=LINE('',#12690,#1692);
#1188=LINE('',#12713,#1693);
#1189=LINE('',#12736,#1694);
#1190=LINE('',#12738,#1695);
#1191=LINE('',#12739,#1696);
#1192=LINE('',#12758,#1697);
#1193=LINE('',#12765,#1698);
#1194=LINE('',#12788,#1699);
#1195=LINE('',#12811,#1700);
#1196=LINE('',#12834,#1701);
#1197=LINE('',#12857,#1702);
#1198=LINE('',#12880,#1703);
#1199=LINE('',#12903,#1704);
#1200=LINE('',#12926,#1705);
#1201=LINE('',#12949,#1706);
#1202=LINE('',#12972,#1707);
#1203=LINE('',#12995,#1708);
#1204=LINE('',#13018,#1709);
#1205=LINE('',#13041,#1710);
#1206=LINE('',#13064,#1711);
#1207=LINE('',#13067,#1712);
#1208=LINE('',#13069,#1713);
#1209=LINE('',#13070,#1714);
#1210=LINE('',#13093,#1715);
#1211=LINE('',#13116,#1716);
#1212=LINE('',#13139,#1717);
#1213=LINE('',#13162,#1718);
#1214=LINE('',#13185,#1719);
#1215=LINE('',#13208,#1720);
#1216=LINE('',#13231,#1721);
#1217=LINE('',#13234,#1722);
#1218=LINE('',#13236,#1723);
#1219=LINE('',#13237,#1724);
#1220=LINE('',#13260,#1725);
#1221=LINE('',#13283,#1726);
#1222=LINE('',#13286,#1727);
#1223=LINE('',#13288,#1728);
#1224=LINE('',#13289,#1729);
#1225=LINE('',#13315,#1730);
#1226=LINE('',#13317,#1731);
#1227=LINE('',#13319,#1732);
#1228=LINE('',#13320,#1733);
#1229=LINE('',#13323,#1734);
#1230=LINE('',#13325,#1735);
#1231=LINE('',#13326,#1736);
#1232=LINE('',#13329,#1737);
#1233=LINE('',#13331,#1738);
#1234=LINE('',#13332,#1739);
#1235=LINE('',#13355,#1740);
#1236=LINE('',#13378,#1741);
#1237=LINE('',#13401,#1742);
#1238=LINE('',#13424,#1743);
#1239=LINE('',#13427,#1744);
#1240=LINE('',#13429,#1745);
#1241=LINE('',#13430,#1746);
#1242=LINE('',#13433,#1747);
#1243=LINE('',#13435,#1748);
#1244=LINE('',#13436,#1749);
#1245=LINE('',#13439,#1750);
#1246=LINE('',#13441,#1751);
#1247=LINE('',#13442,#1752);
#1248=LINE('',#13465,#1753);
#1249=LINE('',#13488,#1754);
#1250=LINE('',#13511,#1755);
#1251=LINE('',#13534,#1756);
#1252=LINE('',#13557,#1757);
#1253=LINE('',#13560,#1758);
#1254=LINE('',#13562,#1759);
#1255=LINE('',#13563,#1760);
#1256=LINE('',#13565,#1761);
#1257=LINE('',#13566,#1762);
#1258=VECTOR('',#6772,2.75);
#1259=VECTOR('',#6775,10.);
#1260=VECTOR('',#6776,10.);
#1261=VECTOR('',#6777,10.);
#1262=VECTOR('',#6778,10.);
#1263=VECTOR('',#6781,10.);
#1264=VECTOR('',#6782,10.);
#1265=VECTOR('',#6783,10.);
#1266=VECTOR('',#6786,10.);
#1267=VECTOR('',#6787,10.);
#1268=VECTOR('',#6788,10.);
#1269=VECTOR('',#6791,10.);
#1270=VECTOR('',#6792,10.);
#1271=VECTOR('',#6793,10.);
#1272=VECTOR('',#6796,10.);
#1273=VECTOR('',#6797,10.);
#1274=VECTOR('',#6798,10.);
#1275=VECTOR('',#6801,10.);
#1276=VECTOR('',#6802,10.);
#1277=VECTOR('',#6803,10.);
#1278=VECTOR('',#6806,10.);
#1279=VECTOR('',#6807,10.);
#1280=VECTOR('',#6808,10.);
#1281=VECTOR('',#6811,10.);
#1282=VECTOR('',#6814,10.);
#1283=VECTOR('',#6815,10.);
#1284=VECTOR('',#6816,10.);
#1285=VECTOR('',#6817,10.);
#1286=VECTOR('',#6820,10.);
#1287=VECTOR('',#6821,10.);
#1288=VECTOR('',#6822,10.);
#1289=VECTOR('',#6825,10.);
#1290=VECTOR('',#6826,10.);
#1291=VECTOR('',#6827,10.);
#1292=VECTOR('',#6830,10.);
#1293=VECTOR('',#6831,10.);
#1294=VECTOR('',#6832,10.);
#1295=VECTOR('',#6835,10.);
#1296=VECTOR('',#6836,10.);
#1297=VECTOR('',#6837,10.);
#1298=VECTOR('',#6840,10.);
#1299=VECTOR('',#6841,10.);
#1300=VECTOR('',#6842,10.);
#1301=VECTOR('',#6845,10.);
#1302=VECTOR('',#6846,10.);
#1303=VECTOR('',#6847,10.);
#1304=VECTOR('',#6850,10.);
#1305=VECTOR('',#6853,10.);
#1306=VECTOR('',#6856,10.);
#1307=VECTOR('',#6861,1.35);
#1308=VECTOR('',#6866,3.);
#1309=VECTOR('',#6871,10.);
#1310=VECTOR('',#6872,10.);
#1311=VECTOR('',#6873,10.);
#1312=VECTOR('',#6874,10.);
#1313=VECTOR('',#6877,10.);
#1314=VECTOR('',#6878,10.);
#1315=VECTOR('',#6879,10.);
#1316=VECTOR('',#6882,10.);
#1317=VECTOR('',#6883,10.);
#1318=VECTOR('',#6884,10.);
#1319=VECTOR('',#6887,10.);
#1320=VECTOR('',#6888,10.);
#1321=VECTOR('',#6889,10.);
#1322=VECTOR('',#6892,10.);
#1323=VECTOR('',#6893,10.);
#1324=VECTOR('',#6894,10.);
#1325=VECTOR('',#6897,10.);
#1326=VECTOR('',#6898,10.);
#1327=VECTOR('',#6899,10.);
#1328=VECTOR('',#6902,10.);
#1329=VECTOR('',#6903,10.);
#1330=VECTOR('',#6904,10.);
#1331=VECTOR('',#6907,10.);
#1332=VECTOR('',#6908,10.);
#1333=VECTOR('',#6915,10.);
#1334=VECTOR('',#6916,10.);
#1335=VECTOR('',#6917,10.);
#1336=VECTOR('',#6918,10.);
#1337=VECTOR('',#6921,10.);
#1338=VECTOR('',#6922,10.);
#1339=VECTOR('',#6923,10.);
#1340=VECTOR('',#6926,10.);
#1341=VECTOR('',#6927,10.);
#1342=VECTOR('',#6928,10.);
#1343=VECTOR('',#6929,10.);
#1344=VECTOR('',#6930,10.);
#1345=VECTOR('',#6931,10.);
#1346=VECTOR('',#6932,10.);
#1347=VECTOR('',#6933,10.);
#1348=VECTOR('',#6934,10.);
#1349=VECTOR('',#6935,10.);
#1350=VECTOR('',#6936,10.);
#1351=VECTOR('',#6937,10.);
#1352=VECTOR('',#6938,10.);
#1353=VECTOR('',#6939,10.);
#1354=VECTOR('',#6942,10.);
#1355=VECTOR('',#6943,10.);
#1356=VECTOR('',#6944,10.);
#1357=VECTOR('',#6945,10.);
#1358=VECTOR('',#6946,10.);
#1359=VECTOR('',#6947,10.);
#1360=VECTOR('',#6948,10.);
#1361=VECTOR('',#6949,10.);
#1362=VECTOR('',#6950,10.);
#1363=VECTOR('',#6951,10.);
#1364=VECTOR('',#6952,10.);
#1365=VECTOR('',#6953,10.);
#1366=VECTOR('',#6954,10.);
#1367=VECTOR('',#6955,10.);
#1368=VECTOR('',#6956,10.);
#1369=VECTOR('',#6959,10.);
#1370=VECTOR('',#6960,10.);
#1371=VECTOR('',#6961,10.);
#1372=VECTOR('',#6964,10.);
#1373=VECTOR('',#6965,10.);
#1374=VECTOR('',#6972,10.);
#1375=VECTOR('',#6973,10.);
#1376=VECTOR('',#6974,10.);
#1377=VECTOR('',#6975,10.);
#1378=VECTOR('',#6978,10.);
#1379=VECTOR('',#6979,10.);
#1380=VECTOR('',#6980,10.);
#1381=VECTOR('',#6983,10.);
#1382=VECTOR('',#6984,10.);
#1383=VECTOR('',#6985,10.);
#1384=VECTOR('',#6986,10.);
#1385=VECTOR('',#6987,10.);
#1386=VECTOR('',#6988,10.);
#1387=VECTOR('',#6991,10.);
#1388=VECTOR('',#6992,10.);
#1389=VECTOR('',#6993,10.);
#1390=VECTOR('',#6994,10.);
#1391=VECTOR('',#6995,10.);
#1392=VECTOR('',#6996,10.);
#1393=VECTOR('',#6997,10.);
#1394=VECTOR('',#7000,10.);
#1395=VECTOR('',#7001,10.);
#1396=VECTOR('',#7002,10.);
#1397=VECTOR('',#7005,10.);
#1398=VECTOR('',#7006,10.);
#1399=VECTOR('',#7011,10.);
#1400=VECTOR('',#7012,10.);
#1401=VECTOR('',#7013,10.);
#1402=VECTOR('',#7014,10.);
#1403=VECTOR('',#7015,10.);
#1404=VECTOR('',#7016,10.);
#1405=VECTOR('',#7017,10.);
#1406=VECTOR('',#7018,10.);
#1407=VECTOR('',#7021,10.);
#1408=VECTOR('',#7022,10.);
#1409=VECTOR('',#7023,10.);
#1410=VECTOR('',#7024,10.);
#1411=VECTOR('',#7025,10.);
#1412=VECTOR('',#7026,10.);
#1413=VECTOR('',#7027,10.);
#1414=VECTOR('',#7028,10.);
#1415=VECTOR('',#7029,10.);
#1416=VECTOR('',#7030,10.);
#1417=VECTOR('',#7031,10.);
#1418=VECTOR('',#7032,10.);
#1419=VECTOR('',#7033,10.);
#1420=VECTOR('',#7034,10.);
#1421=VECTOR('',#7035,10.);
#1422=VECTOR('',#7036,10.);
#1423=VECTOR('',#7039,10.);
#1424=VECTOR('',#7040,10.);
#1425=VECTOR('',#7041,10.);
#1426=VECTOR('',#7044,10.);
#1427=VECTOR('',#7045,10.);
#1428=VECTOR('',#7046,10.);
#1429=VECTOR('',#7049,10.);
#1430=VECTOR('',#7050,10.);
#1431=VECTOR('',#7051,10.);
#1432=VECTOR('',#7052,10.);
#1433=VECTOR('',#7053,10.);
#1434=VECTOR('',#7054,10.);
#1435=VECTOR('',#7055,10.);
#1436=VECTOR('',#7062,10.);
#1437=VECTOR('',#7063,10.);
#1438=VECTOR('',#7064,10.);
#1439=VECTOR('',#7065,10.);
#1440=VECTOR('',#7066,10.);
#1441=VECTOR('',#7067,10.);
#1442=VECTOR('',#7068,10.);
#1443=VECTOR('',#7071,10.);
#1444=VECTOR('',#7072,10.);
#1445=VECTOR('',#7073,10.);
#1446=VECTOR('',#7074,10.);
#1447=VECTOR('',#7075,10.);
#1448=VECTOR('',#7076,10.);
#1449=VECTOR('',#7077,10.);
#1450=VECTOR('',#7078,10.);
#1451=VECTOR('',#7079,10.);
#1452=VECTOR('',#7080,10.);
#1453=VECTOR('',#7081,10.);
#1454=VECTOR('',#7082,10.);
#1455=VECTOR('',#7083,10.);
#1456=VECTOR('',#7086,10.);
#1457=VECTOR('',#7087,10.);
#1458=VECTOR('',#7088,10.);
#1459=VECTOR('',#7089,10.);
#1460=VECTOR('',#7090,10.);
#1461=VECTOR('',#7091,10.);
#1462=VECTOR('',#7098,10.);
#1463=VECTOR('',#7099,10.);
#1464=VECTOR('',#7100,10.);
#1465=VECTOR('',#7101,10.);
#1466=VECTOR('',#7102,10.);
#1467=VECTOR('',#7103,10.);
#1468=VECTOR('',#7104,10.);
#1469=VECTOR('',#7105,10.);
#1470=VECTOR('',#7106,10.);
#1471=VECTOR('',#7109,10.);
#1472=VECTOR('',#7110,10.);
#1473=VECTOR('',#7111,10.);
#1474=VECTOR('',#7114,10.);
#1475=VECTOR('',#7115,10.);
#1476=VECTOR('',#7116,10.);
#1477=VECTOR('',#7119,10.);
#1478=VECTOR('',#7120,10.);
#1479=VECTOR('',#7121,10.);
#1480=VECTOR('',#7122,10.);
#1481=VECTOR('',#7123,10.);
#1482=VECTOR('',#7124,10.);
#1483=VECTOR('',#7125,10.);
#1484=VECTOR('',#7126,10.);
#1485=VECTOR('',#7127,10.);
#1486=VECTOR('',#7130,10.);
#1487=VECTOR('',#7131,10.);
#1488=VECTOR('',#7132,10.);
#1489=VECTOR('',#7135,10.);
#1490=VECTOR('',#7136,10.);
#1491=VECTOR('',#7137,10.);
#1492=VECTOR('',#7140,10.);
#1493=VECTOR('',#7141,10.);
#1494=VECTOR('',#7142,10.);
#1495=VECTOR('',#7145,10.);
#1496=VECTOR('',#7146,10.);
#1497=VECTOR('',#7153,10.);
#1498=VECTOR('',#7154,10.);
#1499=VECTOR('',#7155,10.);
#1500=VECTOR('',#7156,10.);
#1501=VECTOR('',#7159,10.);
#1502=VECTOR('',#7160,10.);
#1503=VECTOR('',#7161,10.);
#1504=VECTOR('',#7164,10.);
#1505=VECTOR('',#7165,10.);
#1506=VECTOR('',#7166,10.);
#1507=VECTOR('',#7167,10.);
#1508=VECTOR('',#7168,10.);
#1509=VECTOR('',#7169,10.);
#1510=VECTOR('',#7172,10.);
#1511=VECTOR('',#7173,10.);
#1512=VECTOR('',#7174,10.);
#1513=VECTOR('',#7175,10.);
#1514=VECTOR('',#7176,10.);
#1515=VECTOR('',#7177,10.);
#1516=VECTOR('',#7178,10.);
#1517=VECTOR('',#7181,10.);
#1518=VECTOR('',#7182,10.);
#1519=VECTOR('',#7183,10.);
#1520=VECTOR('',#7186,10.);
#1521=VECTOR('',#7187,10.);
#1522=VECTOR('',#7192,10.);
#1523=VECTOR('',#7193,10.);
#1524=VECTOR('',#7194,10.);
#1525=VECTOR('',#7195,10.);
#1526=VECTOR('',#7196,10.);
#1527=VECTOR('',#7197,10.);
#1528=VECTOR('',#7198,10.);
#1529=VECTOR('',#7199,10.);
#1530=VECTOR('',#7200,10.);
#1531=VECTOR('',#7201,10.);
#1532=VECTOR('',#7204,10.);
#1533=VECTOR('',#7205,10.);
#1534=VECTOR('',#7206,10.);
#1535=VECTOR('',#7207,10.);
#1536=VECTOR('',#7208,10.);
#1537=VECTOR('',#7209,10.);
#1538=VECTOR('',#7210,10.);
#1539=VECTOR('',#7211,10.);
#1540=VECTOR('',#7212,10.);
#1541=VECTOR('',#7213,10.);
#1542=VECTOR('',#7214,10.);
#1543=VECTOR('',#7215,10.);
#1544=VECTOR('',#7216,10.);
#1545=VECTOR('',#7217,10.);
#1546=VECTOR('',#7218,10.);
#1547=VECTOR('',#7219,10.);
#1548=VECTOR('',#7220,10.);
#1549=VECTOR('',#7223,10.);
#1550=VECTOR('',#7224,10.);
#1551=VECTOR('',#7225,10.);
#1552=VECTOR('',#7226,10.);
#1553=VECTOR('',#7227,10.);
#1554=VECTOR('',#7228,10.);
#1555=VECTOR('',#7229,10.);
#1556=VECTOR('',#7230,10.);
#1557=VECTOR('',#7231,10.);
#1558=VECTOR('',#7232,10.);
#1559=VECTOR('',#7235,10.);
#1560=VECTOR('',#7236,10.);
#1561=VECTOR('',#7237,10.);
#1562=VECTOR('',#7238,10.);
#1563=VECTOR('',#7239,10.);
#1564=VECTOR('',#7242,10.);
#1565=VECTOR('',#7243,10.);
#1566=VECTOR('',#7244,10.);
#1567=VECTOR('',#7251,10.);
#1568=VECTOR('',#7252,10.);
#1569=VECTOR('',#7253,10.);
#1570=VECTOR('',#7254,10.);
#1571=VECTOR('',#7257,10.);
#1572=VECTOR('',#7258,10.);
#1573=VECTOR('',#7259,10.);
#1574=VECTOR('',#7262,10.);
#1575=VECTOR('',#7263,10.);
#1576=VECTOR('',#7264,10.);
#1577=VECTOR('',#7265,10.);
#1578=VECTOR('',#7266,10.);
#1579=VECTOR('',#7267,10.);
#1580=VECTOR('',#7268,10.);
#1581=VECTOR('',#7269,10.);
#1582=VECTOR('',#7270,10.);
#1583=VECTOR('',#7271,10.);
#1584=VECTOR('',#7272,10.);
#1585=VECTOR('',#7273,10.);
#1586=VECTOR('',#7274,10.);
#1587=VECTOR('',#7275,10.);
#1588=VECTOR('',#7278,10.);
#1589=VECTOR('',#7279,10.);
#1590=VECTOR('',#7280,10.);
#1591=VECTOR('',#7281,10.);
#1592=VECTOR('',#7282,10.);
#1593=VECTOR('',#7283,10.);
#1594=VECTOR('',#7284,10.);
#1595=VECTOR('',#7285,10.);
#1596=VECTOR('',#7286,10.);
#1597=VECTOR('',#7287,10.);
#1598=VECTOR('',#7288,10.);
#1599=VECTOR('',#7289,10.);
#1600=VECTOR('',#7290,10.);
#1601=VECTOR('',#7291,10.);
#1602=VECTOR('',#7292,10.);
#1603=VECTOR('',#7295,10.);
#1604=VECTOR('',#7296,10.);
#1605=VECTOR('',#7297,10.);
#1606=VECTOR('',#7300,10.);
#1607=VECTOR('',#7301,10.);
#1608=VECTOR('',#7306,10.);
#1609=VECTOR('',#7307,10.);
#1610=VECTOR('',#7308,10.);
#1611=VECTOR('',#7309,10.);
#1612=VECTOR('',#7310,10.);
#1613=VECTOR('',#7311,10.);
#1614=VECTOR('',#7312,10.);
#1615=VECTOR('',#7313,10.);
#1616=VECTOR('',#7316,10.);
#1617=VECTOR('',#7317,10.);
#1618=VECTOR('',#7318,10.);
#1619=VECTOR('',#7319,10.);
#1620=VECTOR('',#7320,10.);
#1621=VECTOR('',#7321,10.);
#1622=VECTOR('',#7322,10.);
#1623=VECTOR('',#7323,10.);
#1624=VECTOR('',#7324,10.);
#1625=VECTOR('',#7325,10.);
#1626=VECTOR('',#7326,10.);
#1627=VECTOR('',#7327,10.);
#1628=VECTOR('',#7328,10.);
#1629=VECTOR('',#7331,10.);
#1630=VECTOR('',#7332,10.);
#1631=VECTOR('',#7333,10.);
#1632=VECTOR('',#7336,10.);
#1633=VECTOR('',#7337,10.);
#1634=VECTOR('',#7338,10.);
#1635=VECTOR('',#7341,10.);
#1636=VECTOR('',#7342,10.);
#1637=VECTOR('',#7343,10.);
#1638=VECTOR('',#7346,10.);
#1639=VECTOR('',#7347,10.);
#1640=VECTOR('',#7352,10.);
#1641=VECTOR('',#7353,10.);
#1642=VECTOR('',#7354,10.);
#1643=VECTOR('',#7355,10.);
#1644=VECTOR('',#7356,10.);
#1645=VECTOR('',#7357,10.);
#1646=VECTOR('',#7358,10.);
#1647=VECTOR('',#7359,10.);
#1648=VECTOR('',#7360,10.);
#1649=VECTOR('',#7361,10.);
#1650=VECTOR('',#7364,10.);
#1651=VECTOR('',#7365,10.);
#1652=VECTOR('',#7366,10.);
#1653=VECTOR('',#7367,10.);
#1654=VECTOR('',#7368,10.);
#1655=VECTOR('',#7369,10.);
#1656=VECTOR('',#7370,10.);
#1657=VECTOR('',#7371,10.);
#1658=VECTOR('',#7372,10.);
#1659=VECTOR('',#7373,10.);
#1660=VECTOR('',#7374,10.);
#1661=VECTOR('',#7375,10.);
#1662=VECTOR('',#7376,10.);
#1663=VECTOR('',#7377,10.);
#1664=VECTOR('',#7378,10.);
#1665=VECTOR('',#7379,10.);
#1666=VECTOR('',#7380,10.);
#1667=VECTOR('',#7383,10.);
#1668=VECTOR('',#7384,10.);
#1669=VECTOR('',#7385,10.);
#1670=VECTOR('',#7386,10.);
#1671=VECTOR('',#7387,10.);
#1672=VECTOR('',#7388,10.);
#1673=VECTOR('',#7389,10.);
#1674=VECTOR('',#7390,10.);
#1675=VECTOR('',#7391,10.);
#1676=VECTOR('',#7392,10.);
#1677=VECTOR('',#7395,10.);
#1678=VECTOR('',#7396,10.);
#1679=VECTOR('',#7397,10.);
#1680=VECTOR('',#7398,10.);
#1681=VECTOR('',#7399,10.);
#1682=VECTOR('',#7402,10.);
#1683=VECTOR('',#7403,10.);
#1684=VECTOR('',#7404,10.);
#1685=VECTOR('',#7409,10.);
#1686=VECTOR('',#7410,10.);
#1687=VECTOR('',#7411,10.);
#1688=VECTOR('',#7412,10.);
#1689=VECTOR('',#7413,10.);
#1690=VECTOR('',#7414,10.);
#1691=VECTOR('',#7415,10.);
#1692=VECTOR('',#7416,10.);
#1693=VECTOR('',#7417,10.);
#1694=VECTOR('',#7418,10.);
#1695=VECTOR('',#7421,10.);
#1696=VECTOR('',#7422,10.);
#1697=VECTOR('',#7423,10.);
#1698=VECTOR('',#7424,10.);
#1699=VECTOR('',#7425,10.);
#1700=VECTOR('',#7426,10.);
#1701=VECTOR('',#7427,10.);
#1702=VECTOR('',#7428,10.);
#1703=VECTOR('',#7429,10.);
#1704=VECTOR('',#7430,10.);
#1705=VECTOR('',#7431,10.);
#1706=VECTOR('',#7432,10.);
#1707=VECTOR('',#7433,10.);
#1708=VECTOR('',#7434,10.);
#1709=VECTOR('',#7435,10.);
#1710=VECTOR('',#7436,10.);
#1711=VECTOR('',#7437,10.);
#1712=VECTOR('',#7440,10.);
#1713=VECTOR('',#7441,10.);
#1714=VECTOR('',#7442,10.);
#1715=VECTOR('',#7443,10.);
#1716=VECTOR('',#7444,10.);
#1717=VECTOR('',#7445,10.);
#1718=VECTOR('',#7446,10.);
#1719=VECTOR('',#7447,10.);
#1720=VECTOR('',#7448,10.);
#1721=VECTOR('',#7449,10.);
#1722=VECTOR('',#7452,10.);
#1723=VECTOR('',#7453,10.);
#1724=VECTOR('',#7454,10.);
#1725=VECTOR('',#7455,10.);
#1726=VECTOR('',#7456,10.);
#1727=VECTOR('',#7459,10.);
#1728=VECTOR('',#7460,10.);
#1729=VECTOR('',#7461,10.);
#1730=VECTOR('',#7468,10.);
#1731=VECTOR('',#7469,10.);
#1732=VECTOR('',#7470,10.);
#1733=VECTOR('',#7471,10.);
#1734=VECTOR('',#7474,10.);
#1735=VECTOR('',#7475,10.);
#1736=VECTOR('',#7476,10.);
#1737=VECTOR('',#7479,10.);
#1738=VECTOR('',#7480,10.);
#1739=VECTOR('',#7481,10.);
#1740=VECTOR('',#7482,10.);
#1741=VECTOR('',#7483,10.);
#1742=VECTOR('',#7484,10.);
#1743=VECTOR('',#7485,10.);
#1744=VECTOR('',#7488,10.);
#1745=VECTOR('',#7489,10.);
#1746=VECTOR('',#7490,10.);
#1747=VECTOR('',#7493,10.);
#1748=VECTOR('',#7494,10.);
#1749=VECTOR('',#7495,10.);
#1750=VECTOR('',#7498,10.);
#1751=VECTOR('',#7499,10.);
#1752=VECTOR('',#7500,10.);
#1753=VECTOR('',#7501,10.);
#1754=VECTOR('',#7502,10.);
#1755=VECTOR('',#7503,10.);
#1756=VECTOR('',#7504,10.);
#1757=VECTOR('',#7505,10.);
#1758=VECTOR('',#7508,10.);
#1759=VECTOR('',#7509,10.);
#1760=VECTOR('',#7510,10.);
#1761=VECTOR('',#7513,10.);
#1762=VECTOR('',#7514,10.);
#1763=CYLINDRICAL_SURFACE('',#6637,2.75);
#1764=CYLINDRICAL_SURFACE('',#6657,1.35);
#1765=CYLINDRICAL_SURFACE('',#6659,3.);
#1766=FACE_BOUND('',#2144,.T.);
#1767=FACE_BOUND('',#2168,.T.);
#1768=FACE_BOUND('',#2169,.T.);
#1769=FACE_BOUND('',#2170,.T.);
#1770=FACE_BOUND('',#2171,.T.);
#1771=FACE_BOUND('',#2176,.T.);
#1772=FACE_BOUND('',#2177,.T.);
#1773=FACE_BOUND('',#2258,.T.);
#1774=FACE_BOUND('',#2260,.T.);
#1775=FACE_BOUND('',#2282,.T.);
#1776=FACE_BOUND('',#2284,.T.);
#1777=FACE_BOUND('',#2359,.T.);
#1778=FACE_BOUND('',#2361,.T.);
#1779=FACE_BOUND('',#2416,.T.);
#1780=FACE_BOUND('',#2418,.T.);
#1781=FACE_BOUND('',#2457,.T.);
#1782=FACE_BOUND('',#2459,.T.);
#1783=FACE_BOUND('',#2498,.T.);
#1784=FACE_BOUND('',#2500,.T.);
#1785=FACE_OUTER_BOUND('',#2143,.T.);
#1786=FACE_OUTER_BOUND('',#2145,.T.);
#1787=FACE_OUTER_BOUND('',#2146,.T.);
#1788=FACE_OUTER_BOUND('',#2147,.T.);
#1789=FACE_OUTER_BOUND('',#2148,.T.);
#1790=FACE_OUTER_BOUND('',#2149,.T.);
#1791=FACE_OUTER_BOUND('',#2150,.T.);
#1792=FACE_OUTER_BOUND('',#2151,.T.);
#1793=FACE_OUTER_BOUND('',#2152,.T.);
#1794=FACE_OUTER_BOUND('',#2153,.T.);
#1795=FACE_OUTER_BOUND('',#2154,.T.);
#1796=FACE_OUTER_BOUND('',#2155,.T.);
#1797=FACE_OUTER_BOUND('',#2156,.T.);
#1798=FACE_OUTER_BOUND('',#2157,.T.);
#1799=FACE_OUTER_BOUND('',#2158,.T.);
#1800=FACE_OUTER_BOUND('',#2159,.T.);
#1801=FACE_OUTER_BOUND('',#2160,.T.);
#1802=FACE_OUTER_BOUND('',#2161,.T.);
#1803=FACE_OUTER_BOUND('',#2162,.T.);
#1804=FACE_OUTER_BOUND('',#2163,.T.);
#1805=FACE_OUTER_BOUND('',#2164,.T.);
#1806=FACE_OUTER_BOUND('',#2165,.T.);
#1807=FACE_OUTER_BOUND('',#2166,.T.);
#1808=FACE_OUTER_BOUND('',#2167,.T.);
#1809=FACE_OUTER_BOUND('',#2172,.T.);
#1810=FACE_OUTER_BOUND('',#2173,.T.);
#1811=FACE_OUTER_BOUND('',#2174,.T.);
#1812=FACE_OUTER_BOUND('',#2175,.T.);
#1813=FACE_OUTER_BOUND('',#2178,.T.);
#1814=FACE_OUTER_BOUND('',#2179,.T.);
#1815=FACE_OUTER_BOUND('',#2180,.T.);
#1816=FACE_OUTER_BOUND('',#2181,.T.);
#1817=FACE_OUTER_BOUND('',#2182,.T.);
#1818=FACE_OUTER_BOUND('',#2183,.T.);
#1819=FACE_OUTER_BOUND('',#2184,.T.);
#1820=FACE_OUTER_BOUND('',#2185,.T.);
#1821=FACE_OUTER_BOUND('',#2186,.T.);
#1822=FACE_OUTER_BOUND('',#2187,.T.);
#1823=FACE_OUTER_BOUND('',#2188,.T.);
#1824=FACE_OUTER_BOUND('',#2189,.T.);
#1825=FACE_OUTER_BOUND('',#2190,.T.);
#1826=FACE_OUTER_BOUND('',#2191,.T.);
#1827=FACE_OUTER_BOUND('',#2192,.T.);
#1828=FACE_OUTER_BOUND('',#2193,.T.);
#1829=FACE_OUTER_BOUND('',#2194,.T.);
#1830=FACE_OUTER_BOUND('',#2195,.T.);
#1831=FACE_OUTER_BOUND('',#2196,.T.);
#1832=FACE_OUTER_BOUND('',#2197,.T.);
#1833=FACE_OUTER_BOUND('',#2198,.T.);
#1834=FACE_OUTER_BOUND('',#2199,.T.);
#1835=FACE_OUTER_BOUND('',#2200,.T.);
#1836=FACE_OUTER_BOUND('',#2201,.T.);
#1837=FACE_OUTER_BOUND('',#2202,.T.);
#1838=FACE_OUTER_BOUND('',#2203,.T.);
#1839=FACE_OUTER_BOUND('',#2204,.T.);
#1840=FACE_OUTER_BOUND('',#2205,.T.);
#1841=FACE_OUTER_BOUND('',#2206,.T.);
#1842=FACE_OUTER_BOUND('',#2207,.T.);
#1843=FACE_OUTER_BOUND('',#2208,.T.);
#1844=FACE_OUTER_BOUND('',#2209,.T.);
#1845=FACE_OUTER_BOUND('',#2210,.T.);
#1846=FACE_OUTER_BOUND('',#2211,.T.);
#1847=FACE_OUTER_BOUND('',#2212,.T.);
#1848=FACE_OUTER_BOUND('',#2213,.T.);
#1849=FACE_OUTER_BOUND('',#2214,.T.);
#1850=FACE_OUTER_BOUND('',#2215,.T.);
#1851=FACE_OUTER_BOUND('',#2216,.T.);
#1852=FACE_OUTER_BOUND('',#2217,.T.);
#1853=FACE_OUTER_BOUND('',#2218,.T.);
#1854=FACE_OUTER_BOUND('',#2219,.T.);
#1855=FACE_OUTER_BOUND('',#2220,.T.);
#1856=FACE_OUTER_BOUND('',#2221,.T.);
#1857=FACE_OUTER_BOUND('',#2222,.T.);
#1858=FACE_OUTER_BOUND('',#2223,.T.);
#1859=FACE_OUTER_BOUND('',#2224,.T.);
#1860=FACE_OUTER_BOUND('',#2225,.T.);
#1861=FACE_OUTER_BOUND('',#2226,.T.);
#1862=FACE_OUTER_BOUND('',#2227,.T.);
#1863=FACE_OUTER_BOUND('',#2228,.T.);
#1864=FACE_OUTER_BOUND('',#2229,.T.);
#1865=FACE_OUTER_BOUND('',#2230,.T.);
#1866=FACE_OUTER_BOUND('',#2231,.T.);
#1867=FACE_OUTER_BOUND('',#2232,.T.);
#1868=FACE_OUTER_BOUND('',#2233,.T.);
#1869=FACE_OUTER_BOUND('',#2234,.T.);
#1870=FACE_OUTER_BOUND('',#2235,.T.);
#1871=FACE_OUTER_BOUND('',#2236,.T.);
#1872=FACE_OUTER_BOUND('',#2237,.T.);
#1873=FACE_OUTER_BOUND('',#2238,.T.);
#1874=FACE_OUTER_BOUND('',#2239,.T.);
#1875=FACE_OUTER_BOUND('',#2240,.T.);
#1876=FACE_OUTER_BOUND('',#2241,.T.);
#1877=FACE_OUTER_BOUND('',#2242,.T.);
#1878=FACE_OUTER_BOUND('',#2243,.T.);
#1879=FACE_OUTER_BOUND('',#2244,.T.);
#1880=FACE_OUTER_BOUND('',#2245,.T.);
#1881=FACE_OUTER_BOUND('',#2246,.T.);
#1882=FACE_OUTER_BOUND('',#2247,.T.);
#1883=FACE_OUTER_BOUND('',#2248,.T.);
#1884=FACE_OUTER_BOUND('',#2249,.T.);
#1885=FACE_OUTER_BOUND('',#2250,.T.);
#1886=FACE_OUTER_BOUND('',#2251,.T.);
#1887=FACE_OUTER_BOUND('',#2252,.T.);
#1888=FACE_OUTER_BOUND('',#2253,.T.);
#1889=FACE_OUTER_BOUND('',#2254,.T.);
#1890=FACE_OUTER_BOUND('',#2255,.T.);
#1891=FACE_OUTER_BOUND('',#2256,.T.);
#1892=FACE_OUTER_BOUND('',#2257,.T.);
#1893=FACE_OUTER_BOUND('',#2259,.T.);
#1894=FACE_OUTER_BOUND('',#2261,.T.);
#1895=FACE_OUTER_BOUND('',#2262,.T.);
#1896=FACE_OUTER_BOUND('',#2263,.T.);
#1897=FACE_OUTER_BOUND('',#2264,.T.);
#1898=FACE_OUTER_BOUND('',#2265,.T.);
#1899=FACE_OUTER_BOUND('',#2266,.T.);
#1900=FACE_OUTER_BOUND('',#2267,.T.);
#1901=FACE_OUTER_BOUND('',#2268,.T.);
#1902=FACE_OUTER_BOUND('',#2269,.T.);
#1903=FACE_OUTER_BOUND('',#2270,.T.);
#1904=FACE_OUTER_BOUND('',#2271,.T.);
#1905=FACE_OUTER_BOUND('',#2272,.T.);
#1906=FACE_OUTER_BOUND('',#2273,.T.);
#1907=FACE_OUTER_BOUND('',#2274,.T.);
#1908=FACE_OUTER_BOUND('',#2275,.T.);
#1909=FACE_OUTER_BOUND('',#2276,.T.);
#1910=FACE_OUTER_BOUND('',#2277,.T.);
#1911=FACE_OUTER_BOUND('',#2278,.T.);
#1912=FACE_OUTER_BOUND('',#2279,.T.);
#1913=FACE_OUTER_BOUND('',#2280,.T.);
#1914=FACE_OUTER_BOUND('',#2281,.T.);
#1915=FACE_OUTER_BOUND('',#2283,.T.);
#1916=FACE_OUTER_BOUND('',#2285,.T.);
#1917=FACE_OUTER_BOUND('',#2286,.T.);
#1918=FACE_OUTER_BOUND('',#2287,.T.);
#1919=FACE_OUTER_BOUND('',#2288,.T.);
#1920=FACE_OUTER_BOUND('',#2289,.T.);
#1921=FACE_OUTER_BOUND('',#2290,.T.);
#1922=FACE_OUTER_BOUND('',#2291,.T.);
#1923=FACE_OUTER_BOUND('',#2292,.T.);
#1924=FACE_OUTER_BOUND('',#2293,.T.);
#1925=FACE_OUTER_BOUND('',#2294,.T.);
#1926=FACE_OUTER_BOUND('',#2295,.T.);
#1927=FACE_OUTER_BOUND('',#2296,.T.);
#1928=FACE_OUTER_BOUND('',#2297,.T.);
#1929=FACE_OUTER_BOUND('',#2298,.T.);
#1930=FACE_OUTER_BOUND('',#2299,.T.);
#1931=FACE_OUTER_BOUND('',#2300,.T.);
#1932=FACE_OUTER_BOUND('',#2301,.T.);
#1933=FACE_OUTER_BOUND('',#2302,.T.);
#1934=FACE_OUTER_BOUND('',#2303,.T.);
#1935=FACE_OUTER_BOUND('',#2304,.T.);
#1936=FACE_OUTER_BOUND('',#2305,.T.);
#1937=FACE_OUTER_BOUND('',#2306,.T.);
#1938=FACE_OUTER_BOUND('',#2307,.T.);
#1939=FACE_OUTER_BOUND('',#2308,.T.);
#1940=FACE_OUTER_BOUND('',#2309,.T.);
#1941=FACE_OUTER_BOUND('',#2310,.T.);
#1942=FACE_OUTER_BOUND('',#2311,.T.);
#1943=FACE_OUTER_BOUND('',#2312,.T.);
#1944=FACE_OUTER_BOUND('',#2313,.T.);
#1945=FACE_OUTER_BOUND('',#2314,.T.);
#1946=FACE_OUTER_BOUND('',#2315,.T.);
#1947=FACE_OUTER_BOUND('',#2316,.T.);
#1948=FACE_OUTER_BOUND('',#2317,.T.);
#1949=FACE_OUTER_BOUND('',#2318,.T.);
#1950=FACE_OUTER_BOUND('',#2319,.T.);
#1951=FACE_OUTER_BOUND('',#2320,.T.);
#1952=FACE_OUTER_BOUND('',#2321,.T.);
#1953=FACE_OUTER_BOUND('',#2322,.T.);
#1954=FACE_OUTER_BOUND('',#2323,.T.);
#1955=FACE_OUTER_BOUND('',#2324,.T.);
#1956=FACE_OUTER_BOUND('',#2325,.T.);
#1957=FACE_OUTER_BOUND('',#2326,.T.);
#1958=FACE_OUTER_BOUND('',#2327,.T.);
#1959=FACE_OUTER_BOUND('',#2328,.T.);
#1960=FACE_OUTER_BOUND('',#2329,.T.);
#1961=FACE_OUTER_BOUND('',#2330,.T.);
#1962=FACE_OUTER_BOUND('',#2331,.T.);
#1963=FACE_OUTER_BOUND('',#2332,.T.);
#1964=FACE_OUTER_BOUND('',#2333,.T.);
#1965=FACE_OUTER_BOUND('',#2334,.T.);
#1966=FACE_OUTER_BOUND('',#2335,.T.);
#1967=FACE_OUTER_BOUND('',#2336,.T.);
#1968=FACE_OUTER_BOUND('',#2337,.T.);
#1969=FACE_OUTER_BOUND('',#2338,.T.);
#1970=FACE_OUTER_BOUND('',#2339,.T.);
#1971=FACE_OUTER_BOUND('',#2340,.T.);
#1972=FACE_OUTER_BOUND('',#2341,.T.);
#1973=FACE_OUTER_BOUND('',#2342,.T.);
#1974=FACE_OUTER_BOUND('',#2343,.T.);
#1975=FACE_OUTER_BOUND('',#2344,.T.);
#1976=FACE_OUTER_BOUND('',#2345,.T.);
#1977=FACE_OUTER_BOUND('',#2346,.T.);
#1978=FACE_OUTER_BOUND('',#2347,.T.);
#1979=FACE_OUTER_BOUND('',#2348,.T.);
#1980=FACE_OUTER_BOUND('',#2349,.T.);
#1981=FACE_OUTER_BOUND('',#2350,.T.);
#1982=FACE_OUTER_BOUND('',#2351,.T.);
#1983=FACE_OUTER_BOUND('',#2352,.T.);
#1984=FACE_OUTER_BOUND('',#2353,.T.);
#1985=FACE_OUTER_BOUND('',#2354,.T.);
#1986=FACE_OUTER_BOUND('',#2355,.T.);
#1987=FACE_OUTER_BOUND('',#2356,.T.);
#1988=FACE_OUTER_BOUND('',#2357,.T.);
#1989=FACE_OUTER_BOUND('',#2358,.T.);
#1990=FACE_OUTER_BOUND('',#2360,.T.);
#1991=FACE_OUTER_BOUND('',#2362,.T.);
#1992=FACE_OUTER_BOUND('',#2363,.T.);
#1993=FACE_OUTER_BOUND('',#2364,.T.);
#1994=FACE_OUTER_BOUND('',#2365,.T.);
#1995=FACE_OUTER_BOUND('',#2366,.T.);
#1996=FACE_OUTER_BOUND('',#2367,.T.);
#1997=FACE_OUTER_BOUND('',#2368,.T.);
#1998=FACE_OUTER_BOUND('',#2369,.T.);
#1999=FACE_OUTER_BOUND('',#2370,.T.);
#2000=FACE_OUTER_BOUND('',#2371,.T.);
#2001=FACE_OUTER_BOUND('',#2372,.T.);
#2002=FACE_OUTER_BOUND('',#2373,.T.);
#2003=FACE_OUTER_BOUND('',#2374,.T.);
#2004=FACE_OUTER_BOUND('',#2375,.T.);
#2005=FACE_OUTER_BOUND('',#2376,.T.);
#2006=FACE_OUTER_BOUND('',#2377,.T.);
#2007=FACE_OUTER_BOUND('',#2378,.T.);
#2008=FACE_OUTER_BOUND('',#2379,.T.);
#2009=FACE_OUTER_BOUND('',#2380,.T.);
#2010=FACE_OUTER_BOUND('',#2381,.T.);
#2011=FACE_OUTER_BOUND('',#2382,.T.);
#2012=FACE_OUTER_BOUND('',#2383,.T.);
#2013=FACE_OUTER_BOUND('',#2384,.T.);
#2014=FACE_OUTER_BOUND('',#2385,.T.);
#2015=FACE_OUTER_BOUND('',#2386,.T.);
#2016=FACE_OUTER_BOUND('',#2387,.T.);
#2017=FACE_OUTER_BOUND('',#2388,.T.);
#2018=FACE_OUTER_BOUND('',#2389,.T.);
#2019=FACE_OUTER_BOUND('',#2390,.T.);
#2020=FACE_OUTER_BOUND('',#2391,.T.);
#2021=FACE_OUTER_BOUND('',#2392,.T.);
#2022=FACE_OUTER_BOUND('',#2393,.T.);
#2023=FACE_OUTER_BOUND('',#2394,.T.);
#2024=FACE_OUTER_BOUND('',#2395,.T.);
#2025=FACE_OUTER_BOUND('',#2396,.T.);
#2026=FACE_OUTER_BOUND('',#2397,.T.);
#2027=FACE_OUTER_BOUND('',#2398,.T.);
#2028=FACE_OUTER_BOUND('',#2399,.T.);
#2029=FACE_OUTER_BOUND('',#2400,.T.);
#2030=FACE_OUTER_BOUND('',#2401,.T.);
#2031=FACE_OUTER_BOUND('',#2402,.T.);
#2032=FACE_OUTER_BOUND('',#2403,.T.);
#2033=FACE_OUTER_BOUND('',#2404,.T.);
#2034=FACE_OUTER_BOUND('',#2405,.T.);
#2035=FACE_OUTER_BOUND('',#2406,.T.);
#2036=FACE_OUTER_BOUND('',#2407,.T.);
#2037=FACE_OUTER_BOUND('',#2408,.T.);
#2038=FACE_OUTER_BOUND('',#2409,.T.);
#2039=FACE_OUTER_BOUND('',#2410,.T.);
#2040=FACE_OUTER_BOUND('',#2411,.T.);
#2041=FACE_OUTER_BOUND('',#2412,.T.);
#2042=FACE_OUTER_BOUND('',#2413,.T.);
#2043=FACE_OUTER_BOUND('',#2414,.T.);
#2044=FACE_OUTER_BOUND('',#2415,.T.);
#2045=FACE_OUTER_BOUND('',#2417,.T.);
#2046=FACE_OUTER_BOUND('',#2419,.T.);
#2047=FACE_OUTER_BOUND('',#2420,.T.);
#2048=FACE_OUTER_BOUND('',#2421,.T.);
#2049=FACE_OUTER_BOUND('',#2422,.T.);
#2050=FACE_OUTER_BOUND('',#2423,.T.);
#2051=FACE_OUTER_BOUND('',#2424,.T.);
#2052=FACE_OUTER_BOUND('',#2425,.T.);
#2053=FACE_OUTER_BOUND('',#2426,.T.);
#2054=FACE_OUTER_BOUND('',#2427,.T.);
#2055=FACE_OUTER_BOUND('',#2428,.T.);
#2056=FACE_OUTER_BOUND('',#2429,.T.);
#2057=FACE_OUTER_BOUND('',#2430,.T.);
#2058=FACE_OUTER_BOUND('',#2431,.T.);
#2059=FACE_OUTER_BOUND('',#2432,.T.);
#2060=FACE_OUTER_BOUND('',#2433,.T.);
#2061=FACE_OUTER_BOUND('',#2434,.T.);
#2062=FACE_OUTER_BOUND('',#2435,.T.);
#2063=FACE_OUTER_BOUND('',#2436,.T.);
#2064=FACE_OUTER_BOUND('',#2437,.T.);
#2065=FACE_OUTER_BOUND('',#2438,.T.);
#2066=FACE_OUTER_BOUND('',#2439,.T.);
#2067=FACE_OUTER_BOUND('',#2440,.T.);
#2068=FACE_OUTER_BOUND('',#2441,.T.);
#2069=FACE_OUTER_BOUND('',#2442,.T.);
#2070=FACE_OUTER_BOUND('',#2443,.T.);
#2071=FACE_OUTER_BOUND('',#2444,.T.);
#2072=FACE_OUTER_BOUND('',#2445,.T.);
#2073=FACE_OUTER_BOUND('',#2446,.T.);
#2074=FACE_OUTER_BOUND('',#2447,.T.);
#2075=FACE_OUTER_BOUND('',#2448,.T.);
#2076=FACE_OUTER_BOUND('',#2449,.T.);
#2077=FACE_OUTER_BOUND('',#2450,.T.);
#2078=FACE_OUTER_BOUND('',#2451,.T.);
#2079=FACE_OUTER_BOUND('',#2452,.T.);
#2080=FACE_OUTER_BOUND('',#2453,.T.);
#2081=FACE_OUTER_BOUND('',#2454,.T.);
#2082=FACE_OUTER_BOUND('',#2455,.T.);
#2083=FACE_OUTER_BOUND('',#2456,.T.);
#2084=FACE_OUTER_BOUND('',#2458,.T.);
#2085=FACE_OUTER_BOUND('',#2460,.T.);
#2086=FACE_OUTER_BOUND('',#2461,.T.);
#2087=FACE_OUTER_BOUND('',#2462,.T.);
#2088=FACE_OUTER_BOUND('',#2463,.T.);
#2089=FACE_OUTER_BOUND('',#2464,.T.);
#2090=FACE_OUTER_BOUND('',#2465,.T.);
#2091=FACE_OUTER_BOUND('',#2466,.T.);
#2092=FACE_OUTER_BOUND('',#2467,.T.);
#2093=FACE_OUTER_BOUND('',#2468,.T.);
#2094=FACE_OUTER_BOUND('',#2469,.T.);
#2095=FACE_OUTER_BOUND('',#2470,.T.);
#2096=FACE_OUTER_BOUND('',#2471,.T.);
#2097=FACE_OUTER_BOUND('',#2472,.T.);
#2098=FACE_OUTER_BOUND('',#2473,.T.);
#2099=FACE_OUTER_BOUND('',#2474,.T.);
#2100=FACE_OUTER_BOUND('',#2475,.T.);
#2101=FACE_OUTER_BOUND('',#2476,.T.);
#2102=FACE_OUTER_BOUND('',#2477,.T.);
#2103=FACE_OUTER_BOUND('',#2478,.T.);
#2104=FACE_OUTER_BOUND('',#2479,.T.);
#2105=FACE_OUTER_BOUND('',#2480,.T.);
#2106=FACE_OUTER_BOUND('',#2481,.T.);
#2107=FACE_OUTER_BOUND('',#2482,.T.);
#2108=FACE_OUTER_BOUND('',#2483,.T.);
#2109=FACE_OUTER_BOUND('',#2484,.T.);
#2110=FACE_OUTER_BOUND('',#2485,.T.);
#2111=FACE_OUTER_BOUND('',#2486,.T.);
#2112=FACE_OUTER_BOUND('',#2487,.T.);
#2113=FACE_OUTER_BOUND('',#2488,.T.);
#2114=FACE_OUTER_BOUND('',#2489,.T.);
#2115=FACE_OUTER_BOUND('',#2490,.T.);
#2116=FACE_OUTER_BOUND('',#2491,.T.);
#2117=FACE_OUTER_BOUND('',#2492,.T.);
#2118=FACE_OUTER_BOUND('',#2493,.T.);
#2119=FACE_OUTER_BOUND('',#2494,.T.);
#2120=FACE_OUTER_BOUND('',#2495,.T.);
#2121=FACE_OUTER_BOUND('',#2496,.T.);
#2122=FACE_OUTER_BOUND('',#2497,.T.);
#2123=FACE_OUTER_BOUND('',#2499,.T.);
#2124=FACE_OUTER_BOUND('',#2501,.T.);
#2125=FACE_OUTER_BOUND('',#2502,.T.);
#2126=FACE_OUTER_BOUND('',#2503,.T.);
#2127=FACE_OUTER_BOUND('',#2504,.T.);
#2128=FACE_OUTER_BOUND('',#2505,.T.);
#2129=FACE_OUTER_BOUND('',#2506,.T.);
#2130=FACE_OUTER_BOUND('',#2507,.T.);
#2131=FACE_OUTER_BOUND('',#2508,.T.);
#2132=FACE_OUTER_BOUND('',#2509,.T.);
#2133=FACE_OUTER_BOUND('',#2510,.T.);
#2134=FACE_OUTER_BOUND('',#2511,.T.);
#2135=FACE_OUTER_BOUND('',#2512,.T.);
#2136=FACE_OUTER_BOUND('',#2513,.T.);
#2137=FACE_OUTER_BOUND('',#2514,.T.);
#2138=FACE_OUTER_BOUND('',#2515,.T.);
#2139=FACE_OUTER_BOUND('',#2516,.T.);
#2140=FACE_OUTER_BOUND('',#2517,.T.);
#2141=FACE_OUTER_BOUND('',#2518,.T.);
#2142=FACE_OUTER_BOUND('',#2519,.T.);
#2143=EDGE_LOOP('',(#4171));
#2144=EDGE_LOOP('',(#4172));
#2145=EDGE_LOOP('',(#4173,#4174,#4175,#4176));
#2146=EDGE_LOOP('',(#4177,#4178,#4179,#4180));
#2147=EDGE_LOOP('',(#4181,#4182,#4183,#4184));
#2148=EDGE_LOOP('',(#4185,#4186,#4187,#4188));
#2149=EDGE_LOOP('',(#4189,#4190,#4191,#4192));
#2150=EDGE_LOOP('',(#4193,#4194,#4195,#4196));
#2151=EDGE_LOOP('',(#4197,#4198,#4199,#4200));
#2152=EDGE_LOOP('',(#4201,#4202,#4203,#4204));
#2153=EDGE_LOOP('',(#4205,#4206,#4207,#4208,#4209,#4210,#4211,#4212));
#2154=EDGE_LOOP('',(#4213,#4214,#4215,#4216));
#2155=EDGE_LOOP('',(#4217,#4218,#4219,#4220));
#2156=EDGE_LOOP('',(#4221,#4222,#4223,#4224));
#2157=EDGE_LOOP('',(#4225,#4226,#4227,#4228));
#2158=EDGE_LOOP('',(#4229,#4230,#4231,#4232));
#2159=EDGE_LOOP('',(#4233,#4234,#4235,#4236));
#2160=EDGE_LOOP('',(#4237,#4238,#4239,#4240));
#2161=EDGE_LOOP('',(#4241,#4242,#4243,#4244,#4245,#4246,#4247,#4248));
#2162=EDGE_LOOP('',(#4249,#4250,#4251,#4252));
#2163=EDGE_LOOP('',(#4253,#4254,#4255,#4256));
#2164=EDGE_LOOP('',(#4257,#4258,#4259,#4260));
#2165=EDGE_LOOP('',(#4261,#4262,#4263,#4264));
#2166=EDGE_LOOP('',(#4265,#4266,#4267,#4268));
#2167=EDGE_LOOP('',(#4269,#4270,#4271,#4272));
#2168=EDGE_LOOP('',(#4273));
#2169=EDGE_LOOP('',(#4274,#4275,#4276,#4277,#4278,#4279,#4280,#4281));
#2170=EDGE_LOOP('',(#4282,#4283,#4284,#4285,#4286,#4287,#4288,#4289));
#2171=EDGE_LOOP('',(#4290));
#2172=EDGE_LOOP('',(#4291,#4292,#4293,#4294));
#2173=EDGE_LOOP('',(#4295,#4296,#4297,#4298));
#2174=EDGE_LOOP('',(#4299,#4300,#4301,#4302));
#2175=EDGE_LOOP('',(#4303,#4304,#4305,#4306));
#2176=EDGE_LOOP('',(#4307));
#2177=EDGE_LOOP('',(#4308));
#2178=EDGE_LOOP('',(#4309,#4310,#4311,#4312));
#2179=EDGE_LOOP('',(#4313,#4314,#4315,#4316));
#2180=EDGE_LOOP('',(#4317,#4318,#4319,#4320,#4321,#4322,#4323,#4324));
#2181=EDGE_LOOP('',(#4325,#4326,#4327,#4328,#4329,#4330,#4331,#4332));
#2182=EDGE_LOOP('',(#4333,#4334,#4335,#4336));
#2183=EDGE_LOOP('',(#4337,#4338,#4339,#4340));
#2184=EDGE_LOOP('',(#4341,#4342,#4343,#4344));
#2185=EDGE_LOOP('',(#4345,#4346,#4347,#4348));
#2186=EDGE_LOOP('',(#4349,#4350,#4351,#4352));
#2187=EDGE_LOOP('',(#4353,#4354,#4355,#4356));
#2188=EDGE_LOOP('',(#4357,#4358,#4359,#4360));
#2189=EDGE_LOOP('',(#4361,#4362,#4363,#4364));
#2190=EDGE_LOOP('',(#4365,#4366,#4367,#4368));
#2191=EDGE_LOOP('',(#4369,#4370,#4371,#4372));
#2192=EDGE_LOOP('',(#4373,#4374,#4375,#4376));
#2193=EDGE_LOOP('',(#4377,#4378,#4379,#4380));
#2194=EDGE_LOOP('',(#4381,#4382,#4383,#4384));
#2195=EDGE_LOOP('',(#4385,#4386,#4387,#4388));
#2196=EDGE_LOOP('',(#4389,#4390,#4391,#4392));
#2197=EDGE_LOOP('',(#4393,#4394,#4395,#4396));
#2198=EDGE_LOOP('',(#4397,#4398,#4399,#4400));
#2199=EDGE_LOOP('',(#4401,#4402,#4403,#4404));
#2200=EDGE_LOOP('',(#4405,#4406,#4407,#4408));
#2201=EDGE_LOOP('',(#4409,#4410,#4411,#4412));
#2202=EDGE_LOOP('',(#4413,#4414,#4415,#4416));
#2203=EDGE_LOOP('',(#4417,#4418,#4419,#4420));
#2204=EDGE_LOOP('',(#4421,#4422,#4423,#4424));
#2205=EDGE_LOOP('',(#4425,#4426,#4427,#4428));
#2206=EDGE_LOOP('',(#4429,#4430,#4431,#4432));
#2207=EDGE_LOOP('',(#4433,#4434,#4435,#4436));
#2208=EDGE_LOOP('',(#4437,#4438,#4439,#4440));
#2209=EDGE_LOOP('',(#4441,#4442,#4443,#4444));
#2210=EDGE_LOOP('',(#4445,#4446,#4447,#4448));
#2211=EDGE_LOOP('',(#4449,#4450,#4451,#4452,#4453,#4454,#4455,#4456,#4457,
#4458,#4459,#4460,#4461,#4462,#4463,#4464,#4465,#4466,#4467,#4468,#4469,
#4470,#4471,#4472,#4473,#4474,#4475,#4476,#4477));
#2212=EDGE_LOOP('',(#4478,#4479,#4480,#4481,#4482,#4483,#4484,#4485,#4486,
#4487,#4488,#4489,#4490,#4491,#4492,#4493,#4494,#4495,#4496,#4497,#4498,
#4499,#4500,#4501,#4502,#4503,#4504,#4505,#4506));
#2213=EDGE_LOOP('',(#4507,#4508,#4509,#4510));
#2214=EDGE_LOOP('',(#4511,#4512,#4513,#4514));
#2215=EDGE_LOOP('',(#4515,#4516,#4517,#4518));
#2216=EDGE_LOOP('',(#4519,#4520,#4521,#4522));
#2217=EDGE_LOOP('',(#4523,#4524,#4525,#4526));
#2218=EDGE_LOOP('',(#4527,#4528,#4529,#4530));
#2219=EDGE_LOOP('',(#4531,#4532,#4533,#4534));
#2220=EDGE_LOOP('',(#4535,#4536,#4537,#4538));
#2221=EDGE_LOOP('',(#4539,#4540,#4541,#4542));
#2222=EDGE_LOOP('',(#4543,#4544,#4545,#4546));
#2223=EDGE_LOOP('',(#4547,#4548,#4549,#4550));
#2224=EDGE_LOOP('',(#4551,#4552,#4553,#4554));
#2225=EDGE_LOOP('',(#4555,#4556,#4557,#4558));
#2226=EDGE_LOOP('',(#4559,#4560,#4561,#4562,#4563,#4564,#4565,#4566,#4567,
#4568,#4569,#4570,#4571));
#2227=EDGE_LOOP('',(#4572,#4573,#4574,#4575,#4576,#4577,#4578,#4579,#4580,
#4581,#4582,#4583,#4584));
#2228=EDGE_LOOP('',(#4585,#4586,#4587,#4588));
#2229=EDGE_LOOP('',(#4589,#4590,#4591,#4592));
#2230=EDGE_LOOP('',(#4593,#4594,#4595,#4596));
#2231=EDGE_LOOP('',(#4597,#4598,#4599,#4600));
#2232=EDGE_LOOP('',(#4601,#4602,#4603,#4604));
#2233=EDGE_LOOP('',(#4605,#4606,#4607,#4608));
#2234=EDGE_LOOP('',(#4609,#4610,#4611,#4612));
#2235=EDGE_LOOP('',(#4613,#4614,#4615,#4616));
#2236=EDGE_LOOP('',(#4617,#4618,#4619,#4620));
#2237=EDGE_LOOP('',(#4621,#4622,#4623,#4624));
#2238=EDGE_LOOP('',(#4625,#4626,#4627,#4628));
#2239=EDGE_LOOP('',(#4629,#4630,#4631,#4632));
#2240=EDGE_LOOP('',(#4633,#4634,#4635,#4636));
#2241=EDGE_LOOP('',(#4637,#4638,#4639,#4640));
#2242=EDGE_LOOP('',(#4641,#4642,#4643,#4644));
#2243=EDGE_LOOP('',(#4645,#4646,#4647,#4648));
#2244=EDGE_LOOP('',(#4649,#4650,#4651,#4652));
#2245=EDGE_LOOP('',(#4653,#4654,#4655,#4656));
#2246=EDGE_LOOP('',(#4657,#4658,#4659,#4660));
#2247=EDGE_LOOP('',(#4661,#4662,#4663,#4664));
#2248=EDGE_LOOP('',(#4665,#4666,#4667,#4668));
#2249=EDGE_LOOP('',(#4669,#4670,#4671,#4672));
#2250=EDGE_LOOP('',(#4673,#4674,#4675,#4676));
#2251=EDGE_LOOP('',(#4677,#4678,#4679,#4680));
#2252=EDGE_LOOP('',(#4681,#4682,#4683,#4684));
#2253=EDGE_LOOP('',(#4685,#4686,#4687,#4688));
#2254=EDGE_LOOP('',(#4689,#4690,#4691,#4692));
#2255=EDGE_LOOP('',(#4693,#4694,#4695,#4696));
#2256=EDGE_LOOP('',(#4697,#4698,#4699,#4700));
#2257=EDGE_LOOP('',(#4701,#4702,#4703,#4704,#4705,#4706,#4707,#4708,#4709,
#4710,#4711,#4712,#4713,#4714,#4715,#4716,#4717,#4718,#4719,#4720,#4721));
#2258=EDGE_LOOP('',(#4722,#4723,#4724,#4725,#4726,#4727,#4728,#4729));
#2259=EDGE_LOOP('',(#4730,#4731,#4732,#4733,#4734,#4735,#4736,#4737,#4738,
#4739,#4740,#4741,#4742,#4743,#4744,#4745,#4746,#4747,#4748,#4749,#4750));
#2260=EDGE_LOOP('',(#4751,#4752,#4753,#4754,#4755,#4756,#4757,#4758));
#2261=EDGE_LOOP('',(#4759,#4760,#4761,#4762));
#2262=EDGE_LOOP('',(#4763,#4764,#4765,#4766));
#2263=EDGE_LOOP('',(#4767,#4768,#4769,#4770));
#2264=EDGE_LOOP('',(#4771,#4772,#4773,#4774));
#2265=EDGE_LOOP('',(#4775,#4776,#4777,#4778));
#2266=EDGE_LOOP('',(#4779,#4780,#4781,#4782));
#2267=EDGE_LOOP('',(#4783,#4784,#4785,#4786));
#2268=EDGE_LOOP('',(#4787,#4788,#4789,#4790));
#2269=EDGE_LOOP('',(#4791,#4792,#4793,#4794));
#2270=EDGE_LOOP('',(#4795,#4796,#4797,#4798));
#2271=EDGE_LOOP('',(#4799,#4800,#4801,#4802));
#2272=EDGE_LOOP('',(#4803,#4804,#4805,#4806));
#2273=EDGE_LOOP('',(#4807,#4808,#4809,#4810));
#2274=EDGE_LOOP('',(#4811,#4812,#4813,#4814));
#2275=EDGE_LOOP('',(#4815,#4816,#4817,#4818));
#2276=EDGE_LOOP('',(#4819,#4820,#4821,#4822));
#2277=EDGE_LOOP('',(#4823,#4824,#4825,#4826));
#2278=EDGE_LOOP('',(#4827,#4828,#4829,#4830));
#2279=EDGE_LOOP('',(#4831,#4832,#4833,#4834));
#2280=EDGE_LOOP('',(#4835,#4836,#4837,#4838));
#2281=EDGE_LOOP('',(#4839,#4840,#4841,#4842,#4843,#4844,#4845,#4846,#4847,
#4848,#4849,#4850,#4851,#4852,#4853));
#2282=EDGE_LOOP('',(#4854,#4855,#4856,#4857,#4858));
#2283=EDGE_LOOP('',(#4859,#4860,#4861,#4862,#4863,#4864,#4865,#4866,#4867,
#4868,#4869,#4870,#4871,#4872,#4873));
#2284=EDGE_LOOP('',(#4874,#4875,#4876,#4877,#4878));
#2285=EDGE_LOOP('',(#4879,#4880,#4881,#4882));
#2286=EDGE_LOOP('',(#4883,#4884,#4885,#4886));
#2287=EDGE_LOOP('',(#4887,#4888,#4889,#4890));
#2288=EDGE_LOOP('',(#4891,#4892,#4893,#4894));
#2289=EDGE_LOOP('',(#4895,#4896,#4897,#4898));
#2290=EDGE_LOOP('',(#4899,#4900,#4901,#4902));
#2291=EDGE_LOOP('',(#4903,#4904,#4905,#4906));
#2292=EDGE_LOOP('',(#4907,#4908,#4909,#4910));
#2293=EDGE_LOOP('',(#4911,#4912,#4913,#4914));
#2294=EDGE_LOOP('',(#4915,#4916,#4917,#4918));
#2295=EDGE_LOOP('',(#4919,#4920,#4921,#4922));
#2296=EDGE_LOOP('',(#4923,#4924,#4925,#4926));
#2297=EDGE_LOOP('',(#4927,#4928,#4929,#4930));
#2298=EDGE_LOOP('',(#4931,#4932,#4933,#4934));
#2299=EDGE_LOOP('',(#4935,#4936,#4937,#4938));
#2300=EDGE_LOOP('',(#4939,#4940,#4941,#4942));
#2301=EDGE_LOOP('',(#4943,#4944,#4945,#4946));
#2302=EDGE_LOOP('',(#4947,#4948,#4949,#4950));
#2303=EDGE_LOOP('',(#4951,#4952,#4953,#4954));
#2304=EDGE_LOOP('',(#4955,#4956,#4957,#4958,#4959,#4960,#4961,#4962,#4963,
#4964,#4965,#4966,#4967,#4968,#4969,#4970,#4971,#4972,#4973));
#2305=EDGE_LOOP('',(#4974,#4975,#4976,#4977,#4978,#4979,#4980,#4981,#4982,
#4983,#4984,#4985,#4986,#4987,#4988,#4989,#4990,#4991,#4992));
#2306=EDGE_LOOP('',(#4993,#4994,#4995,#4996));
#2307=EDGE_LOOP('',(#4997,#4998,#4999,#5000));
#2308=EDGE_LOOP('',(#5001,#5002,#5003,#5004));
#2309=EDGE_LOOP('',(#5005,#5006,#5007,#5008));
#2310=EDGE_LOOP('',(#5009,#5010,#5011,#5012));
#2311=EDGE_LOOP('',(#5013,#5014,#5015,#5016));
#2312=EDGE_LOOP('',(#5017,#5018,#5019,#5020));
#2313=EDGE_LOOP('',(#5021,#5022,#5023,#5024));
#2314=EDGE_LOOP('',(#5025,#5026,#5027,#5028));
#2315=EDGE_LOOP('',(#5029,#5030,#5031,#5032));
#2316=EDGE_LOOP('',(#5033,#5034,#5035,#5036));
#2317=EDGE_LOOP('',(#5037,#5038,#5039,#5040));
#2318=EDGE_LOOP('',(#5041,#5042,#5043,#5044));
#2319=EDGE_LOOP('',(#5045,#5046,#5047,#5048,#5049,#5050,#5051,#5052,#5053,
#5054,#5055,#5056,#5057));
#2320=EDGE_LOOP('',(#5058,#5059,#5060,#5061,#5062,#5063,#5064,#5065,#5066,
#5067,#5068,#5069,#5070));
#2321=EDGE_LOOP('',(#5071,#5072,#5073,#5074));
#2322=EDGE_LOOP('',(#5075,#5076,#5077,#5078));
#2323=EDGE_LOOP('',(#5079,#5080,#5081,#5082));
#2324=EDGE_LOOP('',(#5083,#5084,#5085,#5086));
#2325=EDGE_LOOP('',(#5087,#5088,#5089,#5090));
#2326=EDGE_LOOP('',(#5091,#5092,#5093,#5094));
#2327=EDGE_LOOP('',(#5095,#5096,#5097,#5098));
#2328=EDGE_LOOP('',(#5099,#5100,#5101,#5102));
#2329=EDGE_LOOP('',(#5103,#5104,#5105,#5106));
#2330=EDGE_LOOP('',(#5107,#5108,#5109,#5110));
#2331=EDGE_LOOP('',(#5111,#5112,#5113,#5114));
#2332=EDGE_LOOP('',(#5115,#5116,#5117,#5118));
#2333=EDGE_LOOP('',(#5119,#5120,#5121,#5122));
#2334=EDGE_LOOP('',(#5123,#5124,#5125,#5126));
#2335=EDGE_LOOP('',(#5127,#5128,#5129,#5130));
#2336=EDGE_LOOP('',(#5131,#5132,#5133,#5134));
#2337=EDGE_LOOP('',(#5135,#5136,#5137,#5138));
#2338=EDGE_LOOP('',(#5139,#5140,#5141,#5142));
#2339=EDGE_LOOP('',(#5143,#5144,#5145,#5146));
#2340=EDGE_LOOP('',(#5147,#5148,#5149,#5150));
#2341=EDGE_LOOP('',(#5151,#5152,#5153,#5154));
#2342=EDGE_LOOP('',(#5155,#5156,#5157,#5158));
#2343=EDGE_LOOP('',(#5159,#5160,#5161,#5162));
#2344=EDGE_LOOP('',(#5163,#5164,#5165,#5166));
#2345=EDGE_LOOP('',(#5167,#5168,#5169,#5170));
#2346=EDGE_LOOP('',(#5171,#5172,#5173,#5174));
#2347=EDGE_LOOP('',(#5175,#5176,#5177,#5178));
#2348=EDGE_LOOP('',(#5179,#5180,#5181,#5182));
#2349=EDGE_LOOP('',(#5183,#5184,#5185,#5186));
#2350=EDGE_LOOP('',(#5187,#5188,#5189,#5190));
#2351=EDGE_LOOP('',(#5191,#5192,#5193,#5194));
#2352=EDGE_LOOP('',(#5195,#5196,#5197,#5198));
#2353=EDGE_LOOP('',(#5199,#5200,#5201,#5202));
#2354=EDGE_LOOP('',(#5203,#5204,#5205,#5206));
#2355=EDGE_LOOP('',(#5207,#5208,#5209,#5210));
#2356=EDGE_LOOP('',(#5211,#5212,#5213,#5214));
#2357=EDGE_LOOP('',(#5215,#5216,#5217,#5218));
#2358=EDGE_LOOP('',(#5219,#5220,#5221,#5222,#5223,#5224,#5225,#5226,#5227,
#5228,#5229,#5230,#5231,#5232,#5233,#5234,#5235,#5236,#5237,#5238,#5239,
#5240,#5241,#5242,#5243,#5244,#5245));
#2359=EDGE_LOOP('',(#5246,#5247,#5248,#5249,#5250,#5251,#5252,#5253,#5254,
#5255));
#2360=EDGE_LOOP('',(#5256,#5257,#5258,#5259,#5260,#5261,#5262,#5263,#5264,
#5265,#5266,#5267,#5268,#5269,#5270,#5271,#5272,#5273,#5274,#5275,#5276,
#5277,#5278,#5279,#5280,#5281,#5282));
#2361=EDGE_LOOP('',(#5283,#5284,#5285,#5286,#5287,#5288,#5289,#5290,#5291,
#5292));
#2362=EDGE_LOOP('',(#5293,#5294,#5295,#5296));
#2363=EDGE_LOOP('',(#5297,#5298,#5299,#5300));
#2364=EDGE_LOOP('',(#5301,#5302,#5303,#5304));
#2365=EDGE_LOOP('',(#5305,#5306,#5307,#5308));
#2366=EDGE_LOOP('',(#5309,#5310,#5311,#5312));
#2367=EDGE_LOOP('',(#5313,#5314,#5315,#5316));
#2368=EDGE_LOOP('',(#5317,#5318,#5319,#5320));
#2369=EDGE_LOOP('',(#5321,#5322,#5323,#5324));
#2370=EDGE_LOOP('',(#5325,#5326,#5327,#5328));
#2371=EDGE_LOOP('',(#5329,#5330,#5331,#5332));
#2372=EDGE_LOOP('',(#5333,#5334,#5335,#5336));
#2373=EDGE_LOOP('',(#5337,#5338,#5339,#5340));
#2374=EDGE_LOOP('',(#5341,#5342,#5343,#5344));
#2375=EDGE_LOOP('',(#5345,#5346,#5347,#5348));
#2376=EDGE_LOOP('',(#5349,#5350,#5351,#5352));
#2377=EDGE_LOOP('',(#5353,#5354,#5355,#5356));
#2378=EDGE_LOOP('',(#5357,#5358,#5359,#5360));
#2379=EDGE_LOOP('',(#5361,#5362,#5363,#5364));
#2380=EDGE_LOOP('',(#5365,#5366,#5367,#5368));
#2381=EDGE_LOOP('',(#5369,#5370,#5371,#5372));
#2382=EDGE_LOOP('',(#5373,#5374,#5375,#5376));
#2383=EDGE_LOOP('',(#5377,#5378,#5379,#5380));
#2384=EDGE_LOOP('',(#5381,#5382,#5383,#5384));
#2385=EDGE_LOOP('',(#5385,#5386,#5387,#5388));
#2386=EDGE_LOOP('',(#5389,#5390,#5391,#5392));
#2387=EDGE_LOOP('',(#5393,#5394,#5395,#5396));
#2388=EDGE_LOOP('',(#5397,#5398,#5399,#5400));
#2389=EDGE_LOOP('',(#5401,#5402,#5403,#5404));
#2390=EDGE_LOOP('',(#5405,#5406,#5407,#5408));
#2391=EDGE_LOOP('',(#5409,#5410,#5411,#5412,#5413,#5414,#5415,#5416,#5417,
#5418,#5419,#5420,#5421,#5422,#5423,#5424,#5425,#5426,#5427,#5428,#5429,
#5430,#5431,#5432,#5433,#5434,#5435,#5436,#5437));
#2392=EDGE_LOOP('',(#5438,#5439,#5440,#5441,#5442,#5443,#5444,#5445,#5446,
#5447,#5448,#5449,#5450,#5451,#5452,#5453,#5454,#5455,#5456,#5457,#5458,
#5459,#5460,#5461,#5462,#5463,#5464,#5465,#5466));
#2393=EDGE_LOOP('',(#5467,#5468,#5469,#5470));
#2394=EDGE_LOOP('',(#5471,#5472,#5473,#5474));
#2395=EDGE_LOOP('',(#5475,#5476,#5477,#5478));
#2396=EDGE_LOOP('',(#5479,#5480,#5481,#5482));
#2397=EDGE_LOOP('',(#5483,#5484,#5485,#5486));
#2398=EDGE_LOOP('',(#5487,#5488,#5489,#5490));
#2399=EDGE_LOOP('',(#5491,#5492,#5493,#5494));
#2400=EDGE_LOOP('',(#5495,#5496,#5497,#5498));
#2401=EDGE_LOOP('',(#5499,#5500,#5501,#5502));
#2402=EDGE_LOOP('',(#5503,#5504,#5505,#5506));
#2403=EDGE_LOOP('',(#5507,#5508,#5509,#5510));
#2404=EDGE_LOOP('',(#5511,#5512,#5513,#5514));
#2405=EDGE_LOOP('',(#5515,#5516,#5517,#5518));
#2406=EDGE_LOOP('',(#5519,#5520,#5521,#5522));
#2407=EDGE_LOOP('',(#5523,#5524,#5525,#5526));
#2408=EDGE_LOOP('',(#5527,#5528,#5529,#5530));
#2409=EDGE_LOOP('',(#5531,#5532,#5533,#5534));
#2410=EDGE_LOOP('',(#5535,#5536,#5537,#5538));
#2411=EDGE_LOOP('',(#5539,#5540,#5541,#5542));
#2412=EDGE_LOOP('',(#5543,#5544,#5545,#5546));
#2413=EDGE_LOOP('',(#5547,#5548,#5549,#5550));
#2414=EDGE_LOOP('',(#5551,#5552,#5553,#5554));
#2415=EDGE_LOOP('',(#5555,#5556,#5557,#5558,#5559,#5560,#5561,#5562,#5563,
#5564,#5565,#5566,#5567,#5568));
#2416=EDGE_LOOP('',(#5569,#5570,#5571,#5572,#5573,#5574,#5575,#5576));
#2417=EDGE_LOOP('',(#5577,#5578,#5579,#5580,#5581,#5582,#5583,#5584,#5585,
#5586,#5587,#5588,#5589,#5590));
#2418=EDGE_LOOP('',(#5591,#5592,#5593,#5594,#5595,#5596,#5597,#5598));
#2419=EDGE_LOOP('',(#5599,#5600,#5601,#5602));
#2420=EDGE_LOOP('',(#5603,#5604,#5605,#5606));
#2421=EDGE_LOOP('',(#5607,#5608,#5609,#5610));
#2422=EDGE_LOOP('',(#5611,#5612,#5613,#5614));
#2423=EDGE_LOOP('',(#5615,#5616,#5617,#5618));
#2424=EDGE_LOOP('',(#5619,#5620,#5621,#5622));
#2425=EDGE_LOOP('',(#5623,#5624,#5625,#5626));
#2426=EDGE_LOOP('',(#5627,#5628,#5629,#5630));
#2427=EDGE_LOOP('',(#5631,#5632,#5633,#5634));
#2428=EDGE_LOOP('',(#5635,#5636,#5637,#5638));
#2429=EDGE_LOOP('',(#5639,#5640,#5641,#5642));
#2430=EDGE_LOOP('',(#5643,#5644,#5645,#5646));
#2431=EDGE_LOOP('',(#5647,#5648,#5649,#5650));
#2432=EDGE_LOOP('',(#5651,#5652,#5653,#5654));
#2433=EDGE_LOOP('',(#5655,#5656,#5657,#5658));
#2434=EDGE_LOOP('',(#5659,#5660,#5661,#5662));
#2435=EDGE_LOOP('',(#5663,#5664,#5665,#5666));
#2436=EDGE_LOOP('',(#5667,#5668,#5669,#5670));
#2437=EDGE_LOOP('',(#5671,#5672,#5673,#5674));
#2438=EDGE_LOOP('',(#5675,#5676,#5677,#5678));
#2439=EDGE_LOOP('',(#5679,#5680,#5681,#5682));
#2440=EDGE_LOOP('',(#5683,#5684,#5685,#5686));
#2441=EDGE_LOOP('',(#5687,#5688,#5689,#5690));
#2442=EDGE_LOOP('',(#5691,#5692,#5693,#5694));
#2443=EDGE_LOOP('',(#5695,#5696,#5697,#5698));
#2444=EDGE_LOOP('',(#5699,#5700,#5701,#5702));
#2445=EDGE_LOOP('',(#5703,#5704,#5705,#5706));
#2446=EDGE_LOOP('',(#5707,#5708,#5709,#5710));
#2447=EDGE_LOOP('',(#5711,#5712,#5713,#5714));
#2448=EDGE_LOOP('',(#5715,#5716,#5717,#5718));
#2449=EDGE_LOOP('',(#5719,#5720,#5721,#5722));
#2450=EDGE_LOOP('',(#5723,#5724,#5725,#5726));
#2451=EDGE_LOOP('',(#5727,#5728,#5729,#5730));
#2452=EDGE_LOOP('',(#5731,#5732,#5733,#5734));
#2453=EDGE_LOOP('',(#5735,#5736,#5737,#5738));
#2454=EDGE_LOOP('',(#5739,#5740,#5741,#5742));
#2455=EDGE_LOOP('',(#5743,#5744,#5745,#5746));
#2456=EDGE_LOOP('',(#5747,#5748,#5749,#5750,#5751,#5752,#5753,#5754,#5755,
#5756,#5757,#5758,#5759,#5760,#5761,#5762,#5763,#5764,#5765,#5766,#5767,
#5768,#5769,#5770,#5771,#5772,#5773));
#2457=EDGE_LOOP('',(#5774,#5775,#5776,#5777,#5778,#5779,#5780,#5781,#5782,
#5783));
#2458=EDGE_LOOP('',(#5784,#5785,#5786,#5787,#5788,#5789,#5790,#5791,#5792,
#5793,#5794,#5795,#5796,#5797,#5798,#5799,#5800,#5801,#5802,#5803,#5804,
#5805,#5806,#5807,#5808,#5809,#5810));
#2459=EDGE_LOOP('',(#5811,#5812,#5813,#5814,#5815,#5816,#5817,#5818,#5819,
#5820));
#2460=EDGE_LOOP('',(#5821,#5822,#5823,#5824));
#2461=EDGE_LOOP('',(#5825,#5826,#5827,#5828));
#2462=EDGE_LOOP('',(#5829,#5830,#5831,#5832));
#2463=EDGE_LOOP('',(#5833,#5834,#5835,#5836));
#2464=EDGE_LOOP('',(#5837,#5838,#5839,#5840));
#2465=EDGE_LOOP('',(#5841,#5842,#5843,#5844));
#2466=EDGE_LOOP('',(#5845,#5846,#5847,#5848));
#2467=EDGE_LOOP('',(#5849,#5850,#5851,#5852));
#2468=EDGE_LOOP('',(#5853,#5854,#5855,#5856));
#2469=EDGE_LOOP('',(#5857,#5858,#5859,#5860));
#2470=EDGE_LOOP('',(#5861,#5862,#5863,#5864));
#2471=EDGE_LOOP('',(#5865,#5866,#5867,#5868));
#2472=EDGE_LOOP('',(#5869,#5870,#5871,#5872));
#2473=EDGE_LOOP('',(#5873,#5874,#5875,#5876));
#2474=EDGE_LOOP('',(#5877,#5878,#5879,#5880));
#2475=EDGE_LOOP('',(#5881,#5882,#5883,#5884));
#2476=EDGE_LOOP('',(#5885,#5886,#5887,#5888));
#2477=EDGE_LOOP('',(#5889,#5890,#5891,#5892));
#2478=EDGE_LOOP('',(#5893,#5894,#5895,#5896));
#2479=EDGE_LOOP('',(#5897,#5898,#5899,#5900));
#2480=EDGE_LOOP('',(#5901,#5902,#5903,#5904));
#2481=EDGE_LOOP('',(#5905,#5906,#5907,#5908));
#2482=EDGE_LOOP('',(#5909,#5910,#5911,#5912));
#2483=EDGE_LOOP('',(#5913,#5914,#5915,#5916));
#2484=EDGE_LOOP('',(#5917,#5918,#5919,#5920));
#2485=EDGE_LOOP('',(#5921,#5922,#5923,#5924));
#2486=EDGE_LOOP('',(#5925,#5926,#5927,#5928));
#2487=EDGE_LOOP('',(#5929,#5930,#5931,#5932));
#2488=EDGE_LOOP('',(#5933,#5934,#5935,#5936));
#2489=EDGE_LOOP('',(#5937,#5938,#5939,#5940));
#2490=EDGE_LOOP('',(#5941,#5942,#5943,#5944));
#2491=EDGE_LOOP('',(#5945,#5946,#5947,#5948));
#2492=EDGE_LOOP('',(#5949,#5950,#5951,#5952));
#2493=EDGE_LOOP('',(#5953,#5954,#5955,#5956));
#2494=EDGE_LOOP('',(#5957,#5958,#5959,#5960));
#2495=EDGE_LOOP('',(#5961,#5962,#5963,#5964));
#2496=EDGE_LOOP('',(#5965,#5966,#5967,#5968));
#2497=EDGE_LOOP('',(#5969,#5970,#5971,#5972,#5973,#5974,#5975,#5976,#5977,
#5978,#5979,#5980,#5981,#5982,#5983,#5984,#5985,#5986,#5987,#5988,#5989,
#5990,#5991,#5992,#5993,#5994,#5995));
#2498=EDGE_LOOP('',(#5996,#5997,#5998,#5999,#6000,#6001,#6002,#6003,#6004,
#6005));
#2499=EDGE_LOOP('',(#6006,#6007,#6008,#6009,#6010,#6011,#6012,#6013,#6014,
#6015,#6016,#6017,#6018,#6019,#6020,#6021,#6022,#6023,#6024,#6025,#6026,
#6027,#6028,#6029,#6030,#6031,#6032));
#2500=EDGE_LOOP('',(#6033,#6034,#6035,#6036,#6037,#6038,#6039,#6040,#6041,
#6042));
#2501=EDGE_LOOP('',(#6043,#6044,#6045,#6046));
#2502=EDGE_LOOP('',(#6047,#6048,#6049,#6050));
#2503=EDGE_LOOP('',(#6051,#6052,#6053,#6054));
#2504=EDGE_LOOP('',(#6055,#6056,#6057,#6058));
#2505=EDGE_LOOP('',(#6059,#6060,#6061,#6062));
#2506=EDGE_LOOP('',(#6063,#6064,#6065,#6066));
#2507=EDGE_LOOP('',(#6067,#6068,#6069,#6070));
#2508=EDGE_LOOP('',(#6071,#6072,#6073,#6074));
#2509=EDGE_LOOP('',(#6075,#6076,#6077,#6078));
#2510=EDGE_LOOP('',(#6079,#6080,#6081,#6082));
#2511=EDGE_LOOP('',(#6083,#6084,#6085,#6086));
#2512=EDGE_LOOP('',(#6087,#6088,#6089,#6090));
#2513=EDGE_LOOP('',(#6091,#6092,#6093,#6094));
#2514=EDGE_LOOP('',(#6095,#6096,#6097,#6098));
#2515=EDGE_LOOP('',(#6099,#6100,#6101,#6102));
#2516=EDGE_LOOP('',(#6103,#6104,#6105,#6106));
#2517=EDGE_LOOP('',(#6107,#6108,#6109,#6110));
#2518=EDGE_LOOP('',(#6111,#6112,#6113,#6114,#6115,#6116,#6117,#6118,#6119,
#6120,#6121,#6122,#6123,#6124,#6125,#6126,#6127));
#2519=EDGE_LOOP('',(#6128,#6129,#6130,#6131,#6132,#6133,#6134,#6135,#6136,
#6137,#6138,#6139,#6140,#6141,#6142,#6143,#6144));
#2520=CIRCLE('',#6635,2.75);
#2521=CIRCLE('',#6636,1.35);
#2522=CIRCLE('',#6638,2.75);
#2523=CIRCLE('',#6658,1.35);
#2524=CIRCLE('',#6660,3.);
#2525=CIRCLE('',#6661,3.);
#2526=VERTEX_POINT('',#7521);
#2527=VERTEX_POINT('',#7523);
#2528=VERTEX_POINT('',#7526);
#2529=VERTEX_POINT('',#7530);
#2530=VERTEX_POINT('',#7531);
#2531=VERTEX_POINT('',#7533);
#2532=VERTEX_POINT('',#7535);
#2533=VERTEX_POINT('',#7539);
#2534=VERTEX_POINT('',#7541);
#2535=VERTEX_POINT('',#7545);
#2536=VERTEX_POINT('',#7547);
#2537=VERTEX_POINT('',#7551);
#2538=VERTEX_POINT('',#7553);
#2539=VERTEX_POINT('',#7557);
#2540=VERTEX_POINT('',#7559);
#2541=VERTEX_POINT('',#7563);
#2542=VERTEX_POINT('',#7565);
#2543=VERTEX_POINT('',#7569);
#2544=VERTEX_POINT('',#7571);
#2545=VERTEX_POINT('',#7577);
#2546=VERTEX_POINT('',#7578);
#2547=VERTEX_POINT('',#7580);
#2548=VERTEX_POINT('',#7582);
#2549=VERTEX_POINT('',#7586);
#2550=VERTEX_POINT('',#7588);
#2551=VERTEX_POINT('',#7592);
#2552=VERTEX_POINT('',#7594);
#2553=VERTEX_POINT('',#7598);
#2554=VERTEX_POINT('',#7600);
#2555=VERTEX_POINT('',#7604);
#2556=VERTEX_POINT('',#7606);
#2557=VERTEX_POINT('',#7610);
#2558=VERTEX_POINT('',#7612);
#2559=VERTEX_POINT('',#7616);
#2560=VERTEX_POINT('',#7618);
#2561=VERTEX_POINT('',#7628);
#2562=VERTEX_POINT('',#7632);
#2563=VERTEX_POINT('',#7634);
#2564=VERTEX_POINT('',#7638);
#2565=VERTEX_POINT('',#7639);
#2566=VERTEX_POINT('',#7641);
#2567=VERTEX_POINT('',#7643);
#2568=VERTEX_POINT('',#7647);
#2569=VERTEX_POINT('',#7649);
#2570=VERTEX_POINT('',#7653);
#2571=VERTEX_POINT('',#7655);
#2572=VERTEX_POINT('',#7659);
#2573=VERTEX_POINT('',#7661);
#2574=VERTEX_POINT('',#7665);
#2575=VERTEX_POINT('',#7667);
#2576=VERTEX_POINT('',#7671);
#2577=VERTEX_POINT('',#7673);
#2578=VERTEX_POINT('',#7677);
#2579=VERTEX_POINT('',#7679);
#2580=VERTEX_POINT('',#7688);
#2581=VERTEX_POINT('',#7689);
#2582=VERTEX_POINT('',#7691);
#2583=VERTEX_POINT('',#7693);
#2584=VERTEX_POINT('',#7697);
#2585=VERTEX_POINT('',#7699);
#2586=VERTEX_POINT('',#7703);
#2587=VERTEX_POINT('',#7705);
#2588=VERTEX_POINT('',#7718);
#2589=VERTEX_POINT('',#7724);
#2590=VERTEX_POINT('',#7741);
#2591=VERTEX_POINT('',#7747);
#2592=VERTEX_POINT('',#7764);
#2593=VERTEX_POINT('',#7770);
#2594=VERTEX_POINT('',#7787);
#2595=VERTEX_POINT('',#7793);
#2596=VERTEX_POINT('',#7810);
#2597=VERTEX_POINT('',#7816);
#2598=VERTEX_POINT('',#7833);
#2599=VERTEX_POINT('',#7839);
#2600=VERTEX_POINT('',#7856);
#2601=VERTEX_POINT('',#7862);
#2602=VERTEX_POINT('',#7879);
#2603=VERTEX_POINT('',#7885);
#2604=VERTEX_POINT('',#7902);
#2605=VERTEX_POINT('',#7908);
#2606=VERTEX_POINT('',#7925);
#2607=VERTEX_POINT('',#7931);
#2608=VERTEX_POINT('',#7948);
#2609=VERTEX_POINT('',#7954);
#2610=VERTEX_POINT('',#7962);
#2611=VERTEX_POINT('',#7964);
#2612=VERTEX_POINT('',#7977);
#2613=VERTEX_POINT('',#7983);
#2614=VERTEX_POINT('',#8000);
#2615=VERTEX_POINT('',#8006);
#2616=VERTEX_POINT('',#8023);
#2617=VERTEX_POINT('',#8029);
#2618=VERTEX_POINT('',#8046);
#2619=VERTEX_POINT('',#8052);
#2620=VERTEX_POINT('',#8069);
#2621=VERTEX_POINT('',#8075);
#2622=VERTEX_POINT('',#8092);
#2623=VERTEX_POINT('',#8098);
#2624=VERTEX_POINT('',#8115);
#2625=VERTEX_POINT('',#8121);
#2626=VERTEX_POINT('',#8138);
#2627=VERTEX_POINT('',#8144);
#2628=VERTEX_POINT('',#8161);
#2629=VERTEX_POINT('',#8167);
#2630=VERTEX_POINT('',#8184);
#2631=VERTEX_POINT('',#8190);
#2632=VERTEX_POINT('',#8207);
#2633=VERTEX_POINT('',#8213);
#2634=VERTEX_POINT('',#8230);
#2635=VERTEX_POINT('',#8236);
#2636=VERTEX_POINT('',#8244);
#2637=VERTEX_POINT('',#8246);
#2638=VERTEX_POINT('',#8255);
#2639=VERTEX_POINT('',#8256);
#2640=VERTEX_POINT('',#8258);
#2641=VERTEX_POINT('',#8260);
#2642=VERTEX_POINT('',#8264);
#2643=VERTEX_POINT('',#8266);
#2644=VERTEX_POINT('',#8270);
#2645=VERTEX_POINT('',#8272);
#2646=VERTEX_POINT('',#8285);
#2647=VERTEX_POINT('',#8291);
#2648=VERTEX_POINT('',#8308);
#2649=VERTEX_POINT('',#8314);
#2650=VERTEX_POINT('',#8331);
#2651=VERTEX_POINT('',#8337);
#2652=VERTEX_POINT('',#8345);
#2653=VERTEX_POINT('',#8347);
#2654=VERTEX_POINT('',#8360);
#2655=VERTEX_POINT('',#8366);
#2656=VERTEX_POINT('',#8383);
#2657=VERTEX_POINT('',#8389);
#2658=VERTEX_POINT('',#8406);
#2659=VERTEX_POINT('',#8412);
#2660=VERTEX_POINT('',#8429);
#2661=VERTEX_POINT('',#8435);
#2662=VERTEX_POINT('',#8443);
#2663=VERTEX_POINT('',#8445);
#2664=VERTEX_POINT('',#8463);
#2665=VERTEX_POINT('',#8464);
#2666=VERTEX_POINT('',#8470);
#2667=VERTEX_POINT('',#8472);
#2668=VERTEX_POINT('',#8489);
#2669=VERTEX_POINT('',#8495);
#2670=VERTEX_POINT('',#8512);
#2671=VERTEX_POINT('',#8518);
#2672=VERTEX_POINT('',#8535);
#2673=VERTEX_POINT('',#8541);
#2674=VERTEX_POINT('',#8558);
#2675=VERTEX_POINT('',#8564);
#2676=VERTEX_POINT('',#8581);
#2677=VERTEX_POINT('',#8587);
#2678=VERTEX_POINT('',#8604);
#2679=VERTEX_POINT('',#8610);
#2680=VERTEX_POINT('',#8638);
#2681=VERTEX_POINT('',#8639);
#2682=VERTEX_POINT('',#8641);
#2683=VERTEX_POINT('',#8643);
#2684=VERTEX_POINT('',#8656);
#2685=VERTEX_POINT('',#8662);
#2686=VERTEX_POINT('',#8679);
#2687=VERTEX_POINT('',#8685);
#2688=VERTEX_POINT('',#8702);
#2689=VERTEX_POINT('',#8708);
#2690=VERTEX_POINT('',#8725);
#2691=VERTEX_POINT('',#8731);
#2692=VERTEX_POINT('',#8748);
#2693=VERTEX_POINT('',#8754);
#2694=VERTEX_POINT('',#8771);
#2695=VERTEX_POINT('',#8777);
#2696=VERTEX_POINT('',#8794);
#2697=VERTEX_POINT('',#8800);
#2698=VERTEX_POINT('',#8817);
#2699=VERTEX_POINT('',#8823);
#2700=VERTEX_POINT('',#8840);
#2701=VERTEX_POINT('',#8846);
#2702=VERTEX_POINT('',#8863);
#2703=VERTEX_POINT('',#8869);
#2704=VERTEX_POINT('',#8886);
#2705=VERTEX_POINT('',#8892);
#2706=VERTEX_POINT('',#8909);
#2707=VERTEX_POINT('',#8915);
#2708=VERTEX_POINT('',#8923);
#2709=VERTEX_POINT('',#8925);
#2710=VERTEX_POINT('',#8929);
#2711=VERTEX_POINT('',#8931);
#2712=VERTEX_POINT('',#8935);
#2713=VERTEX_POINT('',#8937);
#2714=VERTEX_POINT('',#8950);
#2715=VERTEX_POINT('',#8956);
#2716=VERTEX_POINT('',#8973);
#2717=VERTEX_POINT('',#8979);
#2718=VERTEX_POINT('',#8996);
#2719=VERTEX_POINT('',#9002);
#2720=VERTEX_POINT('',#9019);
#2721=VERTEX_POINT('',#9025);
#2722=VERTEX_POINT('',#9055);
#2723=VERTEX_POINT('',#9056);
#2724=VERTEX_POINT('',#9058);
#2725=VERTEX_POINT('',#9060);
#2726=VERTEX_POINT('',#9073);
#2727=VERTEX_POINT('',#9079);
#2728=VERTEX_POINT('',#9096);
#2729=VERTEX_POINT('',#9102);
#2730=VERTEX_POINT('',#9119);
#2731=VERTEX_POINT('',#9125);
#2732=VERTEX_POINT('',#9153);
#2733=VERTEX_POINT('',#9154);
#2734=VERTEX_POINT('',#9156);
#2735=VERTEX_POINT('',#9158);
#2736=VERTEX_POINT('',#9171);
#2737=VERTEX_POINT('',#9177);
#2738=VERTEX_POINT('',#9194);
#2739=VERTEX_POINT('',#9200);
#2740=VERTEX_POINT('',#9217);
#2741=VERTEX_POINT('',#9223);
#2742=VERTEX_POINT('',#9240);
#2743=VERTEX_POINT('',#9246);
#2744=VERTEX_POINT('',#9263);
#2745=VERTEX_POINT('',#9269);
#2746=VERTEX_POINT('',#9286);
#2747=VERTEX_POINT('',#9292);
#2748=VERTEX_POINT('',#9309);
#2749=VERTEX_POINT('',#9315);
#2750=VERTEX_POINT('',#9332);
#2751=VERTEX_POINT('',#9338);
#2752=VERTEX_POINT('',#9355);
#2753=VERTEX_POINT('',#9361);
#2754=VERTEX_POINT('',#9369);
#2755=VERTEX_POINT('',#9371);
#2756=VERTEX_POINT('',#9384);
#2757=VERTEX_POINT('',#9390);
#2758=VERTEX_POINT('',#9407);
#2759=VERTEX_POINT('',#9413);
#2760=VERTEX_POINT('',#9430);
#2761=VERTEX_POINT('',#9436);
#2762=VERTEX_POINT('',#9466);
#2763=VERTEX_POINT('',#9467);
#2764=VERTEX_POINT('',#9469);
#2765=VERTEX_POINT('',#9471);
#2766=VERTEX_POINT('',#9484);
#2767=VERTEX_POINT('',#9490);
#2768=VERTEX_POINT('',#9507);
#2769=VERTEX_POINT('',#9513);
#2770=VERTEX_POINT('',#9530);
#2771=VERTEX_POINT('',#9536);
#2772=VERTEX_POINT('',#9553);
#2773=VERTEX_POINT('',#9559);
#2774=VERTEX_POINT('',#9576);
#2775=VERTEX_POINT('',#9582);
#2776=VERTEX_POINT('',#9590);
#2777=VERTEX_POINT('',#9592);
#2778=VERTEX_POINT('',#9596);
#2779=VERTEX_POINT('',#9598);
#2780=VERTEX_POINT('',#9602);
#2781=VERTEX_POINT('',#9604);
#2782=VERTEX_POINT('',#9617);
#2783=VERTEX_POINT('',#9623);
#2784=VERTEX_POINT('',#9640);
#2785=VERTEX_POINT('',#9646);
#2786=VERTEX_POINT('',#9663);
#2787=VERTEX_POINT('',#9669);
#2788=VERTEX_POINT('',#9686);
#2789=VERTEX_POINT('',#9692);
#2790=VERTEX_POINT('',#9709);
#2791=VERTEX_POINT('',#9715);
#2792=VERTEX_POINT('',#9732);
#2793=VERTEX_POINT('',#9738);
#2794=VERTEX_POINT('',#9746);
#2795=VERTEX_POINT('',#9748);
#2796=VERTEX_POINT('',#9752);
#2797=VERTEX_POINT('',#9754);
#2798=VERTEX_POINT('',#9758);
#2799=VERTEX_POINT('',#9760);
#2800=VERTEX_POINT('',#9769);
#2801=VERTEX_POINT('',#9770);
#2802=VERTEX_POINT('',#9772);
#2803=VERTEX_POINT('',#9774);
#2804=VERTEX_POINT('',#9778);
#2805=VERTEX_POINT('',#9780);
#2806=VERTEX_POINT('',#9784);
#2807=VERTEX_POINT('',#9786);
#2808=VERTEX_POINT('',#9799);
#2809=VERTEX_POINT('',#9805);
#2810=VERTEX_POINT('',#9822);
#2811=VERTEX_POINT('',#9828);
#2812=VERTEX_POINT('',#9845);
#2813=VERTEX_POINT('',#9851);
#2814=VERTEX_POINT('',#9859);
#2815=VERTEX_POINT('',#9861);
#2816=VERTEX_POINT('',#9874);
#2817=VERTEX_POINT('',#9880);
#2818=VERTEX_POINT('',#9897);
#2819=VERTEX_POINT('',#9903);
#2820=VERTEX_POINT('',#9920);
#2821=VERTEX_POINT('',#9926);
#2822=VERTEX_POINT('',#9943);
#2823=VERTEX_POINT('',#9949);
#2824=VERTEX_POINT('',#9957);
#2825=VERTEX_POINT('',#9959);
#2826=VERTEX_POINT('',#9977);
#2827=VERTEX_POINT('',#9978);
#2828=VERTEX_POINT('',#9984);
#2829=VERTEX_POINT('',#9986);
#2830=VERTEX_POINT('',#10003);
#2831=VERTEX_POINT('',#10009);
#2832=VERTEX_POINT('',#10026);
#2833=VERTEX_POINT('',#10032);
#2834=VERTEX_POINT('',#10049);
#2835=VERTEX_POINT('',#10055);
#2836=VERTEX_POINT('',#10072);
#2837=VERTEX_POINT('',#10078);
#2838=VERTEX_POINT('',#10095);
#2839=VERTEX_POINT('',#10101);
#2840=VERTEX_POINT('',#10118);
#2841=VERTEX_POINT('',#10124);
#2842=VERTEX_POINT('',#10141);
#2843=VERTEX_POINT('',#10147);
#2844=VERTEX_POINT('',#10164);
#2845=VERTEX_POINT('',#10170);
#2846=VERTEX_POINT('',#10190);
#2847=VERTEX_POINT('',#10191);
#2848=VERTEX_POINT('',#10197);
#2849=VERTEX_POINT('',#10199);
#2850=VERTEX_POINT('',#10216);
#2851=VERTEX_POINT('',#10222);
#2852=VERTEX_POINT('',#10239);
#2853=VERTEX_POINT('',#10245);
#2854=VERTEX_POINT('',#10262);
#2855=VERTEX_POINT('',#10268);
#2856=VERTEX_POINT('',#10285);
#2857=VERTEX_POINT('',#10291);
#2858=VERTEX_POINT('',#10308);
#2859=VERTEX_POINT('',#10314);
#2860=VERTEX_POINT('',#10331);
#2861=VERTEX_POINT('',#10337);
#2862=VERTEX_POINT('',#10354);
#2863=VERTEX_POINT('',#10360);
#2864=VERTEX_POINT('',#10377);
#2865=VERTEX_POINT('',#10383);
#2866=VERTEX_POINT('',#10400);
#2867=VERTEX_POINT('',#10406);
#2868=VERTEX_POINT('',#10423);
#2869=VERTEX_POINT('',#10429);
#2870=VERTEX_POINT('',#10446);
#2871=VERTEX_POINT('',#10452);
#2872=VERTEX_POINT('',#10469);
#2873=VERTEX_POINT('',#10475);
#2874=VERTEX_POINT('',#10492);
#2875=VERTEX_POINT('',#10498);
#2876=VERTEX_POINT('',#10506);
#2877=VERTEX_POINT('',#10508);
#2878=VERTEX_POINT('',#10521);
#2879=VERTEX_POINT('',#10527);
#2880=VERTEX_POINT('',#10544);
#2881=VERTEX_POINT('',#10550);
#2882=VERTEX_POINT('',#10567);
#2883=VERTEX_POINT('',#10573);
#2884=VERTEX_POINT('',#10590);
#2885=VERTEX_POINT('',#10596);
#2886=VERTEX_POINT('',#10613);
#2887=VERTEX_POINT('',#10619);
#2888=VERTEX_POINT('',#10636);
#2889=VERTEX_POINT('',#10642);
#2890=VERTEX_POINT('',#10659);
#2891=VERTEX_POINT('',#10665);
#2892=VERTEX_POINT('',#10673);
#2893=VERTEX_POINT('',#10675);
#2894=VERTEX_POINT('',#10688);
#2895=VERTEX_POINT('',#10694);
#2896=VERTEX_POINT('',#10711);
#2897=VERTEX_POINT('',#10717);
#2898=VERTEX_POINT('',#10725);
#2899=VERTEX_POINT('',#10727);
#2900=VERTEX_POINT('',#10753);
#2901=VERTEX_POINT('',#10754);
#2902=VERTEX_POINT('',#10756);
#2903=VERTEX_POINT('',#10758);
#2904=VERTEX_POINT('',#10762);
#2905=VERTEX_POINT('',#10764);
#2906=VERTEX_POINT('',#10768);
#2907=VERTEX_POINT('',#10770);
#2908=VERTEX_POINT('',#10783);
#2909=VERTEX_POINT('',#10789);
#2910=VERTEX_POINT('',#10806);
#2911=VERTEX_POINT('',#10812);
#2912=VERTEX_POINT('',#10829);
#2913=VERTEX_POINT('',#10835);
#2914=VERTEX_POINT('',#10852);
#2915=VERTEX_POINT('',#10858);
#2916=VERTEX_POINT('',#10875);
#2917=VERTEX_POINT('',#10881);
#2918=VERTEX_POINT('',#10898);
#2919=VERTEX_POINT('',#10904);
#2920=VERTEX_POINT('',#10921);
#2921=VERTEX_POINT('',#10927);
#2922=VERTEX_POINT('',#10944);
#2923=VERTEX_POINT('',#10950);
#2924=VERTEX_POINT('',#10967);
#2925=VERTEX_POINT('',#10973);
#2926=VERTEX_POINT('',#10990);
#2927=VERTEX_POINT('',#10996);
#2928=VERTEX_POINT('',#11013);
#2929=VERTEX_POINT('',#11019);
#2930=VERTEX_POINT('',#11027);
#2931=VERTEX_POINT('',#11029);
#2932=VERTEX_POINT('',#11042);
#2933=VERTEX_POINT('',#11048);
#2934=VERTEX_POINT('',#11065);
#2935=VERTEX_POINT('',#11071);
#2936=VERTEX_POINT('',#11088);
#2937=VERTEX_POINT('',#11094);
#2938=VERTEX_POINT('',#11111);
#2939=VERTEX_POINT('',#11117);
#2940=VERTEX_POINT('',#11134);
#2941=VERTEX_POINT('',#11140);
#2942=VERTEX_POINT('',#11157);
#2943=VERTEX_POINT('',#11163);
#2944=VERTEX_POINT('',#11180);
#2945=VERTEX_POINT('',#11186);
#2946=VERTEX_POINT('',#11203);
#2947=VERTEX_POINT('',#11209);
#2948=VERTEX_POINT('',#11226);
#2949=VERTEX_POINT('',#11232);
#2950=VERTEX_POINT('',#11249);
#2951=VERTEX_POINT('',#11255);
#2952=VERTEX_POINT('',#11272);
#2953=VERTEX_POINT('',#11278);
#2954=VERTEX_POINT('',#11295);
#2955=VERTEX_POINT('',#11301);
#2956=VERTEX_POINT('',#11309);
#2957=VERTEX_POINT('',#11311);
#2958=VERTEX_POINT('',#11329);
#2959=VERTEX_POINT('',#11330);
#2960=VERTEX_POINT('',#11336);
#2961=VERTEX_POINT('',#11338);
#2962=VERTEX_POINT('',#11355);
#2963=VERTEX_POINT('',#11361);
#2964=VERTEX_POINT('',#11378);
#2965=VERTEX_POINT('',#11384);
#2966=VERTEX_POINT('',#11401);
#2967=VERTEX_POINT('',#11407);
#2968=VERTEX_POINT('',#11424);
#2969=VERTEX_POINT('',#11430);
#2970=VERTEX_POINT('',#11447);
#2971=VERTEX_POINT('',#11453);
#2972=VERTEX_POINT('',#11470);
#2973=VERTEX_POINT('',#11476);
#2974=VERTEX_POINT('',#11504);
#2975=VERTEX_POINT('',#11505);
#2976=VERTEX_POINT('',#11507);
#2977=VERTEX_POINT('',#11509);
#2978=VERTEX_POINT('',#11522);
#2979=VERTEX_POINT('',#11528);
#2980=VERTEX_POINT('',#11545);
#2981=VERTEX_POINT('',#11551);
#2982=VERTEX_POINT('',#11568);
#2983=VERTEX_POINT('',#11574);
#2984=VERTEX_POINT('',#11591);
#2985=VERTEX_POINT('',#11597);
#2986=VERTEX_POINT('',#11614);
#2987=VERTEX_POINT('',#11620);
#2988=VERTEX_POINT('',#11637);
#2989=VERTEX_POINT('',#11643);
#2990=VERTEX_POINT('',#11660);
#2991=VERTEX_POINT('',#11666);
#2992=VERTEX_POINT('',#11683);
#2993=VERTEX_POINT('',#11689);
#2994=VERTEX_POINT('',#11706);
#2995=VERTEX_POINT('',#11712);
#2996=VERTEX_POINT('',#11720);
#2997=VERTEX_POINT('',#11722);
#2998=VERTEX_POINT('',#11726);
#2999=VERTEX_POINT('',#11728);
#3000=VERTEX_POINT('',#11732);
#3001=VERTEX_POINT('',#11734);
#3002=VERTEX_POINT('',#11752);
#3003=VERTEX_POINT('',#11753);
#3004=VERTEX_POINT('',#11759);
#3005=VERTEX_POINT('',#11761);
#3006=VERTEX_POINT('',#11778);
#3007=VERTEX_POINT('',#11784);
#3008=VERTEX_POINT('',#11801);
#3009=VERTEX_POINT('',#11807);
#3010=VERTEX_POINT('',#11824);
#3011=VERTEX_POINT('',#11830);
#3012=VERTEX_POINT('',#11847);
#3013=VERTEX_POINT('',#11853);
#3014=VERTEX_POINT('',#11870);
#3015=VERTEX_POINT('',#11876);
#3016=VERTEX_POINT('',#11893);
#3017=VERTEX_POINT('',#11899);
#3018=VERTEX_POINT('',#11916);
#3019=VERTEX_POINT('',#11922);
#3020=VERTEX_POINT('',#11939);
#3021=VERTEX_POINT('',#11945);
#3022=VERTEX_POINT('',#11965);
#3023=VERTEX_POINT('',#11966);
#3024=VERTEX_POINT('',#11972);
#3025=VERTEX_POINT('',#11974);
#3026=VERTEX_POINT('',#11991);
#3027=VERTEX_POINT('',#11997);
#3028=VERTEX_POINT('',#12014);
#3029=VERTEX_POINT('',#12020);
#3030=VERTEX_POINT('',#12037);
#3031=VERTEX_POINT('',#12043);
#3032=VERTEX_POINT('',#12060);
#3033=VERTEX_POINT('',#12066);
#3034=VERTEX_POINT('',#12083);
#3035=VERTEX_POINT('',#12089);
#3036=VERTEX_POINT('',#12106);
#3037=VERTEX_POINT('',#12112);
#3038=VERTEX_POINT('',#12129);
#3039=VERTEX_POINT('',#12135);
#3040=VERTEX_POINT('',#12152);
#3041=VERTEX_POINT('',#12158);
#3042=VERTEX_POINT('',#12175);
#3043=VERTEX_POINT('',#12181);
#3044=VERTEX_POINT('',#12198);
#3045=VERTEX_POINT('',#12204);
#3046=VERTEX_POINT('',#12221);
#3047=VERTEX_POINT('',#12227);
#3048=VERTEX_POINT('',#12244);
#3049=VERTEX_POINT('',#12250);
#3050=VERTEX_POINT('',#12267);
#3051=VERTEX_POINT('',#12273);
#3052=VERTEX_POINT('',#12281);
#3053=VERTEX_POINT('',#12283);
#3054=VERTEX_POINT('',#12296);
#3055=VERTEX_POINT('',#12302);
#3056=VERTEX_POINT('',#12319);
#3057=VERTEX_POINT('',#12325);
#3058=VERTEX_POINT('',#12342);
#3059=VERTEX_POINT('',#12348);
#3060=VERTEX_POINT('',#12365);
#3061=VERTEX_POINT('',#12371);
#3062=VERTEX_POINT('',#12388);
#3063=VERTEX_POINT('',#12394);
#3064=VERTEX_POINT('',#12411);
#3065=VERTEX_POINT('',#12417);
#3066=VERTEX_POINT('',#12434);
#3067=VERTEX_POINT('',#12440);
#3068=VERTEX_POINT('',#12448);
#3069=VERTEX_POINT('',#12450);
#3070=VERTEX_POINT('',#12463);
#3071=VERTEX_POINT('',#12469);
#3072=VERTEX_POINT('',#12486);
#3073=VERTEX_POINT('',#12492);
#3074=VERTEX_POINT('',#12500);
#3075=VERTEX_POINT('',#12502);
#3076=VERTEX_POINT('',#12537);
#3077=VERTEX_POINT('',#12538);
#3078=VERTEX_POINT('',#12544);
#3079=VERTEX_POINT('',#12546);
#3080=VERTEX_POINT('',#12563);
#3081=VERTEX_POINT('',#12569);
#3082=VERTEX_POINT('',#12586);
#3083=VERTEX_POINT('',#12592);
#3084=VERTEX_POINT('',#12609);
#3085=VERTEX_POINT('',#12615);
#3086=VERTEX_POINT('',#12632);
#3087=VERTEX_POINT('',#12638);
#3088=VERTEX_POINT('',#12655);
#3089=VERTEX_POINT('',#12661);
#3090=VERTEX_POINT('',#12678);
#3091=VERTEX_POINT('',#12684);
#3092=VERTEX_POINT('',#12701);
#3093=VERTEX_POINT('',#12707);
#3094=VERTEX_POINT('',#12724);
#3095=VERTEX_POINT('',#12730);
#3096=VERTEX_POINT('',#12750);
#3097=VERTEX_POINT('',#12751);
#3098=VERTEX_POINT('',#12757);
#3099=VERTEX_POINT('',#12759);
#3100=VERTEX_POINT('',#12776);
#3101=VERTEX_POINT('',#12782);
#3102=VERTEX_POINT('',#12799);
#3103=VERTEX_POINT('',#12805);
#3104=VERTEX_POINT('',#12822);
#3105=VERTEX_POINT('',#12828);
#3106=VERTEX_POINT('',#12845);
#3107=VERTEX_POINT('',#12851);
#3108=VERTEX_POINT('',#12868);
#3109=VERTEX_POINT('',#12874);
#3110=VERTEX_POINT('',#12891);
#3111=VERTEX_POINT('',#12897);
#3112=VERTEX_POINT('',#12914);
#3113=VERTEX_POINT('',#12920);
#3114=VERTEX_POINT('',#12937);
#3115=VERTEX_POINT('',#12943);
#3116=VERTEX_POINT('',#12960);
#3117=VERTEX_POINT('',#12966);
#3118=VERTEX_POINT('',#12983);
#3119=VERTEX_POINT('',#12989);
#3120=VERTEX_POINT('',#13006);
#3121=VERTEX_POINT('',#13012);
#3122=VERTEX_POINT('',#13029);
#3123=VERTEX_POINT('',#13035);
#3124=VERTEX_POINT('',#13052);
#3125=VERTEX_POINT('',#13058);
#3126=VERTEX_POINT('',#13066);
#3127=VERTEX_POINT('',#13068);
#3128=VERTEX_POINT('',#13081);
#3129=VERTEX_POINT('',#13087);
#3130=VERTEX_POINT('',#13104);
#3131=VERTEX_POINT('',#13110);
#3132=VERTEX_POINT('',#13127);
#3133=VERTEX_POINT('',#13133);
#3134=VERTEX_POINT('',#13150);
#3135=VERTEX_POINT('',#13156);
#3136=VERTEX_POINT('',#13173);
#3137=VERTEX_POINT('',#13179);
#3138=VERTEX_POINT('',#13196);
#3139=VERTEX_POINT('',#13202);
#3140=VERTEX_POINT('',#13219);
#3141=VERTEX_POINT('',#13225);
#3142=VERTEX_POINT('',#13233);
#3143=VERTEX_POINT('',#13235);
#3144=VERTEX_POINT('',#13248);
#3145=VERTEX_POINT('',#13254);
#3146=VERTEX_POINT('',#13271);
#3147=VERTEX_POINT('',#13277);
#3148=VERTEX_POINT('',#13285);
#3149=VERTEX_POINT('',#13287);
#3150=VERTEX_POINT('',#13313);
#3151=VERTEX_POINT('',#13314);
#3152=VERTEX_POINT('',#13316);
#3153=VERTEX_POINT('',#13318);
#3154=VERTEX_POINT('',#13322);
#3155=VERTEX_POINT('',#13324);
#3156=VERTEX_POINT('',#13328);
#3157=VERTEX_POINT('',#13330);
#3158=VERTEX_POINT('',#13343);
#3159=VERTEX_POINT('',#13349);
#3160=VERTEX_POINT('',#13366);
#3161=VERTEX_POINT('',#13372);
#3162=VERTEX_POINT('',#13389);
#3163=VERTEX_POINT('',#13395);
#3164=VERTEX_POINT('',#13412);
#3165=VERTEX_POINT('',#13418);
#3166=VERTEX_POINT('',#13426);
#3167=VERTEX_POINT('',#13428);
#3168=VERTEX_POINT('',#13432);
#3169=VERTEX_POINT('',#13434);
#3170=VERTEX_POINT('',#13438);
#3171=VERTEX_POINT('',#13440);
#3172=VERTEX_POINT('',#13453);
#3173=VERTEX_POINT('',#13459);
#3174=VERTEX_POINT('',#13476);
#3175=VERTEX_POINT('',#13482);
#3176=VERTEX_POINT('',#13499);
#3177=VERTEX_POINT('',#13505);
#3178=VERTEX_POINT('',#13522);
#3179=VERTEX_POINT('',#13528);
#3180=VERTEX_POINT('',#13545);
#3181=VERTEX_POINT('',#13551);
#3182=VERTEX_POINT('',#13559);
#3183=VERTEX_POINT('',#13561);
#3184=EDGE_CURVE('',#2526,#2526,#2520,.T.);
#3185=EDGE_CURVE('',#2527,#2527,#2521,.T.);
#3186=EDGE_CURVE('',#2528,#2528,#2522,.T.);
#3187=EDGE_CURVE('',#2528,#2526,#753,.T.);
#3188=EDGE_CURVE('',#2529,#2530,#754,.T.);
#3189=EDGE_CURVE('',#2529,#2531,#755,.T.);
#3190=EDGE_CURVE('',#2531,#2532,#756,.T.);
#3191=EDGE_CURVE('',#2532,#2530,#757,.T.);
#3192=EDGE_CURVE('',#2529,#2533,#758,.T.);
#3193=EDGE_CURVE('',#2534,#2533,#759,.T.);
#3194=EDGE_CURVE('',#2531,#2534,#760,.T.);
#3195=EDGE_CURVE('',#2535,#2533,#761,.T.);
#3196=EDGE_CURVE('',#2535,#2536,#762,.T.);
#3197=EDGE_CURVE('',#2536,#2534,#763,.T.);
#3198=EDGE_CURVE('',#2535,#2537,#764,.T.);
#3199=EDGE_CURVE('',#2538,#2537,#765,.T.);
#3200=EDGE_CURVE('',#2536,#2538,#766,.T.);
#3201=EDGE_CURVE('',#2539,#2537,#767,.T.);
#3202=EDGE_CURVE('',#2539,#2540,#768,.T.);
#3203=EDGE_CURVE('',#2540,#2538,#769,.T.);
#3204=EDGE_CURVE('',#2539,#2541,#770,.T.);
#3205=EDGE_CURVE('',#2542,#2541,#771,.T.);
#3206=EDGE_CURVE('',#2540,#2542,#772,.T.);
#3207=EDGE_CURVE('',#2543,#2541,#773,.T.);
#3208=EDGE_CURVE('',#2543,#2544,#774,.T.);
#3209=EDGE_CURVE('',#2544,#2542,#775,.T.);
#3210=EDGE_CURVE('',#2543,#2530,#776,.T.);
#3211=EDGE_CURVE('',#2545,#2546,#777,.T.);
#3212=EDGE_CURVE('',#2545,#2547,#778,.T.);
#3213=EDGE_CURVE('',#2547,#2548,#779,.T.);
#3214=EDGE_CURVE('',#2548,#2546,#780,.T.);
#3215=EDGE_CURVE('',#2545,#2549,#781,.T.);
#3216=EDGE_CURVE('',#2550,#2549,#782,.T.);
#3217=EDGE_CURVE('',#2547,#2550,#783,.T.);
#3218=EDGE_CURVE('',#2551,#2549,#784,.T.);
#3219=EDGE_CURVE('',#2551,#2552,#785,.T.);
#3220=EDGE_CURVE('',#2552,#2550,#786,.T.);
#3221=EDGE_CURVE('',#2551,#2553,#787,.T.);
#3222=EDGE_CURVE('',#2554,#2553,#788,.T.);
#3223=EDGE_CURVE('',#2552,#2554,#789,.T.);
#3224=EDGE_CURVE('',#2555,#2553,#790,.T.);
#3225=EDGE_CURVE('',#2555,#2556,#791,.T.);
#3226=EDGE_CURVE('',#2556,#2554,#792,.T.);
#3227=EDGE_CURVE('',#2555,#2557,#793,.T.);
#3228=EDGE_CURVE('',#2558,#2557,#794,.T.);
#3229=EDGE_CURVE('',#2556,#2558,#795,.T.);
#3230=EDGE_CURVE('',#2559,#2557,#796,.T.);
#3231=EDGE_CURVE('',#2559,#2560,#797,.T.);
#3232=EDGE_CURVE('',#2560,#2558,#798,.T.);
#3233=EDGE_CURVE('',#2559,#2546,#799,.T.);
#3234=EDGE_CURVE('',#2560,#2548,#800,.T.);
#3235=EDGE_CURVE('',#2544,#2532,#801,.T.);
#3236=EDGE_CURVE('',#2561,#2561,#2523,.T.);
#3237=EDGE_CURVE('',#2561,#2527,#802,.T.);
#3238=EDGE_CURVE('',#2562,#2562,#2524,.T.);
#3239=EDGE_CURVE('',#2562,#2563,#803,.T.);
#3240=EDGE_CURVE('',#2563,#2563,#2525,.T.);
#3241=EDGE_CURVE('',#2564,#2565,#804,.F.);
#3242=EDGE_CURVE('',#2566,#2564,#805,.T.);
#3243=EDGE_CURVE('',#2566,#2567,#806,.T.);
#3244=EDGE_CURVE('',#2567,#2565,#807,.T.);
#3245=EDGE_CURVE('',#2568,#2564,#808,.F.);
#3246=EDGE_CURVE('',#2569,#2568,#809,.T.);
#3247=EDGE_CURVE('',#2569,#2566,#810,.T.);
#3248=EDGE_CURVE('',#2570,#2568,#811,.F.);
#3249=EDGE_CURVE('',#2571,#2570,#812,.T.);
#3250=EDGE_CURVE('',#2571,#2569,#813,.T.);
#3251=EDGE_CURVE('',#2572,#2570,#814,.F.);
#3252=EDGE_CURVE('',#2573,#2572,#815,.T.);
#3253=EDGE_CURVE('',#2573,#2571,#816,.T.);
#3254=EDGE_CURVE('',#2574,#2572,#817,.F.);
#3255=EDGE_CURVE('',#2575,#2574,#818,.T.);
#3256=EDGE_CURVE('',#2575,#2573,#819,.T.);
#3257=EDGE_CURVE('',#2576,#2574,#820,.F.);
#3258=EDGE_CURVE('',#2577,#2576,#821,.T.);
#3259=EDGE_CURVE('',#2577,#2575,#822,.T.);
#3260=EDGE_CURVE('',#2578,#2576,#823,.F.);
#3261=EDGE_CURVE('',#2579,#2578,#824,.T.);
#3262=EDGE_CURVE('',#2579,#2577,#825,.T.);
#3263=EDGE_CURVE('',#2565,#2578,#826,.F.);
#3264=EDGE_CURVE('',#2567,#2579,#827,.T.);
#3265=EDGE_CURVE('',#2580,#2581,#828,.T.);
#3266=EDGE_CURVE('',#2580,#2582,#829,.T.);
#3267=EDGE_CURVE('',#2583,#2582,#830,.T.);
#3268=EDGE_CURVE('',#2581,#2583,#831,.T.);
#3269=EDGE_CURVE('',#2581,#2584,#832,.T.);
#3270=EDGE_CURVE('',#2585,#2583,#833,.T.);
#3271=EDGE_CURVE('',#2584,#2585,#834,.T.);
#3272=EDGE_CURVE('',#2584,#2586,#835,.T.);
#3273=EDGE_CURVE('',#2587,#2585,#836,.T.);
#3274=EDGE_CURVE('',#2586,#2587,#837,.T.);
#3275=EDGE_CURVE('',#2586,#2588,#13,.T.);
#3276=EDGE_CURVE('',#2589,#2587,#14,.T.);
#3277=EDGE_CURVE('',#2588,#2589,#838,.T.);
#3278=EDGE_CURVE('',#2588,#2590,#15,.T.);
#3279=EDGE_CURVE('',#2591,#2589,#16,.T.);
#3280=EDGE_CURVE('',#2590,#2591,#839,.T.);
#3281=EDGE_CURVE('',#2590,#2592,#17,.T.);
#3282=EDGE_CURVE('',#2593,#2591,#18,.T.);
#3283=EDGE_CURVE('',#2592,#2593,#840,.T.);
#3284=EDGE_CURVE('',#2592,#2594,#19,.T.);
#3285=EDGE_CURVE('',#2595,#2593,#20,.T.);
#3286=EDGE_CURVE('',#2594,#2595,#841,.T.);
#3287=EDGE_CURVE('',#2594,#2596,#21,.T.);
#3288=EDGE_CURVE('',#2597,#2595,#22,.T.);
#3289=EDGE_CURVE('',#2596,#2597,#842,.T.);
#3290=EDGE_CURVE('',#2596,#2598,#23,.T.);
#3291=EDGE_CURVE('',#2599,#2597,#24,.T.);
#3292=EDGE_CURVE('',#2598,#2599,#843,.T.);
#3293=EDGE_CURVE('',#2598,#2600,#25,.T.);
#3294=EDGE_CURVE('',#2601,#2599,#26,.T.);
#3295=EDGE_CURVE('',#2600,#2601,#844,.T.);
#3296=EDGE_CURVE('',#2600,#2602,#27,.T.);
#3297=EDGE_CURVE('',#2603,#2601,#28,.T.);
#3298=EDGE_CURVE('',#2602,#2603,#845,.T.);
#3299=EDGE_CURVE('',#2602,#2604,#29,.T.);
#3300=EDGE_CURVE('',#2605,#2603,#30,.T.);
#3301=EDGE_CURVE('',#2604,#2605,#846,.T.);
#3302=EDGE_CURVE('',#2604,#2606,#31,.T.);
#3303=EDGE_CURVE('',#2607,#2605,#32,.T.);
#3304=EDGE_CURVE('',#2606,#2607,#847,.T.);
#3305=EDGE_CURVE('',#2606,#2608,#33,.T.);
#3306=EDGE_CURVE('',#2609,#2607,#34,.T.);
#3307=EDGE_CURVE('',#2608,#2609,#848,.T.);
#3308=EDGE_CURVE('',#2608,#2610,#849,.T.);
#3309=EDGE_CURVE('',#2611,#2609,#850,.T.);
#3310=EDGE_CURVE('',#2610,#2611,#851,.T.);
#3311=EDGE_CURVE('',#2610,#2612,#35,.T.);
#3312=EDGE_CURVE('',#2613,#2611,#36,.T.);
#3313=EDGE_CURVE('',#2612,#2613,#852,.T.);
#3314=EDGE_CURVE('',#2612,#2614,#37,.T.);
#3315=EDGE_CURVE('',#2615,#2613,#38,.T.);
#3316=EDGE_CURVE('',#2614,#2615,#853,.T.);
#3317=EDGE_CURVE('',#2614,#2616,#39,.T.);
#3318=EDGE_CURVE('',#2617,#2615,#40,.T.);
#3319=EDGE_CURVE('',#2616,#2617,#854,.T.);
#3320=EDGE_CURVE('',#2616,#2618,#41,.T.);
#3321=EDGE_CURVE('',#2619,#2617,#42,.T.);
#3322=EDGE_CURVE('',#2618,#2619,#855,.T.);
#3323=EDGE_CURVE('',#2618,#2620,#43,.T.);
#3324=EDGE_CURVE('',#2621,#2619,#44,.T.);
#3325=EDGE_CURVE('',#2620,#2621,#856,.T.);
#3326=EDGE_CURVE('',#2620,#2622,#45,.T.);
#3327=EDGE_CURVE('',#2623,#2621,#46,.T.);
#3328=EDGE_CURVE('',#2622,#2623,#857,.T.);
#3329=EDGE_CURVE('',#2622,#2624,#47,.T.);
#3330=EDGE_CURVE('',#2625,#2623,#48,.T.);
#3331=EDGE_CURVE('',#2624,#2625,#858,.T.);
#3332=EDGE_CURVE('',#2624,#2626,#49,.T.);
#3333=EDGE_CURVE('',#2627,#2625,#50,.T.);
#3334=EDGE_CURVE('',#2626,#2627,#859,.T.);
#3335=EDGE_CURVE('',#2626,#2628,#51,.T.);
#3336=EDGE_CURVE('',#2629,#2627,#52,.T.);
#3337=EDGE_CURVE('',#2628,#2629,#860,.T.);
#3338=EDGE_CURVE('',#2628,#2630,#53,.T.);
#3339=EDGE_CURVE('',#2631,#2629,#54,.T.);
#3340=EDGE_CURVE('',#2630,#2631,#861,.T.);
#3341=EDGE_CURVE('',#2630,#2632,#55,.T.);
#3342=EDGE_CURVE('',#2633,#2631,#56,.T.);
#3343=EDGE_CURVE('',#2632,#2633,#862,.T.);
#3344=EDGE_CURVE('',#2632,#2634,#57,.T.);
#3345=EDGE_CURVE('',#2635,#2633,#58,.T.);
#3346=EDGE_CURVE('',#2634,#2635,#863,.T.);
#3347=EDGE_CURVE('',#2634,#2636,#864,.T.);
#3348=EDGE_CURVE('',#2637,#2635,#865,.T.);
#3349=EDGE_CURVE('',#2636,#2637,#866,.T.);
#3350=EDGE_CURVE('',#2636,#2580,#867,.T.);
#3351=EDGE_CURVE('',#2582,#2637,#868,.T.);
#3352=EDGE_CURVE('',#2638,#2639,#869,.T.);
#3353=EDGE_CURVE('',#2638,#2640,#870,.T.);
#3354=EDGE_CURVE('',#2641,#2640,#871,.T.);
#3355=EDGE_CURVE('',#2639,#2641,#872,.T.);
#3356=EDGE_CURVE('',#2639,#2642,#873,.T.);
#3357=EDGE_CURVE('',#2643,#2641,#874,.T.);
#3358=EDGE_CURVE('',#2642,#2643,#875,.T.);
#3359=EDGE_CURVE('',#2642,#2644,#876,.T.);
#3360=EDGE_CURVE('',#2645,#2643,#877,.T.);
#3361=EDGE_CURVE('',#2644,#2645,#878,.T.);
#3362=EDGE_CURVE('',#2644,#2646,#59,.T.);
#3363=EDGE_CURVE('',#2647,#2645,#60,.T.);
#3364=EDGE_CURVE('',#2646,#2647,#879,.T.);
#3365=EDGE_CURVE('',#2646,#2648,#61,.T.);
#3366=EDGE_CURVE('',#2649,#2647,#62,.T.);
#3367=EDGE_CURVE('',#2648,#2649,#880,.T.);
#3368=EDGE_CURVE('',#2648,#2650,#63,.T.);
#3369=EDGE_CURVE('',#2651,#2649,#64,.T.);
#3370=EDGE_CURVE('',#2650,#2651,#881,.T.);
#3371=EDGE_CURVE('',#2650,#2652,#882,.T.);
#3372=EDGE_CURVE('',#2653,#2651,#883,.T.);
#3373=EDGE_CURVE('',#2652,#2653,#884,.T.);
#3374=EDGE_CURVE('',#2652,#2654,#65,.T.);
#3375=EDGE_CURVE('',#2655,#2653,#66,.T.);
#3376=EDGE_CURVE('',#2654,#2655,#885,.T.);
#3377=EDGE_CURVE('',#2654,#2656,#67,.T.);
#3378=EDGE_CURVE('',#2657,#2655,#68,.T.);
#3379=EDGE_CURVE('',#2656,#2657,#886,.T.);
#3380=EDGE_CURVE('',#2656,#2658,#69,.T.);
#3381=EDGE_CURVE('',#2659,#2657,#70,.T.);
#3382=EDGE_CURVE('',#2658,#2659,#887,.T.);
#3383=EDGE_CURVE('',#2658,#2660,#71,.T.);
#3384=EDGE_CURVE('',#2661,#2659,#72,.T.);
#3385=EDGE_CURVE('',#2660,#2661,#888,.T.);
#3386=EDGE_CURVE('',#2660,#2662,#889,.T.);
#3387=EDGE_CURVE('',#2663,#2661,#890,.T.);
#3388=EDGE_CURVE('',#2662,#2663,#891,.T.);
#3389=EDGE_CURVE('',#2662,#2638,#892,.T.);
#3390=EDGE_CURVE('',#2640,#2663,#893,.T.);
#3391=EDGE_CURVE('',#2664,#2665,#73,.T.);
#3392=EDGE_CURVE('',#2664,#2666,#894,.T.);
#3393=EDGE_CURVE('',#2667,#2666,#74,.T.);
#3394=EDGE_CURVE('',#2665,#2667,#895,.T.);
#3395=EDGE_CURVE('',#2665,#2668,#75,.T.);
#3396=EDGE_CURVE('',#2669,#2667,#76,.T.);
#3397=EDGE_CURVE('',#2668,#2669,#896,.T.);
#3398=EDGE_CURVE('',#2668,#2670,#77,.T.);
#3399=EDGE_CURVE('',#2671,#2669,#78,.T.);
#3400=EDGE_CURVE('',#2670,#2671,#897,.T.);
#3401=EDGE_CURVE('',#2670,#2672,#79,.T.);
#3402=EDGE_CURVE('',#2673,#2671,#80,.T.);
#3403=EDGE_CURVE('',#2672,#2673,#898,.T.);
#3404=EDGE_CURVE('',#2672,#2674,#81,.T.);
#3405=EDGE_CURVE('',#2675,#2673,#82,.T.);
#3406=EDGE_CURVE('',#2674,#2675,#899,.T.);
#3407=EDGE_CURVE('',#2674,#2676,#83,.T.);
#3408=EDGE_CURVE('',#2677,#2675,#84,.T.);
#3409=EDGE_CURVE('',#2676,#2677,#900,.T.);
#3410=EDGE_CURVE('',#2676,#2678,#85,.T.);
#3411=EDGE_CURVE('',#2679,#2677,#86,.T.);
#3412=EDGE_CURVE('',#2678,#2679,#901,.T.);
#3413=EDGE_CURVE('',#2678,#2664,#87,.T.);
#3414=EDGE_CURVE('',#2666,#2679,#88,.T.);
#3415=EDGE_CURVE('',#2680,#2681,#902,.T.);
#3416=EDGE_CURVE('',#2680,#2682,#903,.T.);
#3417=EDGE_CURVE('',#2683,#2682,#904,.T.);
#3418=EDGE_CURVE('',#2681,#2683,#905,.T.);
#3419=EDGE_CURVE('',#2681,#2684,#89,.T.);
#3420=EDGE_CURVE('',#2685,#2683,#90,.T.);
#3421=EDGE_CURVE('',#2684,#2685,#906,.T.);
#3422=EDGE_CURVE('',#2684,#2686,#91,.T.);
#3423=EDGE_CURVE('',#2687,#2685,#92,.T.);
#3424=EDGE_CURVE('',#2686,#2687,#907,.T.);
#3425=EDGE_CURVE('',#2686,#2688,#93,.T.);
#3426=EDGE_CURVE('',#2689,#2687,#94,.T.);
#3427=EDGE_CURVE('',#2688,#2689,#908,.T.);
#3428=EDGE_CURVE('',#2688,#2690,#95,.T.);
#3429=EDGE_CURVE('',#2691,#2689,#96,.T.);
#3430=EDGE_CURVE('',#2690,#2691,#909,.T.);
#3431=EDGE_CURVE('',#2690,#2692,#97,.T.);
#3432=EDGE_CURVE('',#2693,#2691,#98,.T.);
#3433=EDGE_CURVE('',#2692,#2693,#910,.T.);
#3434=EDGE_CURVE('',#2692,#2694,#99,.T.);
#3435=EDGE_CURVE('',#2695,#2693,#100,.T.);
#3436=EDGE_CURVE('',#2694,#2695,#911,.T.);
#3437=EDGE_CURVE('',#2694,#2696,#101,.T.);
#3438=EDGE_CURVE('',#2697,#2695,#102,.T.);
#3439=EDGE_CURVE('',#2696,#2697,#912,.T.);
#3440=EDGE_CURVE('',#2696,#2698,#103,.T.);
#3441=EDGE_CURVE('',#2699,#2697,#104,.T.);
#3442=EDGE_CURVE('',#2698,#2699,#913,.T.);
#3443=EDGE_CURVE('',#2698,#2700,#105,.T.);
#3444=EDGE_CURVE('',#2701,#2699,#106,.T.);
#3445=EDGE_CURVE('',#2700,#2701,#914,.T.);
#3446=EDGE_CURVE('',#2700,#2702,#107,.T.);
#3447=EDGE_CURVE('',#2703,#2701,#108,.T.);
#3448=EDGE_CURVE('',#2702,#2703,#915,.T.);
#3449=EDGE_CURVE('',#2702,#2704,#109,.T.);
#3450=EDGE_CURVE('',#2705,#2703,#110,.T.);
#3451=EDGE_CURVE('',#2704,#2705,#916,.T.);
#3452=EDGE_CURVE('',#2704,#2706,#111,.T.);
#3453=EDGE_CURVE('',#2707,#2705,#112,.T.);
#3454=EDGE_CURVE('',#2706,#2707,#917,.T.);
#3455=EDGE_CURVE('',#2706,#2708,#918,.T.);
#3456=EDGE_CURVE('',#2709,#2707,#919,.T.);
#3457=EDGE_CURVE('',#2708,#2709,#920,.T.);
#3458=EDGE_CURVE('',#2708,#2710,#921,.T.);
#3459=EDGE_CURVE('',#2711,#2709,#922,.T.);
#3460=EDGE_CURVE('',#2710,#2711,#923,.T.);
#3461=EDGE_CURVE('',#2710,#2712,#924,.T.);
#3462=EDGE_CURVE('',#2713,#2711,#925,.T.);
#3463=EDGE_CURVE('',#2712,#2713,#926,.T.);
#3464=EDGE_CURVE('',#2712,#2714,#113,.T.);
#3465=EDGE_CURVE('',#2715,#2713,#114,.T.);
#3466=EDGE_CURVE('',#2714,#2715,#927,.T.);
#3467=EDGE_CURVE('',#2714,#2716,#115,.T.);
#3468=EDGE_CURVE('',#2717,#2715,#116,.T.);
#3469=EDGE_CURVE('',#2716,#2717,#928,.T.);
#3470=EDGE_CURVE('',#2716,#2718,#117,.T.);
#3471=EDGE_CURVE('',#2719,#2717,#118,.T.);
#3472=EDGE_CURVE('',#2718,#2719,#929,.T.);
#3473=EDGE_CURVE('',#2718,#2720,#119,.T.);
#3474=EDGE_CURVE('',#2721,#2719,#120,.T.);
#3475=EDGE_CURVE('',#2720,#2721,#930,.T.);
#3476=EDGE_CURVE('',#2720,#2680,#121,.T.);
#3477=EDGE_CURVE('',#2682,#2721,#122,.T.);
#3478=EDGE_CURVE('',#2722,#2723,#931,.T.);
#3479=EDGE_CURVE('',#2722,#2724,#932,.T.);
#3480=EDGE_CURVE('',#2725,#2724,#933,.T.);
#3481=EDGE_CURVE('',#2723,#2725,#934,.T.);
#3482=EDGE_CURVE('',#2723,#2726,#123,.T.);
#3483=EDGE_CURVE('',#2727,#2725,#124,.T.);
#3484=EDGE_CURVE('',#2726,#2727,#935,.T.);
#3485=EDGE_CURVE('',#2726,#2728,#125,.T.);
#3486=EDGE_CURVE('',#2729,#2727,#126,.T.);
#3487=EDGE_CURVE('',#2728,#2729,#936,.T.);
#3488=EDGE_CURVE('',#2728,#2730,#127,.T.);
#3489=EDGE_CURVE('',#2731,#2729,#128,.T.);
#3490=EDGE_CURVE('',#2730,#2731,#937,.T.);
#3491=EDGE_CURVE('',#2730,#2722,#129,.T.);
#3492=EDGE_CURVE('',#2724,#2731,#130,.T.);
#3493=EDGE_CURVE('',#2732,#2733,#938,.T.);
#3494=EDGE_CURVE('',#2732,#2734,#939,.T.);
#3495=EDGE_CURVE('',#2735,#2734,#940,.T.);
#3496=EDGE_CURVE('',#2733,#2735,#941,.T.);
#3497=EDGE_CURVE('',#2733,#2736,#131,.T.);
#3498=EDGE_CURVE('',#2737,#2735,#132,.T.);
#3499=EDGE_CURVE('',#2736,#2737,#942,.T.);
#3500=EDGE_CURVE('',#2736,#2738,#133,.T.);
#3501=EDGE_CURVE('',#2739,#2737,#134,.T.);
#3502=EDGE_CURVE('',#2738,#2739,#943,.T.);
#3503=EDGE_CURVE('',#2738,#2740,#135,.T.);
#3504=EDGE_CURVE('',#2741,#2739,#136,.T.);
#3505=EDGE_CURVE('',#2740,#2741,#944,.T.);
#3506=EDGE_CURVE('',#2740,#2742,#137,.T.);
#3507=EDGE_CURVE('',#2743,#2741,#138,.T.);
#3508=EDGE_CURVE('',#2742,#2743,#945,.T.);
#3509=EDGE_CURVE('',#2742,#2744,#139,.T.);
#3510=EDGE_CURVE('',#2745,#2743,#140,.T.);
#3511=EDGE_CURVE('',#2744,#2745,#946,.T.);
#3512=EDGE_CURVE('',#2744,#2746,#141,.T.);
#3513=EDGE_CURVE('',#2747,#2745,#142,.T.);
#3514=EDGE_CURVE('',#2746,#2747,#947,.T.);
#3515=EDGE_CURVE('',#2746,#2748,#143,.T.);
#3516=EDGE_CURVE('',#2749,#2747,#144,.T.);
#3517=EDGE_CURVE('',#2748,#2749,#948,.T.);
#3518=EDGE_CURVE('',#2748,#2750,#145,.T.);
#3519=EDGE_CURVE('',#2751,#2749,#146,.T.);
#3520=EDGE_CURVE('',#2750,#2751,#949,.T.);
#3521=EDGE_CURVE('',#2750,#2752,#147,.T.);
#3522=EDGE_CURVE('',#2753,#2751,#148,.T.);
#3523=EDGE_CURVE('',#2752,#2753,#950,.T.);
#3524=EDGE_CURVE('',#2752,#2754,#951,.T.);
#3525=EDGE_CURVE('',#2755,#2753,#952,.T.);
#3526=EDGE_CURVE('',#2754,#2755,#953,.T.);
#3527=EDGE_CURVE('',#2754,#2756,#149,.T.);
#3528=EDGE_CURVE('',#2757,#2755,#150,.T.);
#3529=EDGE_CURVE('',#2756,#2757,#954,.T.);
#3530=EDGE_CURVE('',#2756,#2758,#151,.T.);
#3531=EDGE_CURVE('',#2759,#2757,#152,.T.);
#3532=EDGE_CURVE('',#2758,#2759,#955,.T.);
#3533=EDGE_CURVE('',#2758,#2760,#153,.T.);
#3534=EDGE_CURVE('',#2761,#2759,#154,.T.);
#3535=EDGE_CURVE('',#2760,#2761,#956,.T.);
#3536=EDGE_CURVE('',#2760,#2732,#155,.T.);
#3537=EDGE_CURVE('',#2734,#2761,#156,.T.);
#3538=EDGE_CURVE('',#2762,#2763,#957,.T.);
#3539=EDGE_CURVE('',#2762,#2764,#958,.T.);
#3540=EDGE_CURVE('',#2765,#2764,#959,.T.);
#3541=EDGE_CURVE('',#2763,#2765,#960,.T.);
#3542=EDGE_CURVE('',#2763,#2766,#157,.T.);
#3543=EDGE_CURVE('',#2767,#2765,#158,.T.);
#3544=EDGE_CURVE('',#2766,#2767,#961,.T.);
#3545=EDGE_CURVE('',#2766,#2768,#159,.T.);
#3546=EDGE_CURVE('',#2769,#2767,#160,.T.);
#3547=EDGE_CURVE('',#2768,#2769,#962,.T.);
#3548=EDGE_CURVE('',#2768,#2770,#161,.T.);
#3549=EDGE_CURVE('',#2771,#2769,#162,.T.);
#3550=EDGE_CURVE('',#2770,#2771,#963,.T.);
#3551=EDGE_CURVE('',#2770,#2772,#163,.T.);
#3552=EDGE_CURVE('',#2773,#2771,#164,.T.);
#3553=EDGE_CURVE('',#2772,#2773,#964,.T.);
#3554=EDGE_CURVE('',#2772,#2774,#165,.T.);
#3555=EDGE_CURVE('',#2775,#2773,#166,.T.);
#3556=EDGE_CURVE('',#2774,#2775,#965,.T.);
#3557=EDGE_CURVE('',#2774,#2776,#966,.T.);
#3558=EDGE_CURVE('',#2777,#2775,#967,.T.);
#3559=EDGE_CURVE('',#2776,#2777,#968,.T.);
#3560=EDGE_CURVE('',#2776,#2778,#969,.T.);
#3561=EDGE_CURVE('',#2779,#2777,#970,.T.);
#3562=EDGE_CURVE('',#2778,#2779,#971,.T.);
#3563=EDGE_CURVE('',#2778,#2780,#972,.T.);
#3564=EDGE_CURVE('',#2781,#2779,#973,.T.);
#3565=EDGE_CURVE('',#2780,#2781,#974,.T.);
#3566=EDGE_CURVE('',#2780,#2782,#167,.T.);
#3567=EDGE_CURVE('',#2783,#2781,#168,.T.);
#3568=EDGE_CURVE('',#2782,#2783,#975,.T.);
#3569=EDGE_CURVE('',#2782,#2784,#169,.T.);
#3570=EDGE_CURVE('',#2785,#2783,#170,.T.);
#3571=EDGE_CURVE('',#2784,#2785,#976,.T.);
#3572=EDGE_CURVE('',#2784,#2786,#171,.T.);
#3573=EDGE_CURVE('',#2787,#2785,#172,.T.);
#3574=EDGE_CURVE('',#2786,#2787,#977,.T.);
#3575=EDGE_CURVE('',#2786,#2788,#173,.T.);
#3576=EDGE_CURVE('',#2789,#2787,#174,.T.);
#3577=EDGE_CURVE('',#2788,#2789,#978,.T.);
#3578=EDGE_CURVE('',#2788,#2790,#175,.T.);
#3579=EDGE_CURVE('',#2791,#2789,#176,.T.);
#3580=EDGE_CURVE('',#2790,#2791,#979,.T.);
#3581=EDGE_CURVE('',#2790,#2792,#177,.T.);
#3582=EDGE_CURVE('',#2793,#2791,#178,.T.);
#3583=EDGE_CURVE('',#2792,#2793,#980,.T.);
#3584=EDGE_CURVE('',#2792,#2794,#981,.T.);
#3585=EDGE_CURVE('',#2795,#2793,#982,.T.);
#3586=EDGE_CURVE('',#2794,#2795,#983,.T.);
#3587=EDGE_CURVE('',#2794,#2796,#984,.T.);
#3588=EDGE_CURVE('',#2797,#2795,#985,.T.);
#3589=EDGE_CURVE('',#2796,#2797,#986,.T.);
#3590=EDGE_CURVE('',#2796,#2798,#987,.T.);
#3591=EDGE_CURVE('',#2799,#2797,#988,.T.);
#3592=EDGE_CURVE('',#2798,#2799,#989,.T.);
#3593=EDGE_CURVE('',#2798,#2762,#990,.T.);
#3594=EDGE_CURVE('',#2764,#2799,#991,.T.);
#3595=EDGE_CURVE('',#2800,#2801,#992,.T.);
#3596=EDGE_CURVE('',#2800,#2802,#993,.T.);
#3597=EDGE_CURVE('',#2803,#2802,#994,.T.);
#3598=EDGE_CURVE('',#2801,#2803,#995,.T.);
#3599=EDGE_CURVE('',#2801,#2804,#996,.T.);
#3600=EDGE_CURVE('',#2805,#2803,#997,.T.);
#3601=EDGE_CURVE('',#2804,#2805,#998,.T.);
#3602=EDGE_CURVE('',#2804,#2806,#999,.T.);
#3603=EDGE_CURVE('',#2807,#2805,#1000,.T.);
#3604=EDGE_CURVE('',#2806,#2807,#1001,.T.);
#3605=EDGE_CURVE('',#2806,#2808,#179,.T.);
#3606=EDGE_CURVE('',#2809,#2807,#180,.T.);
#3607=EDGE_CURVE('',#2808,#2809,#1002,.T.);
#3608=EDGE_CURVE('',#2808,#2810,#181,.T.);
#3609=EDGE_CURVE('',#2811,#2809,#182,.T.);
#3610=EDGE_CURVE('',#2810,#2811,#1003,.T.);
#3611=EDGE_CURVE('',#2810,#2812,#183,.T.);
#3612=EDGE_CURVE('',#2813,#2811,#184,.T.);
#3613=EDGE_CURVE('',#2812,#2813,#1004,.T.);
#3614=EDGE_CURVE('',#2812,#2814,#1005,.T.);
#3615=EDGE_CURVE('',#2815,#2813,#1006,.T.);
#3616=EDGE_CURVE('',#2814,#2815,#1007,.T.);
#3617=EDGE_CURVE('',#2814,#2816,#185,.T.);
#3618=EDGE_CURVE('',#2817,#2815,#186,.T.);
#3619=EDGE_CURVE('',#2816,#2817,#1008,.T.);
#3620=EDGE_CURVE('',#2816,#2818,#187,.T.);
#3621=EDGE_CURVE('',#2819,#2817,#188,.T.);
#3622=EDGE_CURVE('',#2818,#2819,#1009,.T.);
#3623=EDGE_CURVE('',#2818,#2820,#189,.T.);
#3624=EDGE_CURVE('',#2821,#2819,#190,.T.);
#3625=EDGE_CURVE('',#2820,#2821,#1010,.T.);
#3626=EDGE_CURVE('',#2820,#2822,#191,.T.);
#3627=EDGE_CURVE('',#2823,#2821,#192,.T.);
#3628=EDGE_CURVE('',#2822,#2823,#1011,.T.);
#3629=EDGE_CURVE('',#2822,#2824,#1012,.T.);
#3630=EDGE_CURVE('',#2825,#2823,#1013,.T.);
#3631=EDGE_CURVE('',#2824,#2825,#1014,.T.);
#3632=EDGE_CURVE('',#2824,#2800,#1015,.T.);
#3633=EDGE_CURVE('',#2802,#2825,#1016,.T.);
#3634=EDGE_CURVE('',#2826,#2827,#193,.T.);
#3635=EDGE_CURVE('',#2826,#2828,#1017,.T.);
#3636=EDGE_CURVE('',#2829,#2828,#194,.T.);
#3637=EDGE_CURVE('',#2827,#2829,#1018,.T.);
#3638=EDGE_CURVE('',#2827,#2830,#195,.T.);
#3639=EDGE_CURVE('',#2831,#2829,#196,.T.);
#3640=EDGE_CURVE('',#2830,#2831,#1019,.T.);
#3641=EDGE_CURVE('',#2830,#2832,#197,.T.);
#3642=EDGE_CURVE('',#2833,#2831,#198,.T.);
#3643=EDGE_CURVE('',#2832,#2833,#1020,.T.);
#3644=EDGE_CURVE('',#2832,#2834,#199,.T.);
#3645=EDGE_CURVE('',#2835,#2833,#200,.T.);
#3646=EDGE_CURVE('',#2834,#2835,#1021,.T.);
#3647=EDGE_CURVE('',#2834,#2836,#201,.T.);
#3648=EDGE_CURVE('',#2837,#2835,#202,.T.);
#3649=EDGE_CURVE('',#2836,#2837,#1022,.T.);
#3650=EDGE_CURVE('',#2836,#2838,#203,.T.);
#3651=EDGE_CURVE('',#2839,#2837,#204,.T.);
#3652=EDGE_CURVE('',#2838,#2839,#1023,.T.);
#3653=EDGE_CURVE('',#2838,#2840,#205,.T.);
#3654=EDGE_CURVE('',#2841,#2839,#206,.T.);
#3655=EDGE_CURVE('',#2840,#2841,#1024,.T.);
#3656=EDGE_CURVE('',#2840,#2842,#207,.T.);
#3657=EDGE_CURVE('',#2843,#2841,#208,.T.);
#3658=EDGE_CURVE('',#2842,#2843,#1025,.T.);
#3659=EDGE_CURVE('',#2842,#2844,#209,.T.);
#3660=EDGE_CURVE('',#2845,#2843,#210,.T.);
#3661=EDGE_CURVE('',#2844,#2845,#1026,.T.);
#3662=EDGE_CURVE('',#2844,#2826,#1027,.T.);
#3663=EDGE_CURVE('',#2828,#2845,#1028,.T.);
#3664=EDGE_CURVE('',#2846,#2847,#211,.T.);
#3665=EDGE_CURVE('',#2846,#2848,#1029,.T.);
#3666=EDGE_CURVE('',#2849,#2848,#212,.T.);
#3667=EDGE_CURVE('',#2847,#2849,#1030,.T.);
#3668=EDGE_CURVE('',#2847,#2850,#213,.T.);
#3669=EDGE_CURVE('',#2851,#2849,#214,.T.);
#3670=EDGE_CURVE('',#2850,#2851,#1031,.T.);
#3671=EDGE_CURVE('',#2850,#2852,#215,.T.);
#3672=EDGE_CURVE('',#2853,#2851,#216,.T.);
#3673=EDGE_CURVE('',#2852,#2853,#1032,.T.);
#3674=EDGE_CURVE('',#2852,#2854,#217,.T.);
#3675=EDGE_CURVE('',#2855,#2853,#218,.T.);
#3676=EDGE_CURVE('',#2854,#2855,#1033,.T.);
#3677=EDGE_CURVE('',#2854,#2856,#219,.T.);
#3678=EDGE_CURVE('',#2857,#2855,#220,.T.);
#3679=EDGE_CURVE('',#2856,#2857,#1034,.T.);
#3680=EDGE_CURVE('',#2856,#2858,#221,.T.);
#3681=EDGE_CURVE('',#2859,#2857,#222,.T.);
#3682=EDGE_CURVE('',#2858,#2859,#1035,.T.);
#3683=EDGE_CURVE('',#2858,#2860,#223,.T.);
#3684=EDGE_CURVE('',#2861,#2859,#224,.T.);
#3685=EDGE_CURVE('',#2860,#2861,#1036,.T.);
#3686=EDGE_CURVE('',#2860,#2862,#225,.T.);
#3687=EDGE_CURVE('',#2863,#2861,#226,.T.);
#3688=EDGE_CURVE('',#2862,#2863,#1037,.T.);
#3689=EDGE_CURVE('',#2862,#2864,#227,.T.);
#3690=EDGE_CURVE('',#2865,#2863,#228,.T.);
#3691=EDGE_CURVE('',#2864,#2865,#1038,.T.);
#3692=EDGE_CURVE('',#2864,#2866,#229,.T.);
#3693=EDGE_CURVE('',#2867,#2865,#230,.T.);
#3694=EDGE_CURVE('',#2866,#2867,#1039,.T.);
#3695=EDGE_CURVE('',#2866,#2868,#231,.T.);
#3696=EDGE_CURVE('',#2869,#2867,#232,.T.);
#3697=EDGE_CURVE('',#2868,#2869,#1040,.T.);
#3698=EDGE_CURVE('',#2868,#2870,#233,.T.);
#3699=EDGE_CURVE('',#2871,#2869,#234,.T.);
#3700=EDGE_CURVE('',#2870,#2871,#1041,.T.);
#3701=EDGE_CURVE('',#2870,#2872,#235,.T.);
#3702=EDGE_CURVE('',#2873,#2871,#236,.T.);
#3703=EDGE_CURVE('',#2872,#2873,#1042,.T.);
#3704=EDGE_CURVE('',#2872,#2874,#237,.T.);
#3705=EDGE_CURVE('',#2875,#2873,#238,.T.);
#3706=EDGE_CURVE('',#2874,#2875,#1043,.T.);
#3707=EDGE_CURVE('',#2874,#2876,#1044,.T.);
#3708=EDGE_CURVE('',#2877,#2875,#1045,.T.);
#3709=EDGE_CURVE('',#2876,#2877,#1046,.T.);
#3710=EDGE_CURVE('',#2876,#2878,#239,.T.);
#3711=EDGE_CURVE('',#2879,#2877,#240,.T.);
#3712=EDGE_CURVE('',#2878,#2879,#1047,.T.);
#3713=EDGE_CURVE('',#2878,#2880,#241,.T.);
#3714=EDGE_CURVE('',#2881,#2879,#242,.T.);
#3715=EDGE_CURVE('',#2880,#2881,#1048,.T.);
#3716=EDGE_CURVE('',#2880,#2882,#243,.T.);
#3717=EDGE_CURVE('',#2883,#2881,#244,.T.);
#3718=EDGE_CURVE('',#2882,#2883,#1049,.T.);
#3719=EDGE_CURVE('',#2882,#2884,#245,.T.);
#3720=EDGE_CURVE('',#2885,#2883,#246,.T.);
#3721=EDGE_CURVE('',#2884,#2885,#1050,.T.);
#3722=EDGE_CURVE('',#2884,#2886,#247,.T.);
#3723=EDGE_CURVE('',#2887,#2885,#248,.T.);
#3724=EDGE_CURVE('',#2886,#2887,#1051,.T.);
#3725=EDGE_CURVE('',#2886,#2888,#249,.T.);
#3726=EDGE_CURVE('',#2889,#2887,#250,.T.);
#3727=EDGE_CURVE('',#2888,#2889,#1052,.T.);
#3728=EDGE_CURVE('',#2888,#2890,#251,.T.);
#3729=EDGE_CURVE('',#2891,#2889,#252,.T.);
#3730=EDGE_CURVE('',#2890,#2891,#1053,.T.);
#3731=EDGE_CURVE('',#2890,#2892,#1054,.T.);
#3732=EDGE_CURVE('',#2893,#2891,#1055,.T.);
#3733=EDGE_CURVE('',#2892,#2893,#1056,.T.);
#3734=EDGE_CURVE('',#2892,#2894,#253,.T.);
#3735=EDGE_CURVE('',#2895,#2893,#254,.T.);
#3736=EDGE_CURVE('',#2894,#2895,#1057,.T.);
#3737=EDGE_CURVE('',#2894,#2896,#255,.T.);
#3738=EDGE_CURVE('',#2897,#2895,#256,.T.);
#3739=EDGE_CURVE('',#2896,#2897,#1058,.T.);
#3740=EDGE_CURVE('',#2896,#2898,#1059,.T.);
#3741=EDGE_CURVE('',#2899,#2897,#1060,.T.);
#3742=EDGE_CURVE('',#2898,#2899,#1061,.T.);
#3743=EDGE_CURVE('',#2898,#2846,#257,.T.);
#3744=EDGE_CURVE('',#2848,#2899,#258,.T.);
#3745=EDGE_CURVE('',#2900,#2901,#1062,.T.);
#3746=EDGE_CURVE('',#2900,#2902,#1063,.T.);
#3747=EDGE_CURVE('',#2903,#2902,#1064,.T.);
#3748=EDGE_CURVE('',#2901,#2903,#1065,.T.);
#3749=EDGE_CURVE('',#2901,#2904,#1066,.T.);
#3750=EDGE_CURVE('',#2905,#2903,#1067,.T.);
#3751=EDGE_CURVE('',#2904,#2905,#1068,.T.);
#3752=EDGE_CURVE('',#2904,#2906,#1069,.T.);
#3753=EDGE_CURVE('',#2907,#2905,#1070,.T.);
#3754=EDGE_CURVE('',#2906,#2907,#1071,.T.);
#3755=EDGE_CURVE('',#2906,#2908,#259,.T.);
#3756=EDGE_CURVE('',#2909,#2907,#260,.T.);
#3757=EDGE_CURVE('',#2908,#2909,#1072,.T.);
#3758=EDGE_CURVE('',#2908,#2910,#261,.T.);
#3759=EDGE_CURVE('',#2911,#2909,#262,.T.);
#3760=EDGE_CURVE('',#2910,#2911,#1073,.T.);
#3761=EDGE_CURVE('',#2910,#2912,#263,.T.);
#3762=EDGE_CURVE('',#2913,#2911,#264,.T.);
#3763=EDGE_CURVE('',#2912,#2913,#1074,.T.);
#3764=EDGE_CURVE('',#2912,#2914,#265,.T.);
#3765=EDGE_CURVE('',#2915,#2913,#266,.T.);
#3766=EDGE_CURVE('',#2914,#2915,#1075,.T.);
#3767=EDGE_CURVE('',#2914,#2916,#267,.T.);
#3768=EDGE_CURVE('',#2917,#2915,#268,.T.);
#3769=EDGE_CURVE('',#2916,#2917,#1076,.T.);
#3770=EDGE_CURVE('',#2916,#2918,#269,.T.);
#3771=EDGE_CURVE('',#2919,#2917,#270,.T.);
#3772=EDGE_CURVE('',#2918,#2919,#1077,.T.);
#3773=EDGE_CURVE('',#2918,#2920,#271,.T.);
#3774=EDGE_CURVE('',#2921,#2919,#272,.T.);
#3775=EDGE_CURVE('',#2920,#2921,#1078,.T.);
#3776=EDGE_CURVE('',#2920,#2922,#273,.T.);
#3777=EDGE_CURVE('',#2923,#2921,#274,.T.);
#3778=EDGE_CURVE('',#2922,#2923,#1079,.T.);
#3779=EDGE_CURVE('',#2922,#2924,#275,.T.);
#3780=EDGE_CURVE('',#2925,#2923,#276,.T.);
#3781=EDGE_CURVE('',#2924,#2925,#1080,.T.);
#3782=EDGE_CURVE('',#2924,#2926,#277,.T.);
#3783=EDGE_CURVE('',#2927,#2925,#278,.T.);
#3784=EDGE_CURVE('',#2926,#2927,#1081,.T.);
#3785=EDGE_CURVE('',#2926,#2928,#279,.T.);
#3786=EDGE_CURVE('',#2929,#2927,#280,.T.);
#3787=EDGE_CURVE('',#2928,#2929,#1082,.T.);
#3788=EDGE_CURVE('',#2928,#2930,#1083,.T.);
#3789=EDGE_CURVE('',#2931,#2929,#1084,.T.);
#3790=EDGE_CURVE('',#2930,#2931,#1085,.T.);
#3791=EDGE_CURVE('',#2930,#2932,#281,.T.);
#3792=EDGE_CURVE('',#2933,#2931,#282,.T.);
#3793=EDGE_CURVE('',#2932,#2933,#1086,.T.);
#3794=EDGE_CURVE('',#2932,#2934,#283,.T.);
#3795=EDGE_CURVE('',#2935,#2933,#284,.T.);
#3796=EDGE_CURVE('',#2934,#2935,#1087,.T.);
#3797=EDGE_CURVE('',#2934,#2936,#285,.T.);
#3798=EDGE_CURVE('',#2937,#2935,#286,.T.);
#3799=EDGE_CURVE('',#2936,#2937,#1088,.T.);
#3800=EDGE_CURVE('',#2936,#2938,#287,.T.);
#3801=EDGE_CURVE('',#2939,#2937,#288,.T.);
#3802=EDGE_CURVE('',#2938,#2939,#1089,.T.);
#3803=EDGE_CURVE('',#2938,#2940,#289,.T.);
#3804=EDGE_CURVE('',#2941,#2939,#290,.T.);
#3805=EDGE_CURVE('',#2940,#2941,#1090,.T.);
#3806=EDGE_CURVE('',#2940,#2942,#291,.T.);
#3807=EDGE_CURVE('',#2943,#2941,#292,.T.);
#3808=EDGE_CURVE('',#2942,#2943,#1091,.T.);
#3809=EDGE_CURVE('',#2942,#2944,#293,.T.);
#3810=EDGE_CURVE('',#2945,#2943,#294,.T.);
#3811=EDGE_CURVE('',#2944,#2945,#1092,.T.);
#3812=EDGE_CURVE('',#2944,#2946,#295,.T.);
#3813=EDGE_CURVE('',#2947,#2945,#296,.T.);
#3814=EDGE_CURVE('',#2946,#2947,#1093,.T.);
#3815=EDGE_CURVE('',#2946,#2948,#297,.T.);
#3816=EDGE_CURVE('',#2949,#2947,#298,.T.);
#3817=EDGE_CURVE('',#2948,#2949,#1094,.T.);
#3818=EDGE_CURVE('',#2948,#2950,#299,.T.);
#3819=EDGE_CURVE('',#2951,#2949,#300,.T.);
#3820=EDGE_CURVE('',#2950,#2951,#1095,.T.);
#3821=EDGE_CURVE('',#2950,#2952,#301,.T.);
#3822=EDGE_CURVE('',#2953,#2951,#302,.T.);
#3823=EDGE_CURVE('',#2952,#2953,#1096,.T.);
#3824=EDGE_CURVE('',#2952,#2954,#303,.T.);
#3825=EDGE_CURVE('',#2955,#2953,#304,.T.);
#3826=EDGE_CURVE('',#2954,#2955,#1097,.T.);
#3827=EDGE_CURVE('',#2954,#2956,#1098,.T.);
#3828=EDGE_CURVE('',#2957,#2955,#1099,.T.);
#3829=EDGE_CURVE('',#2956,#2957,#1100,.T.);
#3830=EDGE_CURVE('',#2956,#2900,#1101,.T.);
#3831=EDGE_CURVE('',#2902,#2957,#1102,.T.);
#3832=EDGE_CURVE('',#2958,#2959,#305,.T.);
#3833=EDGE_CURVE('',#2958,#2960,#1103,.T.);
#3834=EDGE_CURVE('',#2961,#2960,#306,.T.);
#3835=EDGE_CURVE('',#2959,#2961,#1104,.T.);
#3836=EDGE_CURVE('',#2959,#2962,#307,.T.);
#3837=EDGE_CURVE('',#2963,#2961,#308,.T.);
#3838=EDGE_CURVE('',#2962,#2963,#1105,.T.);
#3839=EDGE_CURVE('',#2962,#2964,#309,.T.);
#3840=EDGE_CURVE('',#2965,#2963,#310,.T.);
#3841=EDGE_CURVE('',#2964,#2965,#1106,.T.);
#3842=EDGE_CURVE('',#2964,#2966,#311,.T.);
#3843=EDGE_CURVE('',#2967,#2965,#312,.T.);
#3844=EDGE_CURVE('',#2966,#2967,#1107,.T.);
#3845=EDGE_CURVE('',#2966,#2968,#313,.T.);
#3846=EDGE_CURVE('',#2969,#2967,#314,.T.);
#3847=EDGE_CURVE('',#2968,#2969,#1108,.T.);
#3848=EDGE_CURVE('',#2968,#2970,#315,.T.);
#3849=EDGE_CURVE('',#2971,#2969,#316,.T.);
#3850=EDGE_CURVE('',#2970,#2971,#1109,.T.);
#3851=EDGE_CURVE('',#2970,#2972,#317,.T.);
#3852=EDGE_CURVE('',#2973,#2971,#318,.T.);
#3853=EDGE_CURVE('',#2972,#2973,#1110,.T.);
#3854=EDGE_CURVE('',#2972,#2958,#319,.T.);
#3855=EDGE_CURVE('',#2960,#2973,#320,.T.);
#3856=EDGE_CURVE('',#2974,#2975,#1111,.T.);
#3857=EDGE_CURVE('',#2974,#2976,#1112,.T.);
#3858=EDGE_CURVE('',#2977,#2976,#1113,.T.);
#3859=EDGE_CURVE('',#2975,#2977,#1114,.T.);
#3860=EDGE_CURVE('',#2975,#2978,#321,.T.);
#3861=EDGE_CURVE('',#2979,#2977,#322,.T.);
#3862=EDGE_CURVE('',#2978,#2979,#1115,.T.);
#3863=EDGE_CURVE('',#2978,#2980,#323,.T.);
#3864=EDGE_CURVE('',#2981,#2979,#324,.T.);
#3865=EDGE_CURVE('',#2980,#2981,#1116,.T.);
#3866=EDGE_CURVE('',#2980,#2982,#325,.T.);
#3867=EDGE_CURVE('',#2983,#2981,#326,.T.);
#3868=EDGE_CURVE('',#2982,#2983,#1117,.T.);
#3869=EDGE_CURVE('',#2982,#2984,#327,.T.);
#3870=EDGE_CURVE('',#2985,#2983,#328,.T.);
#3871=EDGE_CURVE('',#2984,#2985,#1118,.T.);
#3872=EDGE_CURVE('',#2984,#2986,#329,.T.);
#3873=EDGE_CURVE('',#2987,#2985,#330,.T.);
#3874=EDGE_CURVE('',#2986,#2987,#1119,.T.);
#3875=EDGE_CURVE('',#2986,#2988,#331,.T.);
#3876=EDGE_CURVE('',#2989,#2987,#332,.T.);
#3877=EDGE_CURVE('',#2988,#2989,#1120,.T.);
#3878=EDGE_CURVE('',#2988,#2990,#333,.T.);
#3879=EDGE_CURVE('',#2991,#2989,#334,.T.);
#3880=EDGE_CURVE('',#2990,#2991,#1121,.T.);
#3881=EDGE_CURVE('',#2990,#2992,#335,.T.);
#3882=EDGE_CURVE('',#2993,#2991,#336,.T.);
#3883=EDGE_CURVE('',#2992,#2993,#1122,.T.);
#3884=EDGE_CURVE('',#2992,#2994,#337,.T.);
#3885=EDGE_CURVE('',#2995,#2993,#338,.T.);
#3886=EDGE_CURVE('',#2994,#2995,#1123,.T.);
#3887=EDGE_CURVE('',#2994,#2996,#1124,.T.);
#3888=EDGE_CURVE('',#2997,#2995,#1125,.T.);
#3889=EDGE_CURVE('',#2996,#2997,#1126,.T.);
#3890=EDGE_CURVE('',#2996,#2998,#1127,.T.);
#3891=EDGE_CURVE('',#2999,#2997,#1128,.T.);
#3892=EDGE_CURVE('',#2998,#2999,#1129,.T.);
#3893=EDGE_CURVE('',#2998,#3000,#1130,.T.);
#3894=EDGE_CURVE('',#3001,#2999,#1131,.T.);
#3895=EDGE_CURVE('',#3000,#3001,#1132,.T.);
#3896=EDGE_CURVE('',#3000,#2974,#1133,.T.);
#3897=EDGE_CURVE('',#2976,#3001,#1134,.T.);
#3898=EDGE_CURVE('',#3002,#3003,#339,.T.);
#3899=EDGE_CURVE('',#3002,#3004,#1135,.T.);
#3900=EDGE_CURVE('',#3005,#3004,#340,.T.);
#3901=EDGE_CURVE('',#3003,#3005,#1136,.T.);
#3902=EDGE_CURVE('',#3003,#3006,#341,.T.);
#3903=EDGE_CURVE('',#3007,#3005,#342,.T.);
#3904=EDGE_CURVE('',#3006,#3007,#1137,.T.);
#3905=EDGE_CURVE('',#3006,#3008,#343,.T.);
#3906=EDGE_CURVE('',#3009,#3007,#344,.T.);
#3907=EDGE_CURVE('',#3008,#3009,#1138,.T.);
#3908=EDGE_CURVE('',#3008,#3010,#345,.T.);
#3909=EDGE_CURVE('',#3011,#3009,#346,.T.);
#3910=EDGE_CURVE('',#3010,#3011,#1139,.T.);
#3911=EDGE_CURVE('',#3010,#3012,#347,.T.);
#3912=EDGE_CURVE('',#3013,#3011,#348,.T.);
#3913=EDGE_CURVE('',#3012,#3013,#1140,.T.);
#3914=EDGE_CURVE('',#3012,#3014,#349,.T.);
#3915=EDGE_CURVE('',#3015,#3013,#350,.T.);
#3916=EDGE_CURVE('',#3014,#3015,#1141,.T.);
#3917=EDGE_CURVE('',#3014,#3016,#351,.T.);
#3918=EDGE_CURVE('',#3017,#3015,#352,.T.);
#3919=EDGE_CURVE('',#3016,#3017,#1142,.T.);
#3920=EDGE_CURVE('',#3016,#3018,#353,.T.);
#3921=EDGE_CURVE('',#3019,#3017,#354,.T.);
#3922=EDGE_CURVE('',#3018,#3019,#1143,.T.);
#3923=EDGE_CURVE('',#3018,#3020,#355,.T.);
#3924=EDGE_CURVE('',#3021,#3019,#356,.T.);
#3925=EDGE_CURVE('',#3020,#3021,#1144,.T.);
#3926=EDGE_CURVE('',#3020,#3002,#1145,.T.);
#3927=EDGE_CURVE('',#3004,#3021,#1146,.T.);
#3928=EDGE_CURVE('',#3022,#3023,#357,.T.);
#3929=EDGE_CURVE('',#3022,#3024,#1147,.T.);
#3930=EDGE_CURVE('',#3025,#3024,#358,.T.);
#3931=EDGE_CURVE('',#3023,#3025,#1148,.T.);
#3932=EDGE_CURVE('',#3023,#3026,#359,.T.);
#3933=EDGE_CURVE('',#3027,#3025,#360,.T.);
#3934=EDGE_CURVE('',#3026,#3027,#1149,.T.);
#3935=EDGE_CURVE('',#3026,#3028,#361,.T.);
#3936=EDGE_CURVE('',#3029,#3027,#362,.T.);
#3937=EDGE_CURVE('',#3028,#3029,#1150,.T.);
#3938=EDGE_CURVE('',#3028,#3030,#363,.T.);
#3939=EDGE_CURVE('',#3031,#3029,#364,.T.);
#3940=EDGE_CURVE('',#3030,#3031,#1151,.T.);
#3941=EDGE_CURVE('',#3030,#3032,#365,.T.);
#3942=EDGE_CURVE('',#3033,#3031,#366,.T.);
#3943=EDGE_CURVE('',#3032,#3033,#1152,.T.);
#3944=EDGE_CURVE('',#3032,#3034,#367,.T.);
#3945=EDGE_CURVE('',#3035,#3033,#368,.T.);
#3946=EDGE_CURVE('',#3034,#3035,#1153,.T.);
#3947=EDGE_CURVE('',#3034,#3036,#369,.T.);
#3948=EDGE_CURVE('',#3037,#3035,#370,.T.);
#3949=EDGE_CURVE('',#3036,#3037,#1154,.T.);
#3950=EDGE_CURVE('',#3036,#3038,#371,.T.);
#3951=EDGE_CURVE('',#3039,#3037,#372,.T.);
#3952=EDGE_CURVE('',#3038,#3039,#1155,.T.);
#3953=EDGE_CURVE('',#3038,#3040,#373,.T.);
#3954=EDGE_CURVE('',#3041,#3039,#374,.T.);
#3955=EDGE_CURVE('',#3040,#3041,#1156,.T.);
#3956=EDGE_CURVE('',#3040,#3042,#375,.T.);
#3957=EDGE_CURVE('',#3043,#3041,#376,.T.);
#3958=EDGE_CURVE('',#3042,#3043,#1157,.T.);
#3959=EDGE_CURVE('',#3042,#3044,#377,.T.);
#3960=EDGE_CURVE('',#3045,#3043,#378,.T.);
#3961=EDGE_CURVE('',#3044,#3045,#1158,.T.);
#3962=EDGE_CURVE('',#3044,#3046,#379,.T.);
#3963=EDGE_CURVE('',#3047,#3045,#380,.T.);
#3964=EDGE_CURVE('',#3046,#3047,#1159,.T.);
#3965=EDGE_CURVE('',#3046,#3048,#381,.T.);
#3966=EDGE_CURVE('',#3049,#3047,#382,.T.);
#3967=EDGE_CURVE('',#3048,#3049,#1160,.T.);
#3968=EDGE_CURVE('',#3048,#3050,#383,.T.);
#3969=EDGE_CURVE('',#3051,#3049,#384,.T.);
#3970=EDGE_CURVE('',#3050,#3051,#1161,.T.);
#3971=EDGE_CURVE('',#3050,#3052,#1162,.T.);
#3972=EDGE_CURVE('',#3053,#3051,#1163,.T.);
#3973=EDGE_CURVE('',#3052,#3053,#1164,.T.);
#3974=EDGE_CURVE('',#3052,#3054,#385,.T.);
#3975=EDGE_CURVE('',#3055,#3053,#386,.T.);
#3976=EDGE_CURVE('',#3054,#3055,#1165,.T.);
#3977=EDGE_CURVE('',#3054,#3056,#387,.T.);
#3978=EDGE_CURVE('',#3057,#3055,#388,.T.);
#3979=EDGE_CURVE('',#3056,#3057,#1166,.T.);
#3980=EDGE_CURVE('',#3056,#3058,#389,.T.);
#3981=EDGE_CURVE('',#3059,#3057,#390,.T.);
#3982=EDGE_CURVE('',#3058,#3059,#1167,.T.);
#3983=EDGE_CURVE('',#3058,#3060,#391,.T.);
#3984=EDGE_CURVE('',#3061,#3059,#392,.T.);
#3985=EDGE_CURVE('',#3060,#3061,#1168,.T.);
#3986=EDGE_CURVE('',#3060,#3062,#393,.T.);
#3987=EDGE_CURVE('',#3063,#3061,#394,.T.);
#3988=EDGE_CURVE('',#3062,#3063,#1169,.T.);
#3989=EDGE_CURVE('',#3062,#3064,#395,.T.);
#3990=EDGE_CURVE('',#3065,#3063,#396,.T.);
#3991=EDGE_CURVE('',#3064,#3065,#1170,.T.);
#3992=EDGE_CURVE('',#3064,#3066,#397,.T.);
#3993=EDGE_CURVE('',#3067,#3065,#398,.T.);
#3994=EDGE_CURVE('',#3066,#3067,#1171,.T.);
#3995=EDGE_CURVE('',#3066,#3068,#1172,.T.);
#3996=EDGE_CURVE('',#3069,#3067,#1173,.T.);
#3997=EDGE_CURVE('',#3068,#3069,#1174,.T.);
#3998=EDGE_CURVE('',#3068,#3070,#399,.T.);
#3999=EDGE_CURVE('',#3071,#3069,#400,.T.);
#4000=EDGE_CURVE('',#3070,#3071,#1175,.T.);
#4001=EDGE_CURVE('',#3070,#3072,#401,.T.);
#4002=EDGE_CURVE('',#3073,#3071,#402,.T.);
#4003=EDGE_CURVE('',#3072,#3073,#1176,.T.);
#4004=EDGE_CURVE('',#3072,#3074,#1177,.T.);
#4005=EDGE_CURVE('',#3075,#3073,#1178,.T.);
#4006=EDGE_CURVE('',#3074,#3075,#1179,.T.);
#4007=EDGE_CURVE('',#3074,#3022,#403,.T.);
#4008=EDGE_CURVE('',#3024,#3075,#404,.T.);
#4009=EDGE_CURVE('',#3076,#3077,#405,.T.);
#4010=EDGE_CURVE('',#3076,#3078,#1180,.T.);
#4011=EDGE_CURVE('',#3079,#3078,#406,.T.);
#4012=EDGE_CURVE('',#3077,#3079,#1181,.T.);
#4013=EDGE_CURVE('',#3077,#3080,#407,.T.);
#4014=EDGE_CURVE('',#3081,#3079,#408,.T.);
#4015=EDGE_CURVE('',#3080,#3081,#1182,.T.);
#4016=EDGE_CURVE('',#3080,#3082,#409,.T.);
#4017=EDGE_CURVE('',#3083,#3081,#410,.T.);
#4018=EDGE_CURVE('',#3082,#3083,#1183,.T.);
#4019=EDGE_CURVE('',#3082,#3084,#411,.T.);
#4020=EDGE_CURVE('',#3085,#3083,#412,.T.);
#4021=EDGE_CURVE('',#3084,#3085,#1184,.T.);
#4022=EDGE_CURVE('',#3084,#3086,#413,.T.);
#4023=EDGE_CURVE('',#3087,#3085,#414,.T.);
#4024=EDGE_CURVE('',#3086,#3087,#1185,.T.);
#4025=EDGE_CURVE('',#3086,#3088,#415,.T.);
#4026=EDGE_CURVE('',#3089,#3087,#416,.T.);
#4027=EDGE_CURVE('',#3088,#3089,#1186,.T.);
#4028=EDGE_CURVE('',#3088,#3090,#417,.T.);
#4029=EDGE_CURVE('',#3091,#3089,#418,.T.);
#4030=EDGE_CURVE('',#3090,#3091,#1187,.T.);
#4031=EDGE_CURVE('',#3090,#3092,#419,.T.);
#4032=EDGE_CURVE('',#3093,#3091,#420,.T.);
#4033=EDGE_CURVE('',#3092,#3093,#1188,.T.);
#4034=EDGE_CURVE('',#3092,#3094,#421,.T.);
#4035=EDGE_CURVE('',#3095,#3093,#422,.T.);
#4036=EDGE_CURVE('',#3094,#3095,#1189,.T.);
#4037=EDGE_CURVE('',#3094,#3076,#1190,.T.);
#4038=EDGE_CURVE('',#3078,#3095,#1191,.T.);
#4039=EDGE_CURVE('',#3096,#3097,#423,.T.);
#4040=EDGE_CURVE('',#3096,#3098,#1192,.T.);
#4041=EDGE_CURVE('',#3099,#3098,#424,.T.);
#4042=EDGE_CURVE('',#3097,#3099,#1193,.T.);
#4043=EDGE_CURVE('',#3097,#3100,#425,.T.);
#4044=EDGE_CURVE('',#3101,#3099,#426,.T.);
#4045=EDGE_CURVE('',#3100,#3101,#1194,.T.);
#4046=EDGE_CURVE('',#3100,#3102,#427,.T.);
#4047=EDGE_CURVE('',#3103,#3101,#428,.T.);
#4048=EDGE_CURVE('',#3102,#3103,#1195,.T.);
#4049=EDGE_CURVE('',#3102,#3104,#429,.T.);
#4050=EDGE_CURVE('',#3105,#3103,#430,.T.);
#4051=EDGE_CURVE('',#3104,#3105,#1196,.T.);
#4052=EDGE_CURVE('',#3104,#3106,#431,.T.);
#4053=EDGE_CURVE('',#3107,#3105,#432,.T.);
#4054=EDGE_CURVE('',#3106,#3107,#1197,.T.);
#4055=EDGE_CURVE('',#3106,#3108,#433,.T.);
#4056=EDGE_CURVE('',#3109,#3107,#434,.T.);
#4057=EDGE_CURVE('',#3108,#3109,#1198,.T.);
#4058=EDGE_CURVE('',#3108,#3110,#435,.T.);
#4059=EDGE_CURVE('',#3111,#3109,#436,.T.);
#4060=EDGE_CURVE('',#3110,#3111,#1199,.T.);
#4061=EDGE_CURVE('',#3110,#3112,#437,.T.);
#4062=EDGE_CURVE('',#3113,#3111,#438,.T.);
#4063=EDGE_CURVE('',#3112,#3113,#1200,.T.);
#4064=EDGE_CURVE('',#3112,#3114,#439,.T.);
#4065=EDGE_CURVE('',#3115,#3113,#440,.T.);
#4066=EDGE_CURVE('',#3114,#3115,#1201,.T.);
#4067=EDGE_CURVE('',#3114,#3116,#441,.T.);
#4068=EDGE_CURVE('',#3117,#3115,#442,.T.);
#4069=EDGE_CURVE('',#3116,#3117,#1202,.T.);
#4070=EDGE_CURVE('',#3116,#3118,#443,.T.);
#4071=EDGE_CURVE('',#3119,#3117,#444,.T.);
#4072=EDGE_CURVE('',#3118,#3119,#1203,.T.);
#4073=EDGE_CURVE('',#3118,#3120,#445,.T.);
#4074=EDGE_CURVE('',#3121,#3119,#446,.T.);
#4075=EDGE_CURVE('',#3120,#3121,#1204,.T.);
#4076=EDGE_CURVE('',#3120,#3122,#447,.T.);
#4077=EDGE_CURVE('',#3123,#3121,#448,.T.);
#4078=EDGE_CURVE('',#3122,#3123,#1205,.T.);
#4079=EDGE_CURVE('',#3122,#3124,#449,.T.);
#4080=EDGE_CURVE('',#3125,#3123,#450,.T.);
#4081=EDGE_CURVE('',#3124,#3125,#1206,.T.);
#4082=EDGE_CURVE('',#3124,#3126,#1207,.T.);
#4083=EDGE_CURVE('',#3127,#3125,#1208,.T.);
#4084=EDGE_CURVE('',#3126,#3127,#1209,.T.);
#4085=EDGE_CURVE('',#3126,#3128,#451,.T.);
#4086=EDGE_CURVE('',#3129,#3127,#452,.T.);
#4087=EDGE_CURVE('',#3128,#3129,#1210,.T.);
#4088=EDGE_CURVE('',#3128,#3130,#453,.T.);
#4089=EDGE_CURVE('',#3131,#3129,#454,.T.);
#4090=EDGE_CURVE('',#3130,#3131,#1211,.T.);
#4091=EDGE_CURVE('',#3130,#3132,#455,.T.);
#4092=EDGE_CURVE('',#3133,#3131,#456,.T.);
#4093=EDGE_CURVE('',#3132,#3133,#1212,.T.);
#4094=EDGE_CURVE('',#3132,#3134,#457,.T.);
#4095=EDGE_CURVE('',#3135,#3133,#458,.T.);
#4096=EDGE_CURVE('',#3134,#3135,#1213,.T.);
#4097=EDGE_CURVE('',#3134,#3136,#459,.T.);
#4098=EDGE_CURVE('',#3137,#3135,#460,.T.);
#4099=EDGE_CURVE('',#3136,#3137,#1214,.T.);
#4100=EDGE_CURVE('',#3136,#3138,#461,.T.);
#4101=EDGE_CURVE('',#3139,#3137,#462,.T.);
#4102=EDGE_CURVE('',#3138,#3139,#1215,.T.);
#4103=EDGE_CURVE('',#3138,#3140,#463,.T.);
#4104=EDGE_CURVE('',#3141,#3139,#464,.T.);
#4105=EDGE_CURVE('',#3140,#3141,#1216,.T.);
#4106=EDGE_CURVE('',#3140,#3142,#1217,.T.);
#4107=EDGE_CURVE('',#3143,#3141,#1218,.T.);
#4108=EDGE_CURVE('',#3142,#3143,#1219,.T.);
#4109=EDGE_CURVE('',#3142,#3144,#465,.T.);
#4110=EDGE_CURVE('',#3145,#3143,#466,.T.);
#4111=EDGE_CURVE('',#3144,#3145,#1220,.T.);
#4112=EDGE_CURVE('',#3144,#3146,#467,.T.);
#4113=EDGE_CURVE('',#3147,#3145,#468,.T.);
#4114=EDGE_CURVE('',#3146,#3147,#1221,.T.);
#4115=EDGE_CURVE('',#3146,#3148,#1222,.T.);
#4116=EDGE_CURVE('',#3149,#3147,#1223,.T.);
#4117=EDGE_CURVE('',#3148,#3149,#1224,.T.);
#4118=EDGE_CURVE('',#3148,#3096,#469,.T.);
#4119=EDGE_CURVE('',#3098,#3149,#470,.T.);
#4120=EDGE_CURVE('',#3150,#3151,#1225,.T.);
#4121=EDGE_CURVE('',#3150,#3152,#1226,.T.);
#4122=EDGE_CURVE('',#3153,#3152,#1227,.T.);
#4123=EDGE_CURVE('',#3151,#3153,#1228,.T.);
#4124=EDGE_CURVE('',#3151,#3154,#1229,.T.);
#4125=EDGE_CURVE('',#3155,#3153,#1230,.T.);
#4126=EDGE_CURVE('',#3154,#3155,#1231,.T.);
#4127=EDGE_CURVE('',#3154,#3156,#1232,.T.);
#4128=EDGE_CURVE('',#3157,#3155,#1233,.T.);
#4129=EDGE_CURVE('',#3156,#3157,#1234,.T.);
#4130=EDGE_CURVE('',#3156,#3158,#471,.T.);
#4131=EDGE_CURVE('',#3159,#3157,#472,.T.);
#4132=EDGE_CURVE('',#3158,#3159,#1235,.T.);
#4133=EDGE_CURVE('',#3158,#3160,#473,.T.);
#4134=EDGE_CURVE('',#3161,#3159,#474,.T.);
#4135=EDGE_CURVE('',#3160,#3161,#1236,.T.);
#4136=EDGE_CURVE('',#3160,#3162,#475,.T.);
#4137=EDGE_CURVE('',#3163,#3161,#476,.T.);
#4138=EDGE_CURVE('',#3162,#3163,#1237,.T.);
#4139=EDGE_CURVE('',#3162,#3164,#477,.T.);
#4140=EDGE_CURVE('',#3165,#3163,#478,.T.);
#4141=EDGE_CURVE('',#3164,#3165,#1238,.T.);
#4142=EDGE_CURVE('',#3164,#3166,#1239,.T.);
#4143=EDGE_CURVE('',#3167,#3165,#1240,.T.);
#4144=EDGE_CURVE('',#3166,#3167,#1241,.T.);
#4145=EDGE_CURVE('',#3166,#3168,#1242,.T.);
#4146=EDGE_CURVE('',#3169,#3167,#1243,.T.);
#4147=EDGE_CURVE('',#3168,#3169,#1244,.T.);
#4148=EDGE_CURVE('',#3168,#3170,#1245,.T.);
#4149=EDGE_CURVE('',#3171,#3169,#1246,.T.);
#4150=EDGE_CURVE('',#3170,#3171,#1247,.T.);
#4151=EDGE_CURVE('',#3170,#3172,#479,.T.);
#4152=EDGE_CURVE('',#3173,#3171,#480,.T.);
#4153=EDGE_CURVE('',#3172,#3173,#1248,.T.);
#4154=EDGE_CURVE('',#3172,#3174,#481,.T.);
#4155=EDGE_CURVE('',#3175,#3173,#482,.T.);
#4156=EDGE_CURVE('',#3174,#3175,#1249,.T.);
#4157=EDGE_CURVE('',#3174,#3176,#483,.T.);
#4158=EDGE_CURVE('',#3177,#3175,#484,.T.);
#4159=EDGE_CURVE('',#3176,#3177,#1250,.T.);
#4160=EDGE_CURVE('',#3176,#3178,#485,.T.);
#4161=EDGE_CURVE('',#3179,#3177,#486,.T.);
#4162=EDGE_CURVE('',#3178,#3179,#1251,.T.);
#4163=EDGE_CURVE('',#3178,#3180,#487,.T.);
#4164=EDGE_CURVE('',#3181,#3179,#488,.T.);
#4165=EDGE_CURVE('',#3180,#3181,#1252,.T.);
#4166=EDGE_CURVE('',#3180,#3182,#1253,.T.);
#4167=EDGE_CURVE('',#3183,#3181,#1254,.T.);
#4168=EDGE_CURVE('',#3182,#3183,#1255,.T.);
#4169=EDGE_CURVE('',#3182,#3150,#1256,.T.);
#4170=EDGE_CURVE('',#3152,#3183,#1257,.T.);
#4171=ORIENTED_EDGE('',*,*,#3184,.F.);
#4172=ORIENTED_EDGE('',*,*,#3185,.F.);
#4173=ORIENTED_EDGE('',*,*,#3186,.F.);
#4174=ORIENTED_EDGE('',*,*,#3187,.T.);
#4175=ORIENTED_EDGE('',*,*,#3184,.T.);
#4176=ORIENTED_EDGE('',*,*,#3187,.F.);
#4177=ORIENTED_EDGE('',*,*,#3188,.F.);
#4178=ORIENTED_EDGE('',*,*,#3189,.T.);
#4179=ORIENTED_EDGE('',*,*,#3190,.T.);
#4180=ORIENTED_EDGE('',*,*,#3191,.T.);
#4181=ORIENTED_EDGE('',*,*,#3189,.F.);
#4182=ORIENTED_EDGE('',*,*,#3192,.T.);
#4183=ORIENTED_EDGE('',*,*,#3193,.F.);
#4184=ORIENTED_EDGE('',*,*,#3194,.F.);
#4185=ORIENTED_EDGE('',*,*,#3195,.F.);
#4186=ORIENTED_EDGE('',*,*,#3196,.T.);
#4187=ORIENTED_EDGE('',*,*,#3197,.T.);
#4188=ORIENTED_EDGE('',*,*,#3193,.T.);
#4189=ORIENTED_EDGE('',*,*,#3196,.F.);
#4190=ORIENTED_EDGE('',*,*,#3198,.T.);
#4191=ORIENTED_EDGE('',*,*,#3199,.F.);
#4192=ORIENTED_EDGE('',*,*,#3200,.F.);
#4193=ORIENTED_EDGE('',*,*,#3201,.F.);
#4194=ORIENTED_EDGE('',*,*,#3202,.T.);
#4195=ORIENTED_EDGE('',*,*,#3203,.T.);
#4196=ORIENTED_EDGE('',*,*,#3199,.T.);
#4197=ORIENTED_EDGE('',*,*,#3202,.F.);
#4198=ORIENTED_EDGE('',*,*,#3204,.T.);
#4199=ORIENTED_EDGE('',*,*,#3205,.F.);
#4200=ORIENTED_EDGE('',*,*,#3206,.F.);
#4201=ORIENTED_EDGE('',*,*,#3207,.F.);
#4202=ORIENTED_EDGE('',*,*,#3208,.T.);
#4203=ORIENTED_EDGE('',*,*,#3209,.T.);
#4204=ORIENTED_EDGE('',*,*,#3205,.T.);
#4205=ORIENTED_EDGE('',*,*,#3188,.T.);
#4206=ORIENTED_EDGE('',*,*,#3210,.F.);
#4207=ORIENTED_EDGE('',*,*,#3207,.T.);
#4208=ORIENTED_EDGE('',*,*,#3204,.F.);
#4209=ORIENTED_EDGE('',*,*,#3201,.T.);
#4210=ORIENTED_EDGE('',*,*,#3198,.F.);
#4211=ORIENTED_EDGE('',*,*,#3195,.T.);
#4212=ORIENTED_EDGE('',*,*,#3192,.F.);
#4213=ORIENTED_EDGE('',*,*,#3211,.F.);
#4214=ORIENTED_EDGE('',*,*,#3212,.T.);
#4215=ORIENTED_EDGE('',*,*,#3213,.T.);
#4216=ORIENTED_EDGE('',*,*,#3214,.T.);
#4217=ORIENTED_EDGE('',*,*,#3212,.F.);
#4218=ORIENTED_EDGE('',*,*,#3215,.T.);
#4219=ORIENTED_EDGE('',*,*,#3216,.F.);
#4220=ORIENTED_EDGE('',*,*,#3217,.F.);
#4221=ORIENTED_EDGE('',*,*,#3218,.F.);
#4222=ORIENTED_EDGE('',*,*,#3219,.T.);
#4223=ORIENTED_EDGE('',*,*,#3220,.T.);
#4224=ORIENTED_EDGE('',*,*,#3216,.T.);
#4225=ORIENTED_EDGE('',*,*,#3219,.F.);
#4226=ORIENTED_EDGE('',*,*,#3221,.T.);
#4227=ORIENTED_EDGE('',*,*,#3222,.F.);
#4228=ORIENTED_EDGE('',*,*,#3223,.F.);
#4229=ORIENTED_EDGE('',*,*,#3224,.F.);
#4230=ORIENTED_EDGE('',*,*,#3225,.T.);
#4231=ORIENTED_EDGE('',*,*,#3226,.T.);
#4232=ORIENTED_EDGE('',*,*,#3222,.T.);
#4233=ORIENTED_EDGE('',*,*,#3225,.F.);
#4234=ORIENTED_EDGE('',*,*,#3227,.T.);
#4235=ORIENTED_EDGE('',*,*,#3228,.F.);
#4236=ORIENTED_EDGE('',*,*,#3229,.F.);
#4237=ORIENTED_EDGE('',*,*,#3230,.F.);
#4238=ORIENTED_EDGE('',*,*,#3231,.T.);
#4239=ORIENTED_EDGE('',*,*,#3232,.T.);
#4240=ORIENTED_EDGE('',*,*,#3228,.T.);
#4241=ORIENTED_EDGE('',*,*,#3211,.T.);
#4242=ORIENTED_EDGE('',*,*,#3233,.F.);
#4243=ORIENTED_EDGE('',*,*,#3230,.T.);
#4244=ORIENTED_EDGE('',*,*,#3227,.F.);
#4245=ORIENTED_EDGE('',*,*,#3224,.T.);
#4246=ORIENTED_EDGE('',*,*,#3221,.F.);
#4247=ORIENTED_EDGE('',*,*,#3218,.T.);
#4248=ORIENTED_EDGE('',*,*,#3215,.F.);
#4249=ORIENTED_EDGE('',*,*,#3214,.F.);
#4250=ORIENTED_EDGE('',*,*,#3234,.F.);
#4251=ORIENTED_EDGE('',*,*,#3231,.F.);
#4252=ORIENTED_EDGE('',*,*,#3233,.T.);
#4253=ORIENTED_EDGE('',*,*,#3191,.F.);
#4254=ORIENTED_EDGE('',*,*,#3235,.F.);
#4255=ORIENTED_EDGE('',*,*,#3208,.F.);
#4256=ORIENTED_EDGE('',*,*,#3210,.T.);
#4257=ORIENTED_EDGE('',*,*,#3236,.F.);
#4258=ORIENTED_EDGE('',*,*,#3237,.T.);
#4259=ORIENTED_EDGE('',*,*,#3185,.T.);
#4260=ORIENTED_EDGE('',*,*,#3237,.F.);
#4261=ORIENTED_EDGE('',*,*,#3238,.F.);
#4262=ORIENTED_EDGE('',*,*,#3239,.T.);
#4263=ORIENTED_EDGE('',*,*,#3240,.F.);
#4264=ORIENTED_EDGE('',*,*,#3239,.F.);
#4265=ORIENTED_EDGE('',*,*,#3241,.F.);
#4266=ORIENTED_EDGE('',*,*,#3242,.F.);
#4267=ORIENTED_EDGE('',*,*,#3243,.T.);
#4268=ORIENTED_EDGE('',*,*,#3244,.T.);
#4269=ORIENTED_EDGE('',*,*,#3245,.F.);
#4270=ORIENTED_EDGE('',*,*,#3246,.F.);
#4271=ORIENTED_EDGE('',*,*,#3247,.T.);
#4272=ORIENTED_EDGE('',*,*,#3242,.T.);
#4273=ORIENTED_EDGE('',*,*,#3186,.T.);
#4274=ORIENTED_EDGE('',*,*,#3229,.T.);
#4275=ORIENTED_EDGE('',*,*,#3232,.F.);
#4276=ORIENTED_EDGE('',*,*,#3234,.T.);
#4277=ORIENTED_EDGE('',*,*,#3213,.F.);
#4278=ORIENTED_EDGE('',*,*,#3217,.T.);
#4279=ORIENTED_EDGE('',*,*,#3220,.F.);
#4280=ORIENTED_EDGE('',*,*,#3223,.T.);
#4281=ORIENTED_EDGE('',*,*,#3226,.F.);
#4282=ORIENTED_EDGE('',*,*,#3206,.T.);
#4283=ORIENTED_EDGE('',*,*,#3209,.F.);
#4284=ORIENTED_EDGE('',*,*,#3235,.T.);
#4285=ORIENTED_EDGE('',*,*,#3190,.F.);
#4286=ORIENTED_EDGE('',*,*,#3194,.T.);
#4287=ORIENTED_EDGE('',*,*,#3197,.F.);
#4288=ORIENTED_EDGE('',*,*,#3200,.T.);
#4289=ORIENTED_EDGE('',*,*,#3203,.F.);
#4290=ORIENTED_EDGE('',*,*,#3238,.T.);
#4291=ORIENTED_EDGE('',*,*,#3248,.F.);
#4292=ORIENTED_EDGE('',*,*,#3249,.F.);
#4293=ORIENTED_EDGE('',*,*,#3250,.T.);
#4294=ORIENTED_EDGE('',*,*,#3246,.T.);
#4295=ORIENTED_EDGE('',*,*,#3251,.F.);
#4296=ORIENTED_EDGE('',*,*,#3252,.F.);
#4297=ORIENTED_EDGE('',*,*,#3253,.T.);
#4298=ORIENTED_EDGE('',*,*,#3249,.T.);
#4299=ORIENTED_EDGE('',*,*,#3254,.F.);
#4300=ORIENTED_EDGE('',*,*,#3255,.F.);
#4301=ORIENTED_EDGE('',*,*,#3256,.T.);
#4302=ORIENTED_EDGE('',*,*,#3252,.T.);
#4303=ORIENTED_EDGE('',*,*,#3257,.F.);
#4304=ORIENTED_EDGE('',*,*,#3258,.F.);
#4305=ORIENTED_EDGE('',*,*,#3259,.T.);
#4306=ORIENTED_EDGE('',*,*,#3255,.T.);
#4307=ORIENTED_EDGE('',*,*,#3236,.T.);
#4308=ORIENTED_EDGE('',*,*,#3240,.T.);
#4309=ORIENTED_EDGE('',*,*,#3260,.F.);
#4310=ORIENTED_EDGE('',*,*,#3261,.F.);
#4311=ORIENTED_EDGE('',*,*,#3262,.T.);
#4312=ORIENTED_EDGE('',*,*,#3258,.T.);
#4313=ORIENTED_EDGE('',*,*,#3263,.F.);
#4314=ORIENTED_EDGE('',*,*,#3244,.F.);
#4315=ORIENTED_EDGE('',*,*,#3264,.T.);
#4316=ORIENTED_EDGE('',*,*,#3261,.T.);
#4317=ORIENTED_EDGE('',*,*,#3250,.F.);
#4318=ORIENTED_EDGE('',*,*,#3253,.F.);
#4319=ORIENTED_EDGE('',*,*,#3256,.F.);
#4320=ORIENTED_EDGE('',*,*,#3259,.F.);
#4321=ORIENTED_EDGE('',*,*,#3262,.F.);
#4322=ORIENTED_EDGE('',*,*,#3264,.F.);
#4323=ORIENTED_EDGE('',*,*,#3243,.F.);
#4324=ORIENTED_EDGE('',*,*,#3247,.F.);
#4325=ORIENTED_EDGE('',*,*,#3251,.T.);
#4326=ORIENTED_EDGE('',*,*,#3248,.T.);
#4327=ORIENTED_EDGE('',*,*,#3245,.T.);
#4328=ORIENTED_EDGE('',*,*,#3241,.T.);
#4329=ORIENTED_EDGE('',*,*,#3263,.T.);
#4330=ORIENTED_EDGE('',*,*,#3260,.T.);
#4331=ORIENTED_EDGE('',*,*,#3257,.T.);
#4332=ORIENTED_EDGE('',*,*,#3254,.T.);
#4333=ORIENTED_EDGE('',*,*,#3265,.F.);
#4334=ORIENTED_EDGE('',*,*,#3266,.T.);
#4335=ORIENTED_EDGE('',*,*,#3267,.F.);
#4336=ORIENTED_EDGE('',*,*,#3268,.F.);
#4337=ORIENTED_EDGE('',*,*,#3269,.F.);
#4338=ORIENTED_EDGE('',*,*,#3268,.T.);
#4339=ORIENTED_EDGE('',*,*,#3270,.F.);
#4340=ORIENTED_EDGE('',*,*,#3271,.F.);
#4341=ORIENTED_EDGE('',*,*,#3272,.F.);
#4342=ORIENTED_EDGE('',*,*,#3271,.T.);
#4343=ORIENTED_EDGE('',*,*,#3273,.F.);
#4344=ORIENTED_EDGE('',*,*,#3274,.F.);
#4345=ORIENTED_EDGE('',*,*,#3275,.F.);
#4346=ORIENTED_EDGE('',*,*,#3274,.T.);
#4347=ORIENTED_EDGE('',*,*,#3276,.F.);
#4348=ORIENTED_EDGE('',*,*,#3277,.F.);
#4349=ORIENTED_EDGE('',*,*,#3278,.F.);
#4350=ORIENTED_EDGE('',*,*,#3277,.T.);
#4351=ORIENTED_EDGE('',*,*,#3279,.F.);
#4352=ORIENTED_EDGE('',*,*,#3280,.F.);
#4353=ORIENTED_EDGE('',*,*,#3281,.F.);
#4354=ORIENTED_EDGE('',*,*,#3280,.T.);
#4355=ORIENTED_EDGE('',*,*,#3282,.F.);
#4356=ORIENTED_EDGE('',*,*,#3283,.F.);
#4357=ORIENTED_EDGE('',*,*,#3284,.F.);
#4358=ORIENTED_EDGE('',*,*,#3283,.T.);
#4359=ORIENTED_EDGE('',*,*,#3285,.F.);
#4360=ORIENTED_EDGE('',*,*,#3286,.F.);
#4361=ORIENTED_EDGE('',*,*,#3287,.F.);
#4362=ORIENTED_EDGE('',*,*,#3286,.T.);
#4363=ORIENTED_EDGE('',*,*,#3288,.F.);
#4364=ORIENTED_EDGE('',*,*,#3289,.F.);
#4365=ORIENTED_EDGE('',*,*,#3290,.F.);
#4366=ORIENTED_EDGE('',*,*,#3289,.T.);
#4367=ORIENTED_EDGE('',*,*,#3291,.F.);
#4368=ORIENTED_EDGE('',*,*,#3292,.F.);
#4369=ORIENTED_EDGE('',*,*,#3293,.F.);
#4370=ORIENTED_EDGE('',*,*,#3292,.T.);
#4371=ORIENTED_EDGE('',*,*,#3294,.F.);
#4372=ORIENTED_EDGE('',*,*,#3295,.F.);
#4373=ORIENTED_EDGE('',*,*,#3296,.F.);
#4374=ORIENTED_EDGE('',*,*,#3295,.T.);
#4375=ORIENTED_EDGE('',*,*,#3297,.F.);
#4376=ORIENTED_EDGE('',*,*,#3298,.F.);
#4377=ORIENTED_EDGE('',*,*,#3299,.F.);
#4378=ORIENTED_EDGE('',*,*,#3298,.T.);
#4379=ORIENTED_EDGE('',*,*,#3300,.F.);
#4380=ORIENTED_EDGE('',*,*,#3301,.F.);
#4381=ORIENTED_EDGE('',*,*,#3302,.F.);
#4382=ORIENTED_EDGE('',*,*,#3301,.T.);
#4383=ORIENTED_EDGE('',*,*,#3303,.F.);
#4384=ORIENTED_EDGE('',*,*,#3304,.F.);
#4385=ORIENTED_EDGE('',*,*,#3305,.F.);
#4386=ORIENTED_EDGE('',*,*,#3304,.T.);
#4387=ORIENTED_EDGE('',*,*,#3306,.F.);
#4388=ORIENTED_EDGE('',*,*,#3307,.F.);
#4389=ORIENTED_EDGE('',*,*,#3308,.F.);
#4390=ORIENTED_EDGE('',*,*,#3307,.T.);
#4391=ORIENTED_EDGE('',*,*,#3309,.F.);
#4392=ORIENTED_EDGE('',*,*,#3310,.F.);
#4393=ORIENTED_EDGE('',*,*,#3311,.F.);
#4394=ORIENTED_EDGE('',*,*,#3310,.T.);
#4395=ORIENTED_EDGE('',*,*,#3312,.F.);
#4396=ORIENTED_EDGE('',*,*,#3313,.F.);
#4397=ORIENTED_EDGE('',*,*,#3314,.F.);
#4398=ORIENTED_EDGE('',*,*,#3313,.T.);
#4399=ORIENTED_EDGE('',*,*,#3315,.F.);
#4400=ORIENTED_EDGE('',*,*,#3316,.F.);
#4401=ORIENTED_EDGE('',*,*,#3317,.F.);
#4402=ORIENTED_EDGE('',*,*,#3316,.T.);
#4403=ORIENTED_EDGE('',*,*,#3318,.F.);
#4404=ORIENTED_EDGE('',*,*,#3319,.F.);
#4405=ORIENTED_EDGE('',*,*,#3320,.F.);
#4406=ORIENTED_EDGE('',*,*,#3319,.T.);
#4407=ORIENTED_EDGE('',*,*,#3321,.F.);
#4408=ORIENTED_EDGE('',*,*,#3322,.F.);
#4409=ORIENTED_EDGE('',*,*,#3323,.F.);
#4410=ORIENTED_EDGE('',*,*,#3322,.T.);
#4411=ORIENTED_EDGE('',*,*,#3324,.F.);
#4412=ORIENTED_EDGE('',*,*,#3325,.F.);
#4413=ORIENTED_EDGE('',*,*,#3326,.F.);
#4414=ORIENTED_EDGE('',*,*,#3325,.T.);
#4415=ORIENTED_EDGE('',*,*,#3327,.F.);
#4416=ORIENTED_EDGE('',*,*,#3328,.F.);
#4417=ORIENTED_EDGE('',*,*,#3329,.F.);
#4418=ORIENTED_EDGE('',*,*,#3328,.T.);
#4419=ORIENTED_EDGE('',*,*,#3330,.F.);
#4420=ORIENTED_EDGE('',*,*,#3331,.F.);
#4421=ORIENTED_EDGE('',*,*,#3332,.F.);
#4422=ORIENTED_EDGE('',*,*,#3331,.T.);
#4423=ORIENTED_EDGE('',*,*,#3333,.F.);
#4424=ORIENTED_EDGE('',*,*,#3334,.F.);
#4425=ORIENTED_EDGE('',*,*,#3335,.F.);
#4426=ORIENTED_EDGE('',*,*,#3334,.T.);
#4427=ORIENTED_EDGE('',*,*,#3336,.F.);
#4428=ORIENTED_EDGE('',*,*,#3337,.F.);
#4429=ORIENTED_EDGE('',*,*,#3338,.F.);
#4430=ORIENTED_EDGE('',*,*,#3337,.T.);
#4431=ORIENTED_EDGE('',*,*,#3339,.F.);
#4432=ORIENTED_EDGE('',*,*,#3340,.F.);
#4433=ORIENTED_EDGE('',*,*,#3341,.F.);
#4434=ORIENTED_EDGE('',*,*,#3340,.T.);
#4435=ORIENTED_EDGE('',*,*,#3342,.F.);
#4436=ORIENTED_EDGE('',*,*,#3343,.F.);
#4437=ORIENTED_EDGE('',*,*,#3344,.F.);
#4438=ORIENTED_EDGE('',*,*,#3343,.T.);
#4439=ORIENTED_EDGE('',*,*,#3345,.F.);
#4440=ORIENTED_EDGE('',*,*,#3346,.F.);
#4441=ORIENTED_EDGE('',*,*,#3347,.F.);
#4442=ORIENTED_EDGE('',*,*,#3346,.T.);
#4443=ORIENTED_EDGE('',*,*,#3348,.F.);
#4444=ORIENTED_EDGE('',*,*,#3349,.F.);
#4445=ORIENTED_EDGE('',*,*,#3350,.F.);
#4446=ORIENTED_EDGE('',*,*,#3349,.T.);
#4447=ORIENTED_EDGE('',*,*,#3351,.F.);
#4448=ORIENTED_EDGE('',*,*,#3266,.F.);
#4449=ORIENTED_EDGE('',*,*,#3351,.T.);
#4450=ORIENTED_EDGE('',*,*,#3348,.T.);
#4451=ORIENTED_EDGE('',*,*,#3345,.T.);
#4452=ORIENTED_EDGE('',*,*,#3342,.T.);
#4453=ORIENTED_EDGE('',*,*,#3339,.T.);
#4454=ORIENTED_EDGE('',*,*,#3336,.T.);
#4455=ORIENTED_EDGE('',*,*,#3333,.T.);
#4456=ORIENTED_EDGE('',*,*,#3330,.T.);
#4457=ORIENTED_EDGE('',*,*,#3327,.T.);
#4458=ORIENTED_EDGE('',*,*,#3324,.T.);
#4459=ORIENTED_EDGE('',*,*,#3321,.T.);
#4460=ORIENTED_EDGE('',*,*,#3318,.T.);
#4461=ORIENTED_EDGE('',*,*,#3315,.T.);
#4462=ORIENTED_EDGE('',*,*,#3312,.T.);
#4463=ORIENTED_EDGE('',*,*,#3309,.T.);
#4464=ORIENTED_EDGE('',*,*,#3306,.T.);
#4465=ORIENTED_EDGE('',*,*,#3303,.T.);
#4466=ORIENTED_EDGE('',*,*,#3300,.T.);
#4467=ORIENTED_EDGE('',*,*,#3297,.T.);
#4468=ORIENTED_EDGE('',*,*,#3294,.T.);
#4469=ORIENTED_EDGE('',*,*,#3291,.T.);
#4470=ORIENTED_EDGE('',*,*,#3288,.T.);
#4471=ORIENTED_EDGE('',*,*,#3285,.T.);
#4472=ORIENTED_EDGE('',*,*,#3282,.T.);
#4473=ORIENTED_EDGE('',*,*,#3279,.T.);
#4474=ORIENTED_EDGE('',*,*,#3276,.T.);
#4475=ORIENTED_EDGE('',*,*,#3273,.T.);
#4476=ORIENTED_EDGE('',*,*,#3270,.T.);
#4477=ORIENTED_EDGE('',*,*,#3267,.T.);
#4478=ORIENTED_EDGE('',*,*,#3350,.T.);
#4479=ORIENTED_EDGE('',*,*,#3265,.T.);
#4480=ORIENTED_EDGE('',*,*,#3269,.T.);
#4481=ORIENTED_EDGE('',*,*,#3272,.T.);
#4482=ORIENTED_EDGE('',*,*,#3275,.T.);
#4483=ORIENTED_EDGE('',*,*,#3278,.T.);
#4484=ORIENTED_EDGE('',*,*,#3281,.T.);
#4485=ORIENTED_EDGE('',*,*,#3284,.T.);
#4486=ORIENTED_EDGE('',*,*,#3287,.T.);
#4487=ORIENTED_EDGE('',*,*,#3290,.T.);
#4488=ORIENTED_EDGE('',*,*,#3293,.T.);
#4489=ORIENTED_EDGE('',*,*,#3296,.T.);
#4490=ORIENTED_EDGE('',*,*,#3299,.T.);
#4491=ORIENTED_EDGE('',*,*,#3302,.T.);
#4492=ORIENTED_EDGE('',*,*,#3305,.T.);
#4493=ORIENTED_EDGE('',*,*,#3308,.T.);
#4494=ORIENTED_EDGE('',*,*,#3311,.T.);
#4495=ORIENTED_EDGE('',*,*,#3314,.T.);
#4496=ORIENTED_EDGE('',*,*,#3317,.T.);
#4497=ORIENTED_EDGE('',*,*,#3320,.T.);
#4498=ORIENTED_EDGE('',*,*,#3323,.T.);
#4499=ORIENTED_EDGE('',*,*,#3326,.T.);
#4500=ORIENTED_EDGE('',*,*,#3329,.T.);
#4501=ORIENTED_EDGE('',*,*,#3332,.T.);
#4502=ORIENTED_EDGE('',*,*,#3335,.T.);
#4503=ORIENTED_EDGE('',*,*,#3338,.T.);
#4504=ORIENTED_EDGE('',*,*,#3341,.T.);
#4505=ORIENTED_EDGE('',*,*,#3344,.T.);
#4506=ORIENTED_EDGE('',*,*,#3347,.T.);
#4507=ORIENTED_EDGE('',*,*,#3352,.F.);
#4508=ORIENTED_EDGE('',*,*,#3353,.T.);
#4509=ORIENTED_EDGE('',*,*,#3354,.F.);
#4510=ORIENTED_EDGE('',*,*,#3355,.F.);
#4511=ORIENTED_EDGE('',*,*,#3356,.F.);
#4512=ORIENTED_EDGE('',*,*,#3355,.T.);
#4513=ORIENTED_EDGE('',*,*,#3357,.F.);
#4514=ORIENTED_EDGE('',*,*,#3358,.F.);
#4515=ORIENTED_EDGE('',*,*,#3359,.F.);
#4516=ORIENTED_EDGE('',*,*,#3358,.T.);
#4517=ORIENTED_EDGE('',*,*,#3360,.F.);
#4518=ORIENTED_EDGE('',*,*,#3361,.F.);
#4519=ORIENTED_EDGE('',*,*,#3362,.F.);
#4520=ORIENTED_EDGE('',*,*,#3361,.T.);
#4521=ORIENTED_EDGE('',*,*,#3363,.F.);
#4522=ORIENTED_EDGE('',*,*,#3364,.F.);
#4523=ORIENTED_EDGE('',*,*,#3365,.F.);
#4524=ORIENTED_EDGE('',*,*,#3364,.T.);
#4525=ORIENTED_EDGE('',*,*,#3366,.F.);
#4526=ORIENTED_EDGE('',*,*,#3367,.F.);
#4527=ORIENTED_EDGE('',*,*,#3368,.F.);
#4528=ORIENTED_EDGE('',*,*,#3367,.T.);
#4529=ORIENTED_EDGE('',*,*,#3369,.F.);
#4530=ORIENTED_EDGE('',*,*,#3370,.F.);
#4531=ORIENTED_EDGE('',*,*,#3371,.F.);
#4532=ORIENTED_EDGE('',*,*,#3370,.T.);
#4533=ORIENTED_EDGE('',*,*,#3372,.F.);
#4534=ORIENTED_EDGE('',*,*,#3373,.F.);
#4535=ORIENTED_EDGE('',*,*,#3374,.F.);
#4536=ORIENTED_EDGE('',*,*,#3373,.T.);
#4537=ORIENTED_EDGE('',*,*,#3375,.F.);
#4538=ORIENTED_EDGE('',*,*,#3376,.F.);
#4539=ORIENTED_EDGE('',*,*,#3377,.F.);
#4540=ORIENTED_EDGE('',*,*,#3376,.T.);
#4541=ORIENTED_EDGE('',*,*,#3378,.F.);
#4542=ORIENTED_EDGE('',*,*,#3379,.F.);
#4543=ORIENTED_EDGE('',*,*,#3380,.F.);
#4544=ORIENTED_EDGE('',*,*,#3379,.T.);
#4545=ORIENTED_EDGE('',*,*,#3381,.F.);
#4546=ORIENTED_EDGE('',*,*,#3382,.F.);
#4547=ORIENTED_EDGE('',*,*,#3383,.F.);
#4548=ORIENTED_EDGE('',*,*,#3382,.T.);
#4549=ORIENTED_EDGE('',*,*,#3384,.F.);
#4550=ORIENTED_EDGE('',*,*,#3385,.F.);
#4551=ORIENTED_EDGE('',*,*,#3386,.F.);
#4552=ORIENTED_EDGE('',*,*,#3385,.T.);
#4553=ORIENTED_EDGE('',*,*,#3387,.F.);
#4554=ORIENTED_EDGE('',*,*,#3388,.F.);
#4555=ORIENTED_EDGE('',*,*,#3389,.F.);
#4556=ORIENTED_EDGE('',*,*,#3388,.T.);
#4557=ORIENTED_EDGE('',*,*,#3390,.F.);
#4558=ORIENTED_EDGE('',*,*,#3353,.F.);
#4559=ORIENTED_EDGE('',*,*,#3390,.T.);
#4560=ORIENTED_EDGE('',*,*,#3387,.T.);
#4561=ORIENTED_EDGE('',*,*,#3384,.T.);
#4562=ORIENTED_EDGE('',*,*,#3381,.T.);
#4563=ORIENTED_EDGE('',*,*,#3378,.T.);
#4564=ORIENTED_EDGE('',*,*,#3375,.T.);
#4565=ORIENTED_EDGE('',*,*,#3372,.T.);
#4566=ORIENTED_EDGE('',*,*,#3369,.T.);
#4567=ORIENTED_EDGE('',*,*,#3366,.T.);
#4568=ORIENTED_EDGE('',*,*,#3363,.T.);
#4569=ORIENTED_EDGE('',*,*,#3360,.T.);
#4570=ORIENTED_EDGE('',*,*,#3357,.T.);
#4571=ORIENTED_EDGE('',*,*,#3354,.T.);
#4572=ORIENTED_EDGE('',*,*,#3389,.T.);
#4573=ORIENTED_EDGE('',*,*,#3352,.T.);
#4574=ORIENTED_EDGE('',*,*,#3356,.T.);
#4575=ORIENTED_EDGE('',*,*,#3359,.T.);
#4576=ORIENTED_EDGE('',*,*,#3362,.T.);
#4577=ORIENTED_EDGE('',*,*,#3365,.T.);
#4578=ORIENTED_EDGE('',*,*,#3368,.T.);
#4579=ORIENTED_EDGE('',*,*,#3371,.T.);
#4580=ORIENTED_EDGE('',*,*,#3374,.T.);
#4581=ORIENTED_EDGE('',*,*,#3377,.T.);
#4582=ORIENTED_EDGE('',*,*,#3380,.T.);
#4583=ORIENTED_EDGE('',*,*,#3383,.T.);
#4584=ORIENTED_EDGE('',*,*,#3386,.T.);
#4585=ORIENTED_EDGE('',*,*,#3391,.F.);
#4586=ORIENTED_EDGE('',*,*,#3392,.T.);
#4587=ORIENTED_EDGE('',*,*,#3393,.F.);
#4588=ORIENTED_EDGE('',*,*,#3394,.F.);
#4589=ORIENTED_EDGE('',*,*,#3395,.F.);
#4590=ORIENTED_EDGE('',*,*,#3394,.T.);
#4591=ORIENTED_EDGE('',*,*,#3396,.F.);
#4592=ORIENTED_EDGE('',*,*,#3397,.F.);
#4593=ORIENTED_EDGE('',*,*,#3398,.F.);
#4594=ORIENTED_EDGE('',*,*,#3397,.T.);
#4595=ORIENTED_EDGE('',*,*,#3399,.F.);
#4596=ORIENTED_EDGE('',*,*,#3400,.F.);
#4597=ORIENTED_EDGE('',*,*,#3401,.F.);
#4598=ORIENTED_EDGE('',*,*,#3400,.T.);
#4599=ORIENTED_EDGE('',*,*,#3402,.F.);
#4600=ORIENTED_EDGE('',*,*,#3403,.F.);
#4601=ORIENTED_EDGE('',*,*,#3404,.F.);
#4602=ORIENTED_EDGE('',*,*,#3403,.T.);
#4603=ORIENTED_EDGE('',*,*,#3405,.F.);
#4604=ORIENTED_EDGE('',*,*,#3406,.F.);
#4605=ORIENTED_EDGE('',*,*,#3407,.F.);
#4606=ORIENTED_EDGE('',*,*,#3406,.T.);
#4607=ORIENTED_EDGE('',*,*,#3408,.F.);
#4608=ORIENTED_EDGE('',*,*,#3409,.F.);
#4609=ORIENTED_EDGE('',*,*,#3410,.F.);
#4610=ORIENTED_EDGE('',*,*,#3409,.T.);
#4611=ORIENTED_EDGE('',*,*,#3411,.F.);
#4612=ORIENTED_EDGE('',*,*,#3412,.F.);
#4613=ORIENTED_EDGE('',*,*,#3413,.F.);
#4614=ORIENTED_EDGE('',*,*,#3412,.T.);
#4615=ORIENTED_EDGE('',*,*,#3414,.F.);
#4616=ORIENTED_EDGE('',*,*,#3392,.F.);
#4617=ORIENTED_EDGE('',*,*,#3415,.F.);
#4618=ORIENTED_EDGE('',*,*,#3416,.T.);
#4619=ORIENTED_EDGE('',*,*,#3417,.F.);
#4620=ORIENTED_EDGE('',*,*,#3418,.F.);
#4621=ORIENTED_EDGE('',*,*,#3419,.F.);
#4622=ORIENTED_EDGE('',*,*,#3418,.T.);
#4623=ORIENTED_EDGE('',*,*,#3420,.F.);
#4624=ORIENTED_EDGE('',*,*,#3421,.F.);
#4625=ORIENTED_EDGE('',*,*,#3422,.F.);
#4626=ORIENTED_EDGE('',*,*,#3421,.T.);
#4627=ORIENTED_EDGE('',*,*,#3423,.F.);
#4628=ORIENTED_EDGE('',*,*,#3424,.F.);
#4629=ORIENTED_EDGE('',*,*,#3425,.F.);
#4630=ORIENTED_EDGE('',*,*,#3424,.T.);
#4631=ORIENTED_EDGE('',*,*,#3426,.F.);
#4632=ORIENTED_EDGE('',*,*,#3427,.F.);
#4633=ORIENTED_EDGE('',*,*,#3428,.F.);
#4634=ORIENTED_EDGE('',*,*,#3427,.T.);
#4635=ORIENTED_EDGE('',*,*,#3429,.F.);
#4636=ORIENTED_EDGE('',*,*,#3430,.F.);
#4637=ORIENTED_EDGE('',*,*,#3431,.F.);
#4638=ORIENTED_EDGE('',*,*,#3430,.T.);
#4639=ORIENTED_EDGE('',*,*,#3432,.F.);
#4640=ORIENTED_EDGE('',*,*,#3433,.F.);
#4641=ORIENTED_EDGE('',*,*,#3434,.F.);
#4642=ORIENTED_EDGE('',*,*,#3433,.T.);
#4643=ORIENTED_EDGE('',*,*,#3435,.F.);
#4644=ORIENTED_EDGE('',*,*,#3436,.F.);
#4645=ORIENTED_EDGE('',*,*,#3437,.F.);
#4646=ORIENTED_EDGE('',*,*,#3436,.T.);
#4647=ORIENTED_EDGE('',*,*,#3438,.F.);
#4648=ORIENTED_EDGE('',*,*,#3439,.F.);
#4649=ORIENTED_EDGE('',*,*,#3440,.F.);
#4650=ORIENTED_EDGE('',*,*,#3439,.T.);
#4651=ORIENTED_EDGE('',*,*,#3441,.F.);
#4652=ORIENTED_EDGE('',*,*,#3442,.F.);
#4653=ORIENTED_EDGE('',*,*,#3443,.F.);
#4654=ORIENTED_EDGE('',*,*,#3442,.T.);
#4655=ORIENTED_EDGE('',*,*,#3444,.F.);
#4656=ORIENTED_EDGE('',*,*,#3445,.F.);
#4657=ORIENTED_EDGE('',*,*,#3446,.F.);
#4658=ORIENTED_EDGE('',*,*,#3445,.T.);
#4659=ORIENTED_EDGE('',*,*,#3447,.F.);
#4660=ORIENTED_EDGE('',*,*,#3448,.F.);
#4661=ORIENTED_EDGE('',*,*,#3449,.F.);
#4662=ORIENTED_EDGE('',*,*,#3448,.T.);
#4663=ORIENTED_EDGE('',*,*,#3450,.F.);
#4664=ORIENTED_EDGE('',*,*,#3451,.F.);
#4665=ORIENTED_EDGE('',*,*,#3452,.F.);
#4666=ORIENTED_EDGE('',*,*,#3451,.T.);
#4667=ORIENTED_EDGE('',*,*,#3453,.F.);
#4668=ORIENTED_EDGE('',*,*,#3454,.F.);
#4669=ORIENTED_EDGE('',*,*,#3455,.F.);
#4670=ORIENTED_EDGE('',*,*,#3454,.T.);
#4671=ORIENTED_EDGE('',*,*,#3456,.F.);
#4672=ORIENTED_EDGE('',*,*,#3457,.F.);
#4673=ORIENTED_EDGE('',*,*,#3458,.F.);
#4674=ORIENTED_EDGE('',*,*,#3457,.T.);
#4675=ORIENTED_EDGE('',*,*,#3459,.F.);
#4676=ORIENTED_EDGE('',*,*,#3460,.F.);
#4677=ORIENTED_EDGE('',*,*,#3461,.F.);
#4678=ORIENTED_EDGE('',*,*,#3460,.T.);
#4679=ORIENTED_EDGE('',*,*,#3462,.F.);
#4680=ORIENTED_EDGE('',*,*,#3463,.F.);
#4681=ORIENTED_EDGE('',*,*,#3464,.F.);
#4682=ORIENTED_EDGE('',*,*,#3463,.T.);
#4683=ORIENTED_EDGE('',*,*,#3465,.F.);
#4684=ORIENTED_EDGE('',*,*,#3466,.F.);
#4685=ORIENTED_EDGE('',*,*,#3467,.F.);
#4686=ORIENTED_EDGE('',*,*,#3466,.T.);
#4687=ORIENTED_EDGE('',*,*,#3468,.F.);
#4688=ORIENTED_EDGE('',*,*,#3469,.F.);
#4689=ORIENTED_EDGE('',*,*,#3470,.F.);
#4690=ORIENTED_EDGE('',*,*,#3469,.T.);
#4691=ORIENTED_EDGE('',*,*,#3471,.F.);
#4692=ORIENTED_EDGE('',*,*,#3472,.F.);
#4693=ORIENTED_EDGE('',*,*,#3473,.F.);
#4694=ORIENTED_EDGE('',*,*,#3472,.T.);
#4695=ORIENTED_EDGE('',*,*,#3474,.F.);
#4696=ORIENTED_EDGE('',*,*,#3475,.F.);
#4697=ORIENTED_EDGE('',*,*,#3476,.F.);
#4698=ORIENTED_EDGE('',*,*,#3475,.T.);
#4699=ORIENTED_EDGE('',*,*,#3477,.F.);
#4700=ORIENTED_EDGE('',*,*,#3416,.F.);
#4701=ORIENTED_EDGE('',*,*,#3477,.T.);
#4702=ORIENTED_EDGE('',*,*,#3474,.T.);
#4703=ORIENTED_EDGE('',*,*,#3471,.T.);
#4704=ORIENTED_EDGE('',*,*,#3468,.T.);
#4705=ORIENTED_EDGE('',*,*,#3465,.T.);
#4706=ORIENTED_EDGE('',*,*,#3462,.T.);
#4707=ORIENTED_EDGE('',*,*,#3459,.T.);
#4708=ORIENTED_EDGE('',*,*,#3456,.T.);
#4709=ORIENTED_EDGE('',*,*,#3453,.T.);
#4710=ORIENTED_EDGE('',*,*,#3450,.T.);
#4711=ORIENTED_EDGE('',*,*,#3447,.T.);
#4712=ORIENTED_EDGE('',*,*,#3444,.T.);
#4713=ORIENTED_EDGE('',*,*,#3441,.T.);
#4714=ORIENTED_EDGE('',*,*,#3438,.T.);
#4715=ORIENTED_EDGE('',*,*,#3435,.T.);
#4716=ORIENTED_EDGE('',*,*,#3432,.T.);
#4717=ORIENTED_EDGE('',*,*,#3429,.T.);
#4718=ORIENTED_EDGE('',*,*,#3426,.T.);
#4719=ORIENTED_EDGE('',*,*,#3423,.T.);
#4720=ORIENTED_EDGE('',*,*,#3420,.T.);
#4721=ORIENTED_EDGE('',*,*,#3417,.T.);
#4722=ORIENTED_EDGE('',*,*,#3414,.T.);
#4723=ORIENTED_EDGE('',*,*,#3411,.T.);
#4724=ORIENTED_EDGE('',*,*,#3408,.T.);
#4725=ORIENTED_EDGE('',*,*,#3405,.T.);
#4726=ORIENTED_EDGE('',*,*,#3402,.T.);
#4727=ORIENTED_EDGE('',*,*,#3399,.T.);
#4728=ORIENTED_EDGE('',*,*,#3396,.T.);
#4729=ORIENTED_EDGE('',*,*,#3393,.T.);
#4730=ORIENTED_EDGE('',*,*,#3476,.T.);
#4731=ORIENTED_EDGE('',*,*,#3415,.T.);
#4732=ORIENTED_EDGE('',*,*,#3419,.T.);
#4733=ORIENTED_EDGE('',*,*,#3422,.T.);
#4734=ORIENTED_EDGE('',*,*,#3425,.T.);
#4735=ORIENTED_EDGE('',*,*,#3428,.T.);
#4736=ORIENTED_EDGE('',*,*,#3431,.T.);
#4737=ORIENTED_EDGE('',*,*,#3434,.T.);
#4738=ORIENTED_EDGE('',*,*,#3437,.T.);
#4739=ORIENTED_EDGE('',*,*,#3440,.T.);
#4740=ORIENTED_EDGE('',*,*,#3443,.T.);
#4741=ORIENTED_EDGE('',*,*,#3446,.T.);
#4742=ORIENTED_EDGE('',*,*,#3449,.T.);
#4743=ORIENTED_EDGE('',*,*,#3452,.T.);
#4744=ORIENTED_EDGE('',*,*,#3455,.T.);
#4745=ORIENTED_EDGE('',*,*,#3458,.T.);
#4746=ORIENTED_EDGE('',*,*,#3461,.T.);
#4747=ORIENTED_EDGE('',*,*,#3464,.T.);
#4748=ORIENTED_EDGE('',*,*,#3467,.T.);
#4749=ORIENTED_EDGE('',*,*,#3470,.T.);
#4750=ORIENTED_EDGE('',*,*,#3473,.T.);
#4751=ORIENTED_EDGE('',*,*,#3413,.T.);
#4752=ORIENTED_EDGE('',*,*,#3391,.T.);
#4753=ORIENTED_EDGE('',*,*,#3395,.T.);
#4754=ORIENTED_EDGE('',*,*,#3398,.T.);
#4755=ORIENTED_EDGE('',*,*,#3401,.T.);
#4756=ORIENTED_EDGE('',*,*,#3404,.T.);
#4757=ORIENTED_EDGE('',*,*,#3407,.T.);
#4758=ORIENTED_EDGE('',*,*,#3410,.T.);
#4759=ORIENTED_EDGE('',*,*,#3478,.F.);
#4760=ORIENTED_EDGE('',*,*,#3479,.T.);
#4761=ORIENTED_EDGE('',*,*,#3480,.F.);
#4762=ORIENTED_EDGE('',*,*,#3481,.F.);
#4763=ORIENTED_EDGE('',*,*,#3482,.F.);
#4764=ORIENTED_EDGE('',*,*,#3481,.T.);
#4765=ORIENTED_EDGE('',*,*,#3483,.F.);
#4766=ORIENTED_EDGE('',*,*,#3484,.F.);
#4767=ORIENTED_EDGE('',*,*,#3485,.F.);
#4768=ORIENTED_EDGE('',*,*,#3484,.T.);
#4769=ORIENTED_EDGE('',*,*,#3486,.F.);
#4770=ORIENTED_EDGE('',*,*,#3487,.F.);
#4771=ORIENTED_EDGE('',*,*,#3488,.F.);
#4772=ORIENTED_EDGE('',*,*,#3487,.T.);
#4773=ORIENTED_EDGE('',*,*,#3489,.F.);
#4774=ORIENTED_EDGE('',*,*,#3490,.F.);
#4775=ORIENTED_EDGE('',*,*,#3491,.F.);
#4776=ORIENTED_EDGE('',*,*,#3490,.T.);
#4777=ORIENTED_EDGE('',*,*,#3492,.F.);
#4778=ORIENTED_EDGE('',*,*,#3479,.F.);
#4779=ORIENTED_EDGE('',*,*,#3493,.F.);
#4780=ORIENTED_EDGE('',*,*,#3494,.T.);
#4781=ORIENTED_EDGE('',*,*,#3495,.F.);
#4782=ORIENTED_EDGE('',*,*,#3496,.F.);
#4783=ORIENTED_EDGE('',*,*,#3497,.F.);
#4784=ORIENTED_EDGE('',*,*,#3496,.T.);
#4785=ORIENTED_EDGE('',*,*,#3498,.F.);
#4786=ORIENTED_EDGE('',*,*,#3499,.F.);
#4787=ORIENTED_EDGE('',*,*,#3500,.F.);
#4788=ORIENTED_EDGE('',*,*,#3499,.T.);
#4789=ORIENTED_EDGE('',*,*,#3501,.F.);
#4790=ORIENTED_EDGE('',*,*,#3502,.F.);
#4791=ORIENTED_EDGE('',*,*,#3503,.F.);
#4792=ORIENTED_EDGE('',*,*,#3502,.T.);
#4793=ORIENTED_EDGE('',*,*,#3504,.F.);
#4794=ORIENTED_EDGE('',*,*,#3505,.F.);
#4795=ORIENTED_EDGE('',*,*,#3506,.F.);
#4796=ORIENTED_EDGE('',*,*,#3505,.T.);
#4797=ORIENTED_EDGE('',*,*,#3507,.F.);
#4798=ORIENTED_EDGE('',*,*,#3508,.F.);
#4799=ORIENTED_EDGE('',*,*,#3509,.F.);
#4800=ORIENTED_EDGE('',*,*,#3508,.T.);
#4801=ORIENTED_EDGE('',*,*,#3510,.F.);
#4802=ORIENTED_EDGE('',*,*,#3511,.F.);
#4803=ORIENTED_EDGE('',*,*,#3512,.F.);
#4804=ORIENTED_EDGE('',*,*,#3511,.T.);
#4805=ORIENTED_EDGE('',*,*,#3513,.F.);
#4806=ORIENTED_EDGE('',*,*,#3514,.F.);
#4807=ORIENTED_EDGE('',*,*,#3515,.F.);
#4808=ORIENTED_EDGE('',*,*,#3514,.T.);
#4809=ORIENTED_EDGE('',*,*,#3516,.F.);
#4810=ORIENTED_EDGE('',*,*,#3517,.F.);
#4811=ORIENTED_EDGE('',*,*,#3518,.F.);
#4812=ORIENTED_EDGE('',*,*,#3517,.T.);
#4813=ORIENTED_EDGE('',*,*,#3519,.F.);
#4814=ORIENTED_EDGE('',*,*,#3520,.F.);
#4815=ORIENTED_EDGE('',*,*,#3521,.F.);
#4816=ORIENTED_EDGE('',*,*,#3520,.T.);
#4817=ORIENTED_EDGE('',*,*,#3522,.F.);
#4818=ORIENTED_EDGE('',*,*,#3523,.F.);
#4819=ORIENTED_EDGE('',*,*,#3524,.F.);
#4820=ORIENTED_EDGE('',*,*,#3523,.T.);
#4821=ORIENTED_EDGE('',*,*,#3525,.F.);
#4822=ORIENTED_EDGE('',*,*,#3526,.F.);
#4823=ORIENTED_EDGE('',*,*,#3527,.F.);
#4824=ORIENTED_EDGE('',*,*,#3526,.T.);
#4825=ORIENTED_EDGE('',*,*,#3528,.F.);
#4826=ORIENTED_EDGE('',*,*,#3529,.F.);
#4827=ORIENTED_EDGE('',*,*,#3530,.F.);
#4828=ORIENTED_EDGE('',*,*,#3529,.T.);
#4829=ORIENTED_EDGE('',*,*,#3531,.F.);
#4830=ORIENTED_EDGE('',*,*,#3532,.F.);
#4831=ORIENTED_EDGE('',*,*,#3533,.F.);
#4832=ORIENTED_EDGE('',*,*,#3532,.T.);
#4833=ORIENTED_EDGE('',*,*,#3534,.F.);
#4834=ORIENTED_EDGE('',*,*,#3535,.F.);
#4835=ORIENTED_EDGE('',*,*,#3536,.F.);
#4836=ORIENTED_EDGE('',*,*,#3535,.T.);
#4837=ORIENTED_EDGE('',*,*,#3537,.F.);
#4838=ORIENTED_EDGE('',*,*,#3494,.F.);
#4839=ORIENTED_EDGE('',*,*,#3537,.T.);
#4840=ORIENTED_EDGE('',*,*,#3534,.T.);
#4841=ORIENTED_EDGE('',*,*,#3531,.T.);
#4842=ORIENTED_EDGE('',*,*,#3528,.T.);
#4843=ORIENTED_EDGE('',*,*,#3525,.T.);
#4844=ORIENTED_EDGE('',*,*,#3522,.T.);
#4845=ORIENTED_EDGE('',*,*,#3519,.T.);
#4846=ORIENTED_EDGE('',*,*,#3516,.T.);
#4847=ORIENTED_EDGE('',*,*,#3513,.T.);
#4848=ORIENTED_EDGE('',*,*,#3510,.T.);
#4849=ORIENTED_EDGE('',*,*,#3507,.T.);
#4850=ORIENTED_EDGE('',*,*,#3504,.T.);
#4851=ORIENTED_EDGE('',*,*,#3501,.T.);
#4852=ORIENTED_EDGE('',*,*,#3498,.T.);
#4853=ORIENTED_EDGE('',*,*,#3495,.T.);
#4854=ORIENTED_EDGE('',*,*,#3492,.T.);
#4855=ORIENTED_EDGE('',*,*,#3489,.T.);
#4856=ORIENTED_EDGE('',*,*,#3486,.T.);
#4857=ORIENTED_EDGE('',*,*,#3483,.T.);
#4858=ORIENTED_EDGE('',*,*,#3480,.T.);
#4859=ORIENTED_EDGE('',*,*,#3536,.T.);
#4860=ORIENTED_EDGE('',*,*,#3493,.T.);
#4861=ORIENTED_EDGE('',*,*,#3497,.T.);
#4862=ORIENTED_EDGE('',*,*,#3500,.T.);
#4863=ORIENTED_EDGE('',*,*,#3503,.T.);
#4864=ORIENTED_EDGE('',*,*,#3506,.T.);
#4865=ORIENTED_EDGE('',*,*,#3509,.T.);
#4866=ORIENTED_EDGE('',*,*,#3512,.T.);
#4867=ORIENTED_EDGE('',*,*,#3515,.T.);
#4868=ORIENTED_EDGE('',*,*,#3518,.T.);
#4869=ORIENTED_EDGE('',*,*,#3521,.T.);
#4870=ORIENTED_EDGE('',*,*,#3524,.T.);
#4871=ORIENTED_EDGE('',*,*,#3527,.T.);
#4872=ORIENTED_EDGE('',*,*,#3530,.T.);
#4873=ORIENTED_EDGE('',*,*,#3533,.T.);
#4874=ORIENTED_EDGE('',*,*,#3491,.T.);
#4875=ORIENTED_EDGE('',*,*,#3478,.T.);
#4876=ORIENTED_EDGE('',*,*,#3482,.T.);
#4877=ORIENTED_EDGE('',*,*,#3485,.T.);
#4878=ORIENTED_EDGE('',*,*,#3488,.T.);
#4879=ORIENTED_EDGE('',*,*,#3538,.F.);
#4880=ORIENTED_EDGE('',*,*,#3539,.T.);
#4881=ORIENTED_EDGE('',*,*,#3540,.F.);
#4882=ORIENTED_EDGE('',*,*,#3541,.F.);
#4883=ORIENTED_EDGE('',*,*,#3542,.F.);
#4884=ORIENTED_EDGE('',*,*,#3541,.T.);
#4885=ORIENTED_EDGE('',*,*,#3543,.F.);
#4886=ORIENTED_EDGE('',*,*,#3544,.F.);
#4887=ORIENTED_EDGE('',*,*,#3545,.F.);
#4888=ORIENTED_EDGE('',*,*,#3544,.T.);
#4889=ORIENTED_EDGE('',*,*,#3546,.F.);
#4890=ORIENTED_EDGE('',*,*,#3547,.F.);
#4891=ORIENTED_EDGE('',*,*,#3548,.F.);
#4892=ORIENTED_EDGE('',*,*,#3547,.T.);
#4893=ORIENTED_EDGE('',*,*,#3549,.F.);
#4894=ORIENTED_EDGE('',*,*,#3550,.F.);
#4895=ORIENTED_EDGE('',*,*,#3551,.F.);
#4896=ORIENTED_EDGE('',*,*,#3550,.T.);
#4897=ORIENTED_EDGE('',*,*,#3552,.F.);
#4898=ORIENTED_EDGE('',*,*,#3553,.F.);
#4899=ORIENTED_EDGE('',*,*,#3554,.F.);
#4900=ORIENTED_EDGE('',*,*,#3553,.T.);
#4901=ORIENTED_EDGE('',*,*,#3555,.F.);
#4902=ORIENTED_EDGE('',*,*,#3556,.F.);
#4903=ORIENTED_EDGE('',*,*,#3557,.F.);
#4904=ORIENTED_EDGE('',*,*,#3556,.T.);
#4905=ORIENTED_EDGE('',*,*,#3558,.F.);
#4906=ORIENTED_EDGE('',*,*,#3559,.F.);
#4907=ORIENTED_EDGE('',*,*,#3560,.F.);
#4908=ORIENTED_EDGE('',*,*,#3559,.T.);
#4909=ORIENTED_EDGE('',*,*,#3561,.F.);
#4910=ORIENTED_EDGE('',*,*,#3562,.F.);
#4911=ORIENTED_EDGE('',*,*,#3563,.F.);
#4912=ORIENTED_EDGE('',*,*,#3562,.T.);
#4913=ORIENTED_EDGE('',*,*,#3564,.F.);
#4914=ORIENTED_EDGE('',*,*,#3565,.F.);
#4915=ORIENTED_EDGE('',*,*,#3566,.F.);
#4916=ORIENTED_EDGE('',*,*,#3565,.T.);
#4917=ORIENTED_EDGE('',*,*,#3567,.F.);
#4918=ORIENTED_EDGE('',*,*,#3568,.F.);
#4919=ORIENTED_EDGE('',*,*,#3569,.F.);
#4920=ORIENTED_EDGE('',*,*,#3568,.T.);
#4921=ORIENTED_EDGE('',*,*,#3570,.F.);
#4922=ORIENTED_EDGE('',*,*,#3571,.F.);
#4923=ORIENTED_EDGE('',*,*,#3572,.F.);
#4924=ORIENTED_EDGE('',*,*,#3571,.T.);
#4925=ORIENTED_EDGE('',*,*,#3573,.F.);
#4926=ORIENTED_EDGE('',*,*,#3574,.F.);
#4927=ORIENTED_EDGE('',*,*,#3575,.F.);
#4928=ORIENTED_EDGE('',*,*,#3574,.T.);
#4929=ORIENTED_EDGE('',*,*,#3576,.F.);
#4930=ORIENTED_EDGE('',*,*,#3577,.F.);
#4931=ORIENTED_EDGE('',*,*,#3578,.F.);
#4932=ORIENTED_EDGE('',*,*,#3577,.T.);
#4933=ORIENTED_EDGE('',*,*,#3579,.F.);
#4934=ORIENTED_EDGE('',*,*,#3580,.F.);
#4935=ORIENTED_EDGE('',*,*,#3581,.F.);
#4936=ORIENTED_EDGE('',*,*,#3580,.T.);
#4937=ORIENTED_EDGE('',*,*,#3582,.F.);
#4938=ORIENTED_EDGE('',*,*,#3583,.F.);
#4939=ORIENTED_EDGE('',*,*,#3584,.F.);
#4940=ORIENTED_EDGE('',*,*,#3583,.T.);
#4941=ORIENTED_EDGE('',*,*,#3585,.F.);
#4942=ORIENTED_EDGE('',*,*,#3586,.F.);
#4943=ORIENTED_EDGE('',*,*,#3587,.F.);
#4944=ORIENTED_EDGE('',*,*,#3586,.T.);
#4945=ORIENTED_EDGE('',*,*,#3588,.F.);
#4946=ORIENTED_EDGE('',*,*,#3589,.F.);
#4947=ORIENTED_EDGE('',*,*,#3590,.F.);
#4948=ORIENTED_EDGE('',*,*,#3589,.T.);
#4949=ORIENTED_EDGE('',*,*,#3591,.F.);
#4950=ORIENTED_EDGE('',*,*,#3592,.F.);
#4951=ORIENTED_EDGE('',*,*,#3593,.F.);
#4952=ORIENTED_EDGE('',*,*,#3592,.T.);
#4953=ORIENTED_EDGE('',*,*,#3594,.F.);
#4954=ORIENTED_EDGE('',*,*,#3539,.F.);
#4955=ORIENTED_EDGE('',*,*,#3594,.T.);
#4956=ORIENTED_EDGE('',*,*,#3591,.T.);
#4957=ORIENTED_EDGE('',*,*,#3588,.T.);
#4958=ORIENTED_EDGE('',*,*,#3585,.T.);
#4959=ORIENTED_EDGE('',*,*,#3582,.T.);
#4960=ORIENTED_EDGE('',*,*,#3579,.T.);
#4961=ORIENTED_EDGE('',*,*,#3576,.T.);
#4962=ORIENTED_EDGE('',*,*,#3573,.T.);
#4963=ORIENTED_EDGE('',*,*,#3570,.T.);
#4964=ORIENTED_EDGE('',*,*,#3567,.T.);
#4965=ORIENTED_EDGE('',*,*,#3564,.T.);
#4966=ORIENTED_EDGE('',*,*,#3561,.T.);
#4967=ORIENTED_EDGE('',*,*,#3558,.T.);
#4968=ORIENTED_EDGE('',*,*,#3555,.T.);
#4969=ORIENTED_EDGE('',*,*,#3552,.T.);
#4970=ORIENTED_EDGE('',*,*,#3549,.T.);
#4971=ORIENTED_EDGE('',*,*,#3546,.T.);
#4972=ORIENTED_EDGE('',*,*,#3543,.T.);
#4973=ORIENTED_EDGE('',*,*,#3540,.T.);
#4974=ORIENTED_EDGE('',*,*,#3593,.T.);
#4975=ORIENTED_EDGE('',*,*,#3538,.T.);
#4976=ORIENTED_EDGE('',*,*,#3542,.T.);
#4977=ORIENTED_EDGE('',*,*,#3545,.T.);
#4978=ORIENTED_EDGE('',*,*,#3548,.T.);
#4979=ORIENTED_EDGE('',*,*,#3551,.T.);
#4980=ORIENTED_EDGE('',*,*,#3554,.T.);
#4981=ORIENTED_EDGE('',*,*,#3557,.T.);
#4982=ORIENTED_EDGE('',*,*,#3560,.T.);
#4983=ORIENTED_EDGE('',*,*,#3563,.T.);
#4984=ORIENTED_EDGE('',*,*,#3566,.T.);
#4985=ORIENTED_EDGE('',*,*,#3569,.T.);
#4986=ORIENTED_EDGE('',*,*,#3572,.T.);
#4987=ORIENTED_EDGE('',*,*,#3575,.T.);
#4988=ORIENTED_EDGE('',*,*,#3578,.T.);
#4989=ORIENTED_EDGE('',*,*,#3581,.T.);
#4990=ORIENTED_EDGE('',*,*,#3584,.T.);
#4991=ORIENTED_EDGE('',*,*,#3587,.T.);
#4992=ORIENTED_EDGE('',*,*,#3590,.T.);
#4993=ORIENTED_EDGE('',*,*,#3595,.F.);
#4994=ORIENTED_EDGE('',*,*,#3596,.T.);
#4995=ORIENTED_EDGE('',*,*,#3597,.F.);
#4996=ORIENTED_EDGE('',*,*,#3598,.F.);
#4997=ORIENTED_EDGE('',*,*,#3599,.F.);
#4998=ORIENTED_EDGE('',*,*,#3598,.T.);
#4999=ORIENTED_EDGE('',*,*,#3600,.F.);
#5000=ORIENTED_EDGE('',*,*,#3601,.F.);
#5001=ORIENTED_EDGE('',*,*,#3602,.F.);
#5002=ORIENTED_EDGE('',*,*,#3601,.T.);
#5003=ORIENTED_EDGE('',*,*,#3603,.F.);
#5004=ORIENTED_EDGE('',*,*,#3604,.F.);
#5005=ORIENTED_EDGE('',*,*,#3605,.F.);
#5006=ORIENTED_EDGE('',*,*,#3604,.T.);
#5007=ORIENTED_EDGE('',*,*,#3606,.F.);
#5008=ORIENTED_EDGE('',*,*,#3607,.F.);
#5009=ORIENTED_EDGE('',*,*,#3608,.F.);
#5010=ORIENTED_EDGE('',*,*,#3607,.T.);
#5011=ORIENTED_EDGE('',*,*,#3609,.F.);
#5012=ORIENTED_EDGE('',*,*,#3610,.F.);
#5013=ORIENTED_EDGE('',*,*,#3611,.F.);
#5014=ORIENTED_EDGE('',*,*,#3610,.T.);
#5015=ORIENTED_EDGE('',*,*,#3612,.F.);
#5016=ORIENTED_EDGE('',*,*,#3613,.F.);
#5017=ORIENTED_EDGE('',*,*,#3614,.F.);
#5018=ORIENTED_EDGE('',*,*,#3613,.T.);
#5019=ORIENTED_EDGE('',*,*,#3615,.F.);
#5020=ORIENTED_EDGE('',*,*,#3616,.F.);
#5021=ORIENTED_EDGE('',*,*,#3617,.F.);
#5022=ORIENTED_EDGE('',*,*,#3616,.T.);
#5023=ORIENTED_EDGE('',*,*,#3618,.F.);
#5024=ORIENTED_EDGE('',*,*,#3619,.F.);
#5025=ORIENTED_EDGE('',*,*,#3620,.F.);
#5026=ORIENTED_EDGE('',*,*,#3619,.T.);
#5027=ORIENTED_EDGE('',*,*,#3621,.F.);
#5028=ORIENTED_EDGE('',*,*,#3622,.F.);
#5029=ORIENTED_EDGE('',*,*,#3623,.F.);
#5030=ORIENTED_EDGE('',*,*,#3622,.T.);
#5031=ORIENTED_EDGE('',*,*,#3624,.F.);
#5032=ORIENTED_EDGE('',*,*,#3625,.F.);
#5033=ORIENTED_EDGE('',*,*,#3626,.F.);
#5034=ORIENTED_EDGE('',*,*,#3625,.T.);
#5035=ORIENTED_EDGE('',*,*,#3627,.F.);
#5036=ORIENTED_EDGE('',*,*,#3628,.F.);
#5037=ORIENTED_EDGE('',*,*,#3629,.F.);
#5038=ORIENTED_EDGE('',*,*,#3628,.T.);
#5039=ORIENTED_EDGE('',*,*,#3630,.F.);
#5040=ORIENTED_EDGE('',*,*,#3631,.F.);
#5041=ORIENTED_EDGE('',*,*,#3632,.F.);
#5042=ORIENTED_EDGE('',*,*,#3631,.T.);
#5043=ORIENTED_EDGE('',*,*,#3633,.F.);
#5044=ORIENTED_EDGE('',*,*,#3596,.F.);
#5045=ORIENTED_EDGE('',*,*,#3633,.T.);
#5046=ORIENTED_EDGE('',*,*,#3630,.T.);
#5047=ORIENTED_EDGE('',*,*,#3627,.T.);
#5048=ORIENTED_EDGE('',*,*,#3624,.T.);
#5049=ORIENTED_EDGE('',*,*,#3621,.T.);
#5050=ORIENTED_EDGE('',*,*,#3618,.T.);
#5051=ORIENTED_EDGE('',*,*,#3615,.T.);
#5052=ORIENTED_EDGE('',*,*,#3612,.T.);
#5053=ORIENTED_EDGE('',*,*,#3609,.T.);
#5054=ORIENTED_EDGE('',*,*,#3606,.T.);
#5055=ORIENTED_EDGE('',*,*,#3603,.T.);
#5056=ORIENTED_EDGE('',*,*,#3600,.T.);
#5057=ORIENTED_EDGE('',*,*,#3597,.T.);
#5058=ORIENTED_EDGE('',*,*,#3632,.T.);
#5059=ORIENTED_EDGE('',*,*,#3595,.T.);
#5060=ORIENTED_EDGE('',*,*,#3599,.T.);
#5061=ORIENTED_EDGE('',*,*,#3602,.T.);
#5062=ORIENTED_EDGE('',*,*,#3605,.T.);
#5063=ORIENTED_EDGE('',*,*,#3608,.T.);
#5064=ORIENTED_EDGE('',*,*,#3611,.T.);
#5065=ORIENTED_EDGE('',*,*,#3614,.T.);
#5066=ORIENTED_EDGE('',*,*,#3617,.T.);
#5067=ORIENTED_EDGE('',*,*,#3620,.T.);
#5068=ORIENTED_EDGE('',*,*,#3623,.T.);
#5069=ORIENTED_EDGE('',*,*,#3626,.T.);
#5070=ORIENTED_EDGE('',*,*,#3629,.T.);
#5071=ORIENTED_EDGE('',*,*,#3634,.F.);
#5072=ORIENTED_EDGE('',*,*,#3635,.T.);
#5073=ORIENTED_EDGE('',*,*,#3636,.F.);
#5074=ORIENTED_EDGE('',*,*,#3637,.F.);
#5075=ORIENTED_EDGE('',*,*,#3638,.F.);
#5076=ORIENTED_EDGE('',*,*,#3637,.T.);
#5077=ORIENTED_EDGE('',*,*,#3639,.F.);
#5078=ORIENTED_EDGE('',*,*,#3640,.F.);
#5079=ORIENTED_EDGE('',*,*,#3641,.F.);
#5080=ORIENTED_EDGE('',*,*,#3640,.T.);
#5081=ORIENTED_EDGE('',*,*,#3642,.F.);
#5082=ORIENTED_EDGE('',*,*,#3643,.F.);
#5083=ORIENTED_EDGE('',*,*,#3644,.F.);
#5084=ORIENTED_EDGE('',*,*,#3643,.T.);
#5085=ORIENTED_EDGE('',*,*,#3645,.F.);
#5086=ORIENTED_EDGE('',*,*,#3646,.F.);
#5087=ORIENTED_EDGE('',*,*,#3647,.F.);
#5088=ORIENTED_EDGE('',*,*,#3646,.T.);
#5089=ORIENTED_EDGE('',*,*,#3648,.F.);
#5090=ORIENTED_EDGE('',*,*,#3649,.F.);
#5091=ORIENTED_EDGE('',*,*,#3650,.F.);
#5092=ORIENTED_EDGE('',*,*,#3649,.T.);
#5093=ORIENTED_EDGE('',*,*,#3651,.F.);
#5094=ORIENTED_EDGE('',*,*,#3652,.F.);
#5095=ORIENTED_EDGE('',*,*,#3653,.F.);
#5096=ORIENTED_EDGE('',*,*,#3652,.T.);
#5097=ORIENTED_EDGE('',*,*,#3654,.F.);
#5098=ORIENTED_EDGE('',*,*,#3655,.F.);
#5099=ORIENTED_EDGE('',*,*,#3656,.F.);
#5100=ORIENTED_EDGE('',*,*,#3655,.T.);
#5101=ORIENTED_EDGE('',*,*,#3657,.F.);
#5102=ORIENTED_EDGE('',*,*,#3658,.F.);
#5103=ORIENTED_EDGE('',*,*,#3659,.F.);
#5104=ORIENTED_EDGE('',*,*,#3658,.T.);
#5105=ORIENTED_EDGE('',*,*,#3660,.F.);
#5106=ORIENTED_EDGE('',*,*,#3661,.F.);
#5107=ORIENTED_EDGE('',*,*,#3662,.F.);
#5108=ORIENTED_EDGE('',*,*,#3661,.T.);
#5109=ORIENTED_EDGE('',*,*,#3663,.F.);
#5110=ORIENTED_EDGE('',*,*,#3635,.F.);
#5111=ORIENTED_EDGE('',*,*,#3664,.F.);
#5112=ORIENTED_EDGE('',*,*,#3665,.T.);
#5113=ORIENTED_EDGE('',*,*,#3666,.F.);
#5114=ORIENTED_EDGE('',*,*,#3667,.F.);
#5115=ORIENTED_EDGE('',*,*,#3668,.F.);
#5116=ORIENTED_EDGE('',*,*,#3667,.T.);
#5117=ORIENTED_EDGE('',*,*,#3669,.F.);
#5118=ORIENTED_EDGE('',*,*,#3670,.F.);
#5119=ORIENTED_EDGE('',*,*,#3671,.F.);
#5120=ORIENTED_EDGE('',*,*,#3670,.T.);
#5121=ORIENTED_EDGE('',*,*,#3672,.F.);
#5122=ORIENTED_EDGE('',*,*,#3673,.F.);
#5123=ORIENTED_EDGE('',*,*,#3674,.F.);
#5124=ORIENTED_EDGE('',*,*,#3673,.T.);
#5125=ORIENTED_EDGE('',*,*,#3675,.F.);
#5126=ORIENTED_EDGE('',*,*,#3676,.F.);
#5127=ORIENTED_EDGE('',*,*,#3677,.F.);
#5128=ORIENTED_EDGE('',*,*,#3676,.T.);
#5129=ORIENTED_EDGE('',*,*,#3678,.F.);
#5130=ORIENTED_EDGE('',*,*,#3679,.F.);
#5131=ORIENTED_EDGE('',*,*,#3680,.F.);
#5132=ORIENTED_EDGE('',*,*,#3679,.T.);
#5133=ORIENTED_EDGE('',*,*,#3681,.F.);
#5134=ORIENTED_EDGE('',*,*,#3682,.F.);
#5135=ORIENTED_EDGE('',*,*,#3683,.F.);
#5136=ORIENTED_EDGE('',*,*,#3682,.T.);
#5137=ORIENTED_EDGE('',*,*,#3684,.F.);
#5138=ORIENTED_EDGE('',*,*,#3685,.F.);
#5139=ORIENTED_EDGE('',*,*,#3686,.F.);
#5140=ORIENTED_EDGE('',*,*,#3685,.T.);
#5141=ORIENTED_EDGE('',*,*,#3687,.F.);
#5142=ORIENTED_EDGE('',*,*,#3688,.F.);
#5143=ORIENTED_EDGE('',*,*,#3689,.F.);
#5144=ORIENTED_EDGE('',*,*,#3688,.T.);
#5145=ORIENTED_EDGE('',*,*,#3690,.F.);
#5146=ORIENTED_EDGE('',*,*,#3691,.F.);
#5147=ORIENTED_EDGE('',*,*,#3692,.F.);
#5148=ORIENTED_EDGE('',*,*,#3691,.T.);
#5149=ORIENTED_EDGE('',*,*,#3693,.F.);
#5150=ORIENTED_EDGE('',*,*,#3694,.F.);
#5151=ORIENTED_EDGE('',*,*,#3695,.F.);
#5152=ORIENTED_EDGE('',*,*,#3694,.T.);
#5153=ORIENTED_EDGE('',*,*,#3696,.F.);
#5154=ORIENTED_EDGE('',*,*,#3697,.F.);
#5155=ORIENTED_EDGE('',*,*,#3698,.F.);
#5156=ORIENTED_EDGE('',*,*,#3697,.T.);
#5157=ORIENTED_EDGE('',*,*,#3699,.F.);
#5158=ORIENTED_EDGE('',*,*,#3700,.F.);
#5159=ORIENTED_EDGE('',*,*,#3701,.F.);
#5160=ORIENTED_EDGE('',*,*,#3700,.T.);
#5161=ORIENTED_EDGE('',*,*,#3702,.F.);
#5162=ORIENTED_EDGE('',*,*,#3703,.F.);
#5163=ORIENTED_EDGE('',*,*,#3704,.F.);
#5164=ORIENTED_EDGE('',*,*,#3703,.T.);
#5165=ORIENTED_EDGE('',*,*,#3705,.F.);
#5166=ORIENTED_EDGE('',*,*,#3706,.F.);
#5167=ORIENTED_EDGE('',*,*,#3707,.F.);
#5168=ORIENTED_EDGE('',*,*,#3706,.T.);
#5169=ORIENTED_EDGE('',*,*,#3708,.F.);
#5170=ORIENTED_EDGE('',*,*,#3709,.F.);
#5171=ORIENTED_EDGE('',*,*,#3710,.F.);
#5172=ORIENTED_EDGE('',*,*,#3709,.T.);
#5173=ORIENTED_EDGE('',*,*,#3711,.F.);
#5174=ORIENTED_EDGE('',*,*,#3712,.F.);
#5175=ORIENTED_EDGE('',*,*,#3713,.F.);
#5176=ORIENTED_EDGE('',*,*,#3712,.T.);
#5177=ORIENTED_EDGE('',*,*,#3714,.F.);
#5178=ORIENTED_EDGE('',*,*,#3715,.F.);
#5179=ORIENTED_EDGE('',*,*,#3716,.F.);
#5180=ORIENTED_EDGE('',*,*,#3715,.T.);
#5181=ORIENTED_EDGE('',*,*,#3717,.F.);
#5182=ORIENTED_EDGE('',*,*,#3718,.F.);
#5183=ORIENTED_EDGE('',*,*,#3719,.F.);
#5184=ORIENTED_EDGE('',*,*,#3718,.T.);
#5185=ORIENTED_EDGE('',*,*,#3720,.F.);
#5186=ORIENTED_EDGE('',*,*,#3721,.F.);
#5187=ORIENTED_EDGE('',*,*,#3722,.F.);
#5188=ORIENTED_EDGE('',*,*,#3721,.T.);
#5189=ORIENTED_EDGE('',*,*,#3723,.F.);
#5190=ORIENTED_EDGE('',*,*,#3724,.F.);
#5191=ORIENTED_EDGE('',*,*,#3725,.F.);
#5192=ORIENTED_EDGE('',*,*,#3724,.T.);
#5193=ORIENTED_EDGE('',*,*,#3726,.F.);
#5194=ORIENTED_EDGE('',*,*,#3727,.F.);
#5195=ORIENTED_EDGE('',*,*,#3728,.F.);
#5196=ORIENTED_EDGE('',*,*,#3727,.T.);
#5197=ORIENTED_EDGE('',*,*,#3729,.F.);
#5198=ORIENTED_EDGE('',*,*,#3730,.F.);
#5199=ORIENTED_EDGE('',*,*,#3731,.F.);
#5200=ORIENTED_EDGE('',*,*,#3730,.T.);
#5201=ORIENTED_EDGE('',*,*,#3732,.F.);
#5202=ORIENTED_EDGE('',*,*,#3733,.F.);
#5203=ORIENTED_EDGE('',*,*,#3734,.F.);
#5204=ORIENTED_EDGE('',*,*,#3733,.T.);
#5205=ORIENTED_EDGE('',*,*,#3735,.F.);
#5206=ORIENTED_EDGE('',*,*,#3736,.F.);
#5207=ORIENTED_EDGE('',*,*,#3737,.F.);
#5208=ORIENTED_EDGE('',*,*,#3736,.T.);
#5209=ORIENTED_EDGE('',*,*,#3738,.F.);
#5210=ORIENTED_EDGE('',*,*,#3739,.F.);
#5211=ORIENTED_EDGE('',*,*,#3740,.F.);
#5212=ORIENTED_EDGE('',*,*,#3739,.T.);
#5213=ORIENTED_EDGE('',*,*,#3741,.F.);
#5214=ORIENTED_EDGE('',*,*,#3742,.F.);
#5215=ORIENTED_EDGE('',*,*,#3743,.F.);
#5216=ORIENTED_EDGE('',*,*,#3742,.T.);
#5217=ORIENTED_EDGE('',*,*,#3744,.F.);
#5218=ORIENTED_EDGE('',*,*,#3665,.F.);
#5219=ORIENTED_EDGE('',*,*,#3744,.T.);
#5220=ORIENTED_EDGE('',*,*,#3741,.T.);
#5221=ORIENTED_EDGE('',*,*,#3738,.T.);
#5222=ORIENTED_EDGE('',*,*,#3735,.T.);
#5223=ORIENTED_EDGE('',*,*,#3732,.T.);
#5224=ORIENTED_EDGE('',*,*,#3729,.T.);
#5225=ORIENTED_EDGE('',*,*,#3726,.T.);
#5226=ORIENTED_EDGE('',*,*,#3723,.T.);
#5227=ORIENTED_EDGE('',*,*,#3720,.T.);
#5228=ORIENTED_EDGE('',*,*,#3717,.T.);
#5229=ORIENTED_EDGE('',*,*,#3714,.T.);
#5230=ORIENTED_EDGE('',*,*,#3711,.T.);
#5231=ORIENTED_EDGE('',*,*,#3708,.T.);
#5232=ORIENTED_EDGE('',*,*,#3705,.T.);
#5233=ORIENTED_EDGE('',*,*,#3702,.T.);
#5234=ORIENTED_EDGE('',*,*,#3699,.T.);
#5235=ORIENTED_EDGE('',*,*,#3696,.T.);
#5236=ORIENTED_EDGE('',*,*,#3693,.T.);
#5237=ORIENTED_EDGE('',*,*,#3690,.T.);
#5238=ORIENTED_EDGE('',*,*,#3687,.T.);
#5239=ORIENTED_EDGE('',*,*,#3684,.T.);
#5240=ORIENTED_EDGE('',*,*,#3681,.T.);
#5241=ORIENTED_EDGE('',*,*,#3678,.T.);
#5242=ORIENTED_EDGE('',*,*,#3675,.T.);
#5243=ORIENTED_EDGE('',*,*,#3672,.T.);
#5244=ORIENTED_EDGE('',*,*,#3669,.T.);
#5245=ORIENTED_EDGE('',*,*,#3666,.T.);
#5246=ORIENTED_EDGE('',*,*,#3663,.T.);
#5247=ORIENTED_EDGE('',*,*,#3660,.T.);
#5248=ORIENTED_EDGE('',*,*,#3657,.T.);
#5249=ORIENTED_EDGE('',*,*,#3654,.T.);
#5250=ORIENTED_EDGE('',*,*,#3651,.T.);
#5251=ORIENTED_EDGE('',*,*,#3648,.T.);
#5252=ORIENTED_EDGE('',*,*,#3645,.T.);
#5253=ORIENTED_EDGE('',*,*,#3642,.T.);
#5254=ORIENTED_EDGE('',*,*,#3639,.T.);
#5255=ORIENTED_EDGE('',*,*,#3636,.T.);
#5256=ORIENTED_EDGE('',*,*,#3743,.T.);
#5257=ORIENTED_EDGE('',*,*,#3664,.T.);
#5258=ORIENTED_EDGE('',*,*,#3668,.T.);
#5259=ORIENTED_EDGE('',*,*,#3671,.T.);
#5260=ORIENTED_EDGE('',*,*,#3674,.T.);
#5261=ORIENTED_EDGE('',*,*,#3677,.T.);
#5262=ORIENTED_EDGE('',*,*,#3680,.T.);
#5263=ORIENTED_EDGE('',*,*,#3683,.T.);
#5264=ORIENTED_EDGE('',*,*,#3686,.T.);
#5265=ORIENTED_EDGE('',*,*,#3689,.T.);
#5266=ORIENTED_EDGE('',*,*,#3692,.T.);
#5267=ORIENTED_EDGE('',*,*,#3695,.T.);
#5268=ORIENTED_EDGE('',*,*,#3698,.T.);
#5269=ORIENTED_EDGE('',*,*,#3701,.T.);
#5270=ORIENTED_EDGE('',*,*,#3704,.T.);
#5271=ORIENTED_EDGE('',*,*,#3707,.T.);
#5272=ORIENTED_EDGE('',*,*,#3710,.T.);
#5273=ORIENTED_EDGE('',*,*,#3713,.T.);
#5274=ORIENTED_EDGE('',*,*,#3716,.T.);
#5275=ORIENTED_EDGE('',*,*,#3719,.T.);
#5276=ORIENTED_EDGE('',*,*,#3722,.T.);
#5277=ORIENTED_EDGE('',*,*,#3725,.T.);
#5278=ORIENTED_EDGE('',*,*,#3728,.T.);
#5279=ORIENTED_EDGE('',*,*,#3731,.T.);
#5280=ORIENTED_EDGE('',*,*,#3734,.T.);
#5281=ORIENTED_EDGE('',*,*,#3737,.T.);
#5282=ORIENTED_EDGE('',*,*,#3740,.T.);
#5283=ORIENTED_EDGE('',*,*,#3662,.T.);
#5284=ORIENTED_EDGE('',*,*,#3634,.T.);
#5285=ORIENTED_EDGE('',*,*,#3638,.T.);
#5286=ORIENTED_EDGE('',*,*,#3641,.T.);
#5287=ORIENTED_EDGE('',*,*,#3644,.T.);
#5288=ORIENTED_EDGE('',*,*,#3647,.T.);
#5289=ORIENTED_EDGE('',*,*,#3650,.T.);
#5290=ORIENTED_EDGE('',*,*,#3653,.T.);
#5291=ORIENTED_EDGE('',*,*,#3656,.T.);
#5292=ORIENTED_EDGE('',*,*,#3659,.T.);
#5293=ORIENTED_EDGE('',*,*,#3745,.F.);
#5294=ORIENTED_EDGE('',*,*,#3746,.T.);
#5295=ORIENTED_EDGE('',*,*,#3747,.F.);
#5296=ORIENTED_EDGE('',*,*,#3748,.F.);
#5297=ORIENTED_EDGE('',*,*,#3749,.F.);
#5298=ORIENTED_EDGE('',*,*,#3748,.T.);
#5299=ORIENTED_EDGE('',*,*,#3750,.F.);
#5300=ORIENTED_EDGE('',*,*,#3751,.F.);
#5301=ORIENTED_EDGE('',*,*,#3752,.F.);
#5302=ORIENTED_EDGE('',*,*,#3751,.T.);
#5303=ORIENTED_EDGE('',*,*,#3753,.F.);
#5304=ORIENTED_EDGE('',*,*,#3754,.F.);
#5305=ORIENTED_EDGE('',*,*,#3755,.F.);
#5306=ORIENTED_EDGE('',*,*,#3754,.T.);
#5307=ORIENTED_EDGE('',*,*,#3756,.F.);
#5308=ORIENTED_EDGE('',*,*,#3757,.F.);
#5309=ORIENTED_EDGE('',*,*,#3758,.F.);
#5310=ORIENTED_EDGE('',*,*,#3757,.T.);
#5311=ORIENTED_EDGE('',*,*,#3759,.F.);
#5312=ORIENTED_EDGE('',*,*,#3760,.F.);
#5313=ORIENTED_EDGE('',*,*,#3761,.F.);
#5314=ORIENTED_EDGE('',*,*,#3760,.T.);
#5315=ORIENTED_EDGE('',*,*,#3762,.F.);
#5316=ORIENTED_EDGE('',*,*,#3763,.F.);
#5317=ORIENTED_EDGE('',*,*,#3764,.F.);
#5318=ORIENTED_EDGE('',*,*,#3763,.T.);
#5319=ORIENTED_EDGE('',*,*,#3765,.F.);
#5320=ORIENTED_EDGE('',*,*,#3766,.F.);
#5321=ORIENTED_EDGE('',*,*,#3767,.F.);
#5322=ORIENTED_EDGE('',*,*,#3766,.T.);
#5323=ORIENTED_EDGE('',*,*,#3768,.F.);
#5324=ORIENTED_EDGE('',*,*,#3769,.F.);
#5325=ORIENTED_EDGE('',*,*,#3770,.F.);
#5326=ORIENTED_EDGE('',*,*,#3769,.T.);
#5327=ORIENTED_EDGE('',*,*,#3771,.F.);
#5328=ORIENTED_EDGE('',*,*,#3772,.F.);
#5329=ORIENTED_EDGE('',*,*,#3773,.F.);
#5330=ORIENTED_EDGE('',*,*,#3772,.T.);
#5331=ORIENTED_EDGE('',*,*,#3774,.F.);
#5332=ORIENTED_EDGE('',*,*,#3775,.F.);
#5333=ORIENTED_EDGE('',*,*,#3776,.F.);
#5334=ORIENTED_EDGE('',*,*,#3775,.T.);
#5335=ORIENTED_EDGE('',*,*,#3777,.F.);
#5336=ORIENTED_EDGE('',*,*,#3778,.F.);
#5337=ORIENTED_EDGE('',*,*,#3779,.F.);
#5338=ORIENTED_EDGE('',*,*,#3778,.T.);
#5339=ORIENTED_EDGE('',*,*,#3780,.F.);
#5340=ORIENTED_EDGE('',*,*,#3781,.F.);
#5341=ORIENTED_EDGE('',*,*,#3782,.F.);
#5342=ORIENTED_EDGE('',*,*,#3781,.T.);
#5343=ORIENTED_EDGE('',*,*,#3783,.F.);
#5344=ORIENTED_EDGE('',*,*,#3784,.F.);
#5345=ORIENTED_EDGE('',*,*,#3785,.F.);
#5346=ORIENTED_EDGE('',*,*,#3784,.T.);
#5347=ORIENTED_EDGE('',*,*,#3786,.F.);
#5348=ORIENTED_EDGE('',*,*,#3787,.F.);
#5349=ORIENTED_EDGE('',*,*,#3788,.F.);
#5350=ORIENTED_EDGE('',*,*,#3787,.T.);
#5351=ORIENTED_EDGE('',*,*,#3789,.F.);
#5352=ORIENTED_EDGE('',*,*,#3790,.F.);
#5353=ORIENTED_EDGE('',*,*,#3791,.F.);
#5354=ORIENTED_EDGE('',*,*,#3790,.T.);
#5355=ORIENTED_EDGE('',*,*,#3792,.F.);
#5356=ORIENTED_EDGE('',*,*,#3793,.F.);
#5357=ORIENTED_EDGE('',*,*,#3794,.F.);
#5358=ORIENTED_EDGE('',*,*,#3793,.T.);
#5359=ORIENTED_EDGE('',*,*,#3795,.F.);
#5360=ORIENTED_EDGE('',*,*,#3796,.F.);
#5361=ORIENTED_EDGE('',*,*,#3797,.F.);
#5362=ORIENTED_EDGE('',*,*,#3796,.T.);
#5363=ORIENTED_EDGE('',*,*,#3798,.F.);
#5364=ORIENTED_EDGE('',*,*,#3799,.F.);
#5365=ORIENTED_EDGE('',*,*,#3800,.F.);
#5366=ORIENTED_EDGE('',*,*,#3799,.T.);
#5367=ORIENTED_EDGE('',*,*,#3801,.F.);
#5368=ORIENTED_EDGE('',*,*,#3802,.F.);
#5369=ORIENTED_EDGE('',*,*,#3803,.F.);
#5370=ORIENTED_EDGE('',*,*,#3802,.T.);
#5371=ORIENTED_EDGE('',*,*,#3804,.F.);
#5372=ORIENTED_EDGE('',*,*,#3805,.F.);
#5373=ORIENTED_EDGE('',*,*,#3806,.F.);
#5374=ORIENTED_EDGE('',*,*,#3805,.T.);
#5375=ORIENTED_EDGE('',*,*,#3807,.F.);
#5376=ORIENTED_EDGE('',*,*,#3808,.F.);
#5377=ORIENTED_EDGE('',*,*,#3809,.F.);
#5378=ORIENTED_EDGE('',*,*,#3808,.T.);
#5379=ORIENTED_EDGE('',*,*,#3810,.F.);
#5380=ORIENTED_EDGE('',*,*,#3811,.F.);
#5381=ORIENTED_EDGE('',*,*,#3812,.F.);
#5382=ORIENTED_EDGE('',*,*,#3811,.T.);
#5383=ORIENTED_EDGE('',*,*,#3813,.F.);
#5384=ORIENTED_EDGE('',*,*,#3814,.F.);
#5385=ORIENTED_EDGE('',*,*,#3815,.F.);
#5386=ORIENTED_EDGE('',*,*,#3814,.T.);
#5387=ORIENTED_EDGE('',*,*,#3816,.F.);
#5388=ORIENTED_EDGE('',*,*,#3817,.F.);
#5389=ORIENTED_EDGE('',*,*,#3818,.F.);
#5390=ORIENTED_EDGE('',*,*,#3817,.T.);
#5391=ORIENTED_EDGE('',*,*,#3819,.F.);
#5392=ORIENTED_EDGE('',*,*,#3820,.F.);
#5393=ORIENTED_EDGE('',*,*,#3821,.F.);
#5394=ORIENTED_EDGE('',*,*,#3820,.T.);
#5395=ORIENTED_EDGE('',*,*,#3822,.F.);
#5396=ORIENTED_EDGE('',*,*,#3823,.F.);
#5397=ORIENTED_EDGE('',*,*,#3824,.F.);
#5398=ORIENTED_EDGE('',*,*,#3823,.T.);
#5399=ORIENTED_EDGE('',*,*,#3825,.F.);
#5400=ORIENTED_EDGE('',*,*,#3826,.F.);
#5401=ORIENTED_EDGE('',*,*,#3827,.F.);
#5402=ORIENTED_EDGE('',*,*,#3826,.T.);
#5403=ORIENTED_EDGE('',*,*,#3828,.F.);
#5404=ORIENTED_EDGE('',*,*,#3829,.F.);
#5405=ORIENTED_EDGE('',*,*,#3830,.F.);
#5406=ORIENTED_EDGE('',*,*,#3829,.T.);
#5407=ORIENTED_EDGE('',*,*,#3831,.F.);
#5408=ORIENTED_EDGE('',*,*,#3746,.F.);
#5409=ORIENTED_EDGE('',*,*,#3831,.T.);
#5410=ORIENTED_EDGE('',*,*,#3828,.T.);
#5411=ORIENTED_EDGE('',*,*,#3825,.T.);
#5412=ORIENTED_EDGE('',*,*,#3822,.T.);
#5413=ORIENTED_EDGE('',*,*,#3819,.T.);
#5414=ORIENTED_EDGE('',*,*,#3816,.T.);
#5415=ORIENTED_EDGE('',*,*,#3813,.T.);
#5416=ORIENTED_EDGE('',*,*,#3810,.T.);
#5417=ORIENTED_EDGE('',*,*,#3807,.T.);
#5418=ORIENTED_EDGE('',*,*,#3804,.T.);
#5419=ORIENTED_EDGE('',*,*,#3801,.T.);
#5420=ORIENTED_EDGE('',*,*,#3798,.T.);
#5421=ORIENTED_EDGE('',*,*,#3795,.T.);
#5422=ORIENTED_EDGE('',*,*,#3792,.T.);
#5423=ORIENTED_EDGE('',*,*,#3789,.T.);
#5424=ORIENTED_EDGE('',*,*,#3786,.T.);
#5425=ORIENTED_EDGE('',*,*,#3783,.T.);
#5426=ORIENTED_EDGE('',*,*,#3780,.T.);
#5427=ORIENTED_EDGE('',*,*,#3777,.T.);
#5428=ORIENTED_EDGE('',*,*,#3774,.T.);
#5429=ORIENTED_EDGE('',*,*,#3771,.T.);
#5430=ORIENTED_EDGE('',*,*,#3768,.T.);
#5431=ORIENTED_EDGE('',*,*,#3765,.T.);
#5432=ORIENTED_EDGE('',*,*,#3762,.T.);
#5433=ORIENTED_EDGE('',*,*,#3759,.T.);
#5434=ORIENTED_EDGE('',*,*,#3756,.T.);
#5435=ORIENTED_EDGE('',*,*,#3753,.T.);
#5436=ORIENTED_EDGE('',*,*,#3750,.T.);
#5437=ORIENTED_EDGE('',*,*,#3747,.T.);
#5438=ORIENTED_EDGE('',*,*,#3830,.T.);
#5439=ORIENTED_EDGE('',*,*,#3745,.T.);
#5440=ORIENTED_EDGE('',*,*,#3749,.T.);
#5441=ORIENTED_EDGE('',*,*,#3752,.T.);
#5442=ORIENTED_EDGE('',*,*,#3755,.T.);
#5443=ORIENTED_EDGE('',*,*,#3758,.T.);
#5444=ORIENTED_EDGE('',*,*,#3761,.T.);
#5445=ORIENTED_EDGE('',*,*,#3764,.T.);
#5446=ORIENTED_EDGE('',*,*,#3767,.T.);
#5447=ORIENTED_EDGE('',*,*,#3770,.T.);
#5448=ORIENTED_EDGE('',*,*,#3773,.T.);
#5449=ORIENTED_EDGE('',*,*,#3776,.T.);
#5450=ORIENTED_EDGE('',*,*,#3779,.T.);
#5451=ORIENTED_EDGE('',*,*,#3782,.T.);
#5452=ORIENTED_EDGE('',*,*,#3785,.T.);
#5453=ORIENTED_EDGE('',*,*,#3788,.T.);
#5454=ORIENTED_EDGE('',*,*,#3791,.T.);
#5455=ORIENTED_EDGE('',*,*,#3794,.T.);
#5456=ORIENTED_EDGE('',*,*,#3797,.T.);
#5457=ORIENTED_EDGE('',*,*,#3800,.T.);
#5458=ORIENTED_EDGE('',*,*,#3803,.T.);
#5459=ORIENTED_EDGE('',*,*,#3806,.T.);
#5460=ORIENTED_EDGE('',*,*,#3809,.T.);
#5461=ORIENTED_EDGE('',*,*,#3812,.T.);
#5462=ORIENTED_EDGE('',*,*,#3815,.T.);
#5463=ORIENTED_EDGE('',*,*,#3818,.T.);
#5464=ORIENTED_EDGE('',*,*,#3821,.T.);
#5465=ORIENTED_EDGE('',*,*,#3824,.T.);
#5466=ORIENTED_EDGE('',*,*,#3827,.T.);
#5467=ORIENTED_EDGE('',*,*,#3832,.F.);
#5468=ORIENTED_EDGE('',*,*,#3833,.T.);
#5469=ORIENTED_EDGE('',*,*,#3834,.F.);
#5470=ORIENTED_EDGE('',*,*,#3835,.F.);
#5471=ORIENTED_EDGE('',*,*,#3836,.F.);
#5472=ORIENTED_EDGE('',*,*,#3835,.T.);
#5473=ORIENTED_EDGE('',*,*,#3837,.F.);
#5474=ORIENTED_EDGE('',*,*,#3838,.F.);
#5475=ORIENTED_EDGE('',*,*,#3839,.F.);
#5476=ORIENTED_EDGE('',*,*,#3838,.T.);
#5477=ORIENTED_EDGE('',*,*,#3840,.F.);
#5478=ORIENTED_EDGE('',*,*,#3841,.F.);
#5479=ORIENTED_EDGE('',*,*,#3842,.F.);
#5480=ORIENTED_EDGE('',*,*,#3841,.T.);
#5481=ORIENTED_EDGE('',*,*,#3843,.F.);
#5482=ORIENTED_EDGE('',*,*,#3844,.F.);
#5483=ORIENTED_EDGE('',*,*,#3845,.F.);
#5484=ORIENTED_EDGE('',*,*,#3844,.T.);
#5485=ORIENTED_EDGE('',*,*,#3846,.F.);
#5486=ORIENTED_EDGE('',*,*,#3847,.F.);
#5487=ORIENTED_EDGE('',*,*,#3848,.F.);
#5488=ORIENTED_EDGE('',*,*,#3847,.T.);
#5489=ORIENTED_EDGE('',*,*,#3849,.F.);
#5490=ORIENTED_EDGE('',*,*,#3850,.F.);
#5491=ORIENTED_EDGE('',*,*,#3851,.F.);
#5492=ORIENTED_EDGE('',*,*,#3850,.T.);
#5493=ORIENTED_EDGE('',*,*,#3852,.F.);
#5494=ORIENTED_EDGE('',*,*,#3853,.F.);
#5495=ORIENTED_EDGE('',*,*,#3854,.F.);
#5496=ORIENTED_EDGE('',*,*,#3853,.T.);
#5497=ORIENTED_EDGE('',*,*,#3855,.F.);
#5498=ORIENTED_EDGE('',*,*,#3833,.F.);
#5499=ORIENTED_EDGE('',*,*,#3856,.F.);
#5500=ORIENTED_EDGE('',*,*,#3857,.T.);
#5501=ORIENTED_EDGE('',*,*,#3858,.F.);
#5502=ORIENTED_EDGE('',*,*,#3859,.F.);
#5503=ORIENTED_EDGE('',*,*,#3860,.F.);
#5504=ORIENTED_EDGE('',*,*,#3859,.T.);
#5505=ORIENTED_EDGE('',*,*,#3861,.F.);
#5506=ORIENTED_EDGE('',*,*,#3862,.F.);
#5507=ORIENTED_EDGE('',*,*,#3863,.F.);
#5508=ORIENTED_EDGE('',*,*,#3862,.T.);
#5509=ORIENTED_EDGE('',*,*,#3864,.F.);
#5510=ORIENTED_EDGE('',*,*,#3865,.F.);
#5511=ORIENTED_EDGE('',*,*,#3866,.F.);
#5512=ORIENTED_EDGE('',*,*,#3865,.T.);
#5513=ORIENTED_EDGE('',*,*,#3867,.F.);
#5514=ORIENTED_EDGE('',*,*,#3868,.F.);
#5515=ORIENTED_EDGE('',*,*,#3869,.F.);
#5516=ORIENTED_EDGE('',*,*,#3868,.T.);
#5517=ORIENTED_EDGE('',*,*,#3870,.F.);
#5518=ORIENTED_EDGE('',*,*,#3871,.F.);
#5519=ORIENTED_EDGE('',*,*,#3872,.F.);
#5520=ORIENTED_EDGE('',*,*,#3871,.T.);
#5521=ORIENTED_EDGE('',*,*,#3873,.F.);
#5522=ORIENTED_EDGE('',*,*,#3874,.F.);
#5523=ORIENTED_EDGE('',*,*,#3875,.F.);
#5524=ORIENTED_EDGE('',*,*,#3874,.T.);
#5525=ORIENTED_EDGE('',*,*,#3876,.F.);
#5526=ORIENTED_EDGE('',*,*,#3877,.F.);
#5527=ORIENTED_EDGE('',*,*,#3878,.F.);
#5528=ORIENTED_EDGE('',*,*,#3877,.T.);
#5529=ORIENTED_EDGE('',*,*,#3879,.F.);
#5530=ORIENTED_EDGE('',*,*,#3880,.F.);
#5531=ORIENTED_EDGE('',*,*,#3881,.F.);
#5532=ORIENTED_EDGE('',*,*,#3880,.T.);
#5533=ORIENTED_EDGE('',*,*,#3882,.F.);
#5534=ORIENTED_EDGE('',*,*,#3883,.F.);
#5535=ORIENTED_EDGE('',*,*,#3884,.F.);
#5536=ORIENTED_EDGE('',*,*,#3883,.T.);
#5537=ORIENTED_EDGE('',*,*,#3885,.F.);
#5538=ORIENTED_EDGE('',*,*,#3886,.F.);
#5539=ORIENTED_EDGE('',*,*,#3887,.F.);
#5540=ORIENTED_EDGE('',*,*,#3886,.T.);
#5541=ORIENTED_EDGE('',*,*,#3888,.F.);
#5542=ORIENTED_EDGE('',*,*,#3889,.F.);
#5543=ORIENTED_EDGE('',*,*,#3890,.F.);
#5544=ORIENTED_EDGE('',*,*,#3889,.T.);
#5545=ORIENTED_EDGE('',*,*,#3891,.F.);
#5546=ORIENTED_EDGE('',*,*,#3892,.F.);
#5547=ORIENTED_EDGE('',*,*,#3893,.F.);
#5548=ORIENTED_EDGE('',*,*,#3892,.T.);
#5549=ORIENTED_EDGE('',*,*,#3894,.F.);
#5550=ORIENTED_EDGE('',*,*,#3895,.F.);
#5551=ORIENTED_EDGE('',*,*,#3896,.F.);
#5552=ORIENTED_EDGE('',*,*,#3895,.T.);
#5553=ORIENTED_EDGE('',*,*,#3897,.F.);
#5554=ORIENTED_EDGE('',*,*,#3857,.F.);
#5555=ORIENTED_EDGE('',*,*,#3897,.T.);
#5556=ORIENTED_EDGE('',*,*,#3894,.T.);
#5557=ORIENTED_EDGE('',*,*,#3891,.T.);
#5558=ORIENTED_EDGE('',*,*,#3888,.T.);
#5559=ORIENTED_EDGE('',*,*,#3885,.T.);
#5560=ORIENTED_EDGE('',*,*,#3882,.T.);
#5561=ORIENTED_EDGE('',*,*,#3879,.T.);
#5562=ORIENTED_EDGE('',*,*,#3876,.T.);
#5563=ORIENTED_EDGE('',*,*,#3873,.T.);
#5564=ORIENTED_EDGE('',*,*,#3870,.T.);
#5565=ORIENTED_EDGE('',*,*,#3867,.T.);
#5566=ORIENTED_EDGE('',*,*,#3864,.T.);
#5567=ORIENTED_EDGE('',*,*,#3861,.T.);
#5568=ORIENTED_EDGE('',*,*,#3858,.T.);
#5569=ORIENTED_EDGE('',*,*,#3855,.T.);
#5570=ORIENTED_EDGE('',*,*,#3852,.T.);
#5571=ORIENTED_EDGE('',*,*,#3849,.T.);
#5572=ORIENTED_EDGE('',*,*,#3846,.T.);
#5573=ORIENTED_EDGE('',*,*,#3843,.T.);
#5574=ORIENTED_EDGE('',*,*,#3840,.T.);
#5575=ORIENTED_EDGE('',*,*,#3837,.T.);
#5576=ORIENTED_EDGE('',*,*,#3834,.T.);
#5577=ORIENTED_EDGE('',*,*,#3896,.T.);
#5578=ORIENTED_EDGE('',*,*,#3856,.T.);
#5579=ORIENTED_EDGE('',*,*,#3860,.T.);
#5580=ORIENTED_EDGE('',*,*,#3863,.T.);
#5581=ORIENTED_EDGE('',*,*,#3866,.T.);
#5582=ORIENTED_EDGE('',*,*,#3869,.T.);
#5583=ORIENTED_EDGE('',*,*,#3872,.T.);
#5584=ORIENTED_EDGE('',*,*,#3875,.T.);
#5585=ORIENTED_EDGE('',*,*,#3878,.T.);
#5586=ORIENTED_EDGE('',*,*,#3881,.T.);
#5587=ORIENTED_EDGE('',*,*,#3884,.T.);
#5588=ORIENTED_EDGE('',*,*,#3887,.T.);
#5589=ORIENTED_EDGE('',*,*,#3890,.T.);
#5590=ORIENTED_EDGE('',*,*,#3893,.T.);
#5591=ORIENTED_EDGE('',*,*,#3854,.T.);
#5592=ORIENTED_EDGE('',*,*,#3832,.T.);
#5593=ORIENTED_EDGE('',*,*,#3836,.T.);
#5594=ORIENTED_EDGE('',*,*,#3839,.T.);
#5595=ORIENTED_EDGE('',*,*,#3842,.T.);
#5596=ORIENTED_EDGE('',*,*,#3845,.T.);
#5597=ORIENTED_EDGE('',*,*,#3848,.T.);
#5598=ORIENTED_EDGE('',*,*,#3851,.T.);
#5599=ORIENTED_EDGE('',*,*,#3898,.F.);
#5600=ORIENTED_EDGE('',*,*,#3899,.T.);
#5601=ORIENTED_EDGE('',*,*,#3900,.F.);
#5602=ORIENTED_EDGE('',*,*,#3901,.F.);
#5603=ORIENTED_EDGE('',*,*,#3902,.F.);
#5604=ORIENTED_EDGE('',*,*,#3901,.T.);
#5605=ORIENTED_EDGE('',*,*,#3903,.F.);
#5606=ORIENTED_EDGE('',*,*,#3904,.F.);
#5607=ORIENTED_EDGE('',*,*,#3905,.F.);
#5608=ORIENTED_EDGE('',*,*,#3904,.T.);
#5609=ORIENTED_EDGE('',*,*,#3906,.F.);
#5610=ORIENTED_EDGE('',*,*,#3907,.F.);
#5611=ORIENTED_EDGE('',*,*,#3908,.F.);
#5612=ORIENTED_EDGE('',*,*,#3907,.T.);
#5613=ORIENTED_EDGE('',*,*,#3909,.F.);
#5614=ORIENTED_EDGE('',*,*,#3910,.F.);
#5615=ORIENTED_EDGE('',*,*,#3911,.F.);
#5616=ORIENTED_EDGE('',*,*,#3910,.T.);
#5617=ORIENTED_EDGE('',*,*,#3912,.F.);
#5618=ORIENTED_EDGE('',*,*,#3913,.F.);
#5619=ORIENTED_EDGE('',*,*,#3914,.F.);
#5620=ORIENTED_EDGE('',*,*,#3913,.T.);
#5621=ORIENTED_EDGE('',*,*,#3915,.F.);
#5622=ORIENTED_EDGE('',*,*,#3916,.F.);
#5623=ORIENTED_EDGE('',*,*,#3917,.F.);
#5624=ORIENTED_EDGE('',*,*,#3916,.T.);
#5625=ORIENTED_EDGE('',*,*,#3918,.F.);
#5626=ORIENTED_EDGE('',*,*,#3919,.F.);
#5627=ORIENTED_EDGE('',*,*,#3920,.F.);
#5628=ORIENTED_EDGE('',*,*,#3919,.T.);
#5629=ORIENTED_EDGE('',*,*,#3921,.F.);
#5630=ORIENTED_EDGE('',*,*,#3922,.F.);
#5631=ORIENTED_EDGE('',*,*,#3923,.F.);
#5632=ORIENTED_EDGE('',*,*,#3922,.T.);
#5633=ORIENTED_EDGE('',*,*,#3924,.F.);
#5634=ORIENTED_EDGE('',*,*,#3925,.F.);
#5635=ORIENTED_EDGE('',*,*,#3926,.F.);
#5636=ORIENTED_EDGE('',*,*,#3925,.T.);
#5637=ORIENTED_EDGE('',*,*,#3927,.F.);
#5638=ORIENTED_EDGE('',*,*,#3899,.F.);
#5639=ORIENTED_EDGE('',*,*,#3928,.F.);
#5640=ORIENTED_EDGE('',*,*,#3929,.T.);
#5641=ORIENTED_EDGE('',*,*,#3930,.F.);
#5642=ORIENTED_EDGE('',*,*,#3931,.F.);
#5643=ORIENTED_EDGE('',*,*,#3932,.F.);
#5644=ORIENTED_EDGE('',*,*,#3931,.T.);
#5645=ORIENTED_EDGE('',*,*,#3933,.F.);
#5646=ORIENTED_EDGE('',*,*,#3934,.F.);
#5647=ORIENTED_EDGE('',*,*,#3935,.F.);
#5648=ORIENTED_EDGE('',*,*,#3934,.T.);
#5649=ORIENTED_EDGE('',*,*,#3936,.F.);
#5650=ORIENTED_EDGE('',*,*,#3937,.F.);
#5651=ORIENTED_EDGE('',*,*,#3938,.F.);
#5652=ORIENTED_EDGE('',*,*,#3937,.T.);
#5653=ORIENTED_EDGE('',*,*,#3939,.F.);
#5654=ORIENTED_EDGE('',*,*,#3940,.F.);
#5655=ORIENTED_EDGE('',*,*,#3941,.F.);
#5656=ORIENTED_EDGE('',*,*,#3940,.T.);
#5657=ORIENTED_EDGE('',*,*,#3942,.F.);
#5658=ORIENTED_EDGE('',*,*,#3943,.F.);
#5659=ORIENTED_EDGE('',*,*,#3944,.F.);
#5660=ORIENTED_EDGE('',*,*,#3943,.T.);
#5661=ORIENTED_EDGE('',*,*,#3945,.F.);
#5662=ORIENTED_EDGE('',*,*,#3946,.F.);
#5663=ORIENTED_EDGE('',*,*,#3947,.F.);
#5664=ORIENTED_EDGE('',*,*,#3946,.T.);
#5665=ORIENTED_EDGE('',*,*,#3948,.F.);
#5666=ORIENTED_EDGE('',*,*,#3949,.F.);
#5667=ORIENTED_EDGE('',*,*,#3950,.F.);
#5668=ORIENTED_EDGE('',*,*,#3949,.T.);
#5669=ORIENTED_EDGE('',*,*,#3951,.F.);
#5670=ORIENTED_EDGE('',*,*,#3952,.F.);
#5671=ORIENTED_EDGE('',*,*,#3953,.F.);
#5672=ORIENTED_EDGE('',*,*,#3952,.T.);
#5673=ORIENTED_EDGE('',*,*,#3954,.F.);
#5674=ORIENTED_EDGE('',*,*,#3955,.F.);
#5675=ORIENTED_EDGE('',*,*,#3956,.F.);
#5676=ORIENTED_EDGE('',*,*,#3955,.T.);
#5677=ORIENTED_EDGE('',*,*,#3957,.F.);
#5678=ORIENTED_EDGE('',*,*,#3958,.F.);
#5679=ORIENTED_EDGE('',*,*,#3959,.F.);
#5680=ORIENTED_EDGE('',*,*,#3958,.T.);
#5681=ORIENTED_EDGE('',*,*,#3960,.F.);
#5682=ORIENTED_EDGE('',*,*,#3961,.F.);
#5683=ORIENTED_EDGE('',*,*,#3962,.F.);
#5684=ORIENTED_EDGE('',*,*,#3961,.T.);
#5685=ORIENTED_EDGE('',*,*,#3963,.F.);
#5686=ORIENTED_EDGE('',*,*,#3964,.F.);
#5687=ORIENTED_EDGE('',*,*,#3965,.F.);
#5688=ORIENTED_EDGE('',*,*,#3964,.T.);
#5689=ORIENTED_EDGE('',*,*,#3966,.F.);
#5690=ORIENTED_EDGE('',*,*,#3967,.F.);
#5691=ORIENTED_EDGE('',*,*,#3968,.F.);
#5692=ORIENTED_EDGE('',*,*,#3967,.T.);
#5693=ORIENTED_EDGE('',*,*,#3969,.F.);
#5694=ORIENTED_EDGE('',*,*,#3970,.F.);
#5695=ORIENTED_EDGE('',*,*,#3971,.F.);
#5696=ORIENTED_EDGE('',*,*,#3970,.T.);
#5697=ORIENTED_EDGE('',*,*,#3972,.F.);
#5698=ORIENTED_EDGE('',*,*,#3973,.F.);
#5699=ORIENTED_EDGE('',*,*,#3974,.F.);
#5700=ORIENTED_EDGE('',*,*,#3973,.T.);
#5701=ORIENTED_EDGE('',*,*,#3975,.F.);
#5702=ORIENTED_EDGE('',*,*,#3976,.F.);
#5703=ORIENTED_EDGE('',*,*,#3977,.F.);
#5704=ORIENTED_EDGE('',*,*,#3976,.T.);
#5705=ORIENTED_EDGE('',*,*,#3978,.F.);
#5706=ORIENTED_EDGE('',*,*,#3979,.F.);
#5707=ORIENTED_EDGE('',*,*,#3980,.F.);
#5708=ORIENTED_EDGE('',*,*,#3979,.T.);
#5709=ORIENTED_EDGE('',*,*,#3981,.F.);
#5710=ORIENTED_EDGE('',*,*,#3982,.F.);
#5711=ORIENTED_EDGE('',*,*,#3983,.F.);
#5712=ORIENTED_EDGE('',*,*,#3982,.T.);
#5713=ORIENTED_EDGE('',*,*,#3984,.F.);
#5714=ORIENTED_EDGE('',*,*,#3985,.F.);
#5715=ORIENTED_EDGE('',*,*,#3986,.F.);
#5716=ORIENTED_EDGE('',*,*,#3985,.T.);
#5717=ORIENTED_EDGE('',*,*,#3987,.F.);
#5718=ORIENTED_EDGE('',*,*,#3988,.F.);
#5719=ORIENTED_EDGE('',*,*,#3989,.F.);
#5720=ORIENTED_EDGE('',*,*,#3988,.T.);
#5721=ORIENTED_EDGE('',*,*,#3990,.F.);
#5722=ORIENTED_EDGE('',*,*,#3991,.F.);
#5723=ORIENTED_EDGE('',*,*,#3992,.F.);
#5724=ORIENTED_EDGE('',*,*,#3991,.T.);
#5725=ORIENTED_EDGE('',*,*,#3993,.F.);
#5726=ORIENTED_EDGE('',*,*,#3994,.F.);
#5727=ORIENTED_EDGE('',*,*,#3995,.F.);
#5728=ORIENTED_EDGE('',*,*,#3994,.T.);
#5729=ORIENTED_EDGE('',*,*,#3996,.F.);
#5730=ORIENTED_EDGE('',*,*,#3997,.F.);
#5731=ORIENTED_EDGE('',*,*,#3998,.F.);
#5732=ORIENTED_EDGE('',*,*,#3997,.T.);
#5733=ORIENTED_EDGE('',*,*,#3999,.F.);
#5734=ORIENTED_EDGE('',*,*,#4000,.F.);
#5735=ORIENTED_EDGE('',*,*,#4001,.F.);
#5736=ORIENTED_EDGE('',*,*,#4000,.T.);
#5737=ORIENTED_EDGE('',*,*,#4002,.F.);
#5738=ORIENTED_EDGE('',*,*,#4003,.F.);
#5739=ORIENTED_EDGE('',*,*,#4004,.F.);
#5740=ORIENTED_EDGE('',*,*,#4003,.T.);
#5741=ORIENTED_EDGE('',*,*,#4005,.F.);
#5742=ORIENTED_EDGE('',*,*,#4006,.F.);
#5743=ORIENTED_EDGE('',*,*,#4007,.F.);
#5744=ORIENTED_EDGE('',*,*,#4006,.T.);
#5745=ORIENTED_EDGE('',*,*,#4008,.F.);
#5746=ORIENTED_EDGE('',*,*,#3929,.F.);
#5747=ORIENTED_EDGE('',*,*,#4008,.T.);
#5748=ORIENTED_EDGE('',*,*,#4005,.T.);
#5749=ORIENTED_EDGE('',*,*,#4002,.T.);
#5750=ORIENTED_EDGE('',*,*,#3999,.T.);
#5751=ORIENTED_EDGE('',*,*,#3996,.T.);
#5752=ORIENTED_EDGE('',*,*,#3993,.T.);
#5753=ORIENTED_EDGE('',*,*,#3990,.T.);
#5754=ORIENTED_EDGE('',*,*,#3987,.T.);
#5755=ORIENTED_EDGE('',*,*,#3984,.T.);
#5756=ORIENTED_EDGE('',*,*,#3981,.T.);
#5757=ORIENTED_EDGE('',*,*,#3978,.T.);
#5758=ORIENTED_EDGE('',*,*,#3975,.T.);
#5759=ORIENTED_EDGE('',*,*,#3972,.T.);
#5760=ORIENTED_EDGE('',*,*,#3969,.T.);
#5761=ORIENTED_EDGE('',*,*,#3966,.T.);
#5762=ORIENTED_EDGE('',*,*,#3963,.T.);
#5763=ORIENTED_EDGE('',*,*,#3960,.T.);
#5764=ORIENTED_EDGE('',*,*,#3957,.T.);
#5765=ORIENTED_EDGE('',*,*,#3954,.T.);
#5766=ORIENTED_EDGE('',*,*,#3951,.T.);
#5767=ORIENTED_EDGE('',*,*,#3948,.T.);
#5768=ORIENTED_EDGE('',*,*,#3945,.T.);
#5769=ORIENTED_EDGE('',*,*,#3942,.T.);
#5770=ORIENTED_EDGE('',*,*,#3939,.T.);
#5771=ORIENTED_EDGE('',*,*,#3936,.T.);
#5772=ORIENTED_EDGE('',*,*,#3933,.T.);
#5773=ORIENTED_EDGE('',*,*,#3930,.T.);
#5774=ORIENTED_EDGE('',*,*,#3927,.T.);
#5775=ORIENTED_EDGE('',*,*,#3924,.T.);
#5776=ORIENTED_EDGE('',*,*,#3921,.T.);
#5777=ORIENTED_EDGE('',*,*,#3918,.T.);
#5778=ORIENTED_EDGE('',*,*,#3915,.T.);
#5779=ORIENTED_EDGE('',*,*,#3912,.T.);
#5780=ORIENTED_EDGE('',*,*,#3909,.T.);
#5781=ORIENTED_EDGE('',*,*,#3906,.T.);
#5782=ORIENTED_EDGE('',*,*,#3903,.T.);
#5783=ORIENTED_EDGE('',*,*,#3900,.T.);
#5784=ORIENTED_EDGE('',*,*,#4007,.T.);
#5785=ORIENTED_EDGE('',*,*,#3928,.T.);
#5786=ORIENTED_EDGE('',*,*,#3932,.T.);
#5787=ORIENTED_EDGE('',*,*,#3935,.T.);
#5788=ORIENTED_EDGE('',*,*,#3938,.T.);
#5789=ORIENTED_EDGE('',*,*,#3941,.T.);
#5790=ORIENTED_EDGE('',*,*,#3944,.T.);
#5791=ORIENTED_EDGE('',*,*,#3947,.T.);
#5792=ORIENTED_EDGE('',*,*,#3950,.T.);
#5793=ORIENTED_EDGE('',*,*,#3953,.T.);
#5794=ORIENTED_EDGE('',*,*,#3956,.T.);
#5795=ORIENTED_EDGE('',*,*,#3959,.T.);
#5796=ORIENTED_EDGE('',*,*,#3962,.T.);
#5797=ORIENTED_EDGE('',*,*,#3965,.T.);
#5798=ORIENTED_EDGE('',*,*,#3968,.T.);
#5799=ORIENTED_EDGE('',*,*,#3971,.T.);
#5800=ORIENTED_EDGE('',*,*,#3974,.T.);
#5801=ORIENTED_EDGE('',*,*,#3977,.T.);
#5802=ORIENTED_EDGE('',*,*,#3980,.T.);
#5803=ORIENTED_EDGE('',*,*,#3983,.T.);
#5804=ORIENTED_EDGE('',*,*,#3986,.T.);
#5805=ORIENTED_EDGE('',*,*,#3989,.T.);
#5806=ORIENTED_EDGE('',*,*,#3992,.T.);
#5807=ORIENTED_EDGE('',*,*,#3995,.T.);
#5808=ORIENTED_EDGE('',*,*,#3998,.T.);
#5809=ORIENTED_EDGE('',*,*,#4001,.T.);
#5810=ORIENTED_EDGE('',*,*,#4004,.T.);
#5811=ORIENTED_EDGE('',*,*,#3926,.T.);
#5812=ORIENTED_EDGE('',*,*,#3898,.T.);
#5813=ORIENTED_EDGE('',*,*,#3902,.T.);
#5814=ORIENTED_EDGE('',*,*,#3905,.T.);
#5815=ORIENTED_EDGE('',*,*,#3908,.T.);
#5816=ORIENTED_EDGE('',*,*,#3911,.T.);
#5817=ORIENTED_EDGE('',*,*,#3914,.T.);
#5818=ORIENTED_EDGE('',*,*,#3917,.T.);
#5819=ORIENTED_EDGE('',*,*,#3920,.T.);
#5820=ORIENTED_EDGE('',*,*,#3923,.T.);
#5821=ORIENTED_EDGE('',*,*,#4009,.F.);
#5822=ORIENTED_EDGE('',*,*,#4010,.T.);
#5823=ORIENTED_EDGE('',*,*,#4011,.F.);
#5824=ORIENTED_EDGE('',*,*,#4012,.F.);
#5825=ORIENTED_EDGE('',*,*,#4013,.F.);
#5826=ORIENTED_EDGE('',*,*,#4012,.T.);
#5827=ORIENTED_EDGE('',*,*,#4014,.F.);
#5828=ORIENTED_EDGE('',*,*,#4015,.F.);
#5829=ORIENTED_EDGE('',*,*,#4016,.F.);
#5830=ORIENTED_EDGE('',*,*,#4015,.T.);
#5831=ORIENTED_EDGE('',*,*,#4017,.F.);
#5832=ORIENTED_EDGE('',*,*,#4018,.F.);
#5833=ORIENTED_EDGE('',*,*,#4019,.F.);
#5834=ORIENTED_EDGE('',*,*,#4018,.T.);
#5835=ORIENTED_EDGE('',*,*,#4020,.F.);
#5836=ORIENTED_EDGE('',*,*,#4021,.F.);
#5837=ORIENTED_EDGE('',*,*,#4022,.F.);
#5838=ORIENTED_EDGE('',*,*,#4021,.T.);
#5839=ORIENTED_EDGE('',*,*,#4023,.F.);
#5840=ORIENTED_EDGE('',*,*,#4024,.F.);
#5841=ORIENTED_EDGE('',*,*,#4025,.F.);
#5842=ORIENTED_EDGE('',*,*,#4024,.T.);
#5843=ORIENTED_EDGE('',*,*,#4026,.F.);
#5844=ORIENTED_EDGE('',*,*,#4027,.F.);
#5845=ORIENTED_EDGE('',*,*,#4028,.F.);
#5846=ORIENTED_EDGE('',*,*,#4027,.T.);
#5847=ORIENTED_EDGE('',*,*,#4029,.F.);
#5848=ORIENTED_EDGE('',*,*,#4030,.F.);
#5849=ORIENTED_EDGE('',*,*,#4031,.F.);
#5850=ORIENTED_EDGE('',*,*,#4030,.T.);
#5851=ORIENTED_EDGE('',*,*,#4032,.F.);
#5852=ORIENTED_EDGE('',*,*,#4033,.F.);
#5853=ORIENTED_EDGE('',*,*,#4034,.F.);
#5854=ORIENTED_EDGE('',*,*,#4033,.T.);
#5855=ORIENTED_EDGE('',*,*,#4035,.F.);
#5856=ORIENTED_EDGE('',*,*,#4036,.F.);
#5857=ORIENTED_EDGE('',*,*,#4037,.F.);
#5858=ORIENTED_EDGE('',*,*,#4036,.T.);
#5859=ORIENTED_EDGE('',*,*,#4038,.F.);
#5860=ORIENTED_EDGE('',*,*,#4010,.F.);
#5861=ORIENTED_EDGE('',*,*,#4039,.F.);
#5862=ORIENTED_EDGE('',*,*,#4040,.T.);
#5863=ORIENTED_EDGE('',*,*,#4041,.F.);
#5864=ORIENTED_EDGE('',*,*,#4042,.F.);
#5865=ORIENTED_EDGE('',*,*,#4043,.F.);
#5866=ORIENTED_EDGE('',*,*,#4042,.T.);
#5867=ORIENTED_EDGE('',*,*,#4044,.F.);
#5868=ORIENTED_EDGE('',*,*,#4045,.F.);
#5869=ORIENTED_EDGE('',*,*,#4046,.F.);
#5870=ORIENTED_EDGE('',*,*,#4045,.T.);
#5871=ORIENTED_EDGE('',*,*,#4047,.F.);
#5872=ORIENTED_EDGE('',*,*,#4048,.F.);
#5873=ORIENTED_EDGE('',*,*,#4049,.F.);
#5874=ORIENTED_EDGE('',*,*,#4048,.T.);
#5875=ORIENTED_EDGE('',*,*,#4050,.F.);
#5876=ORIENTED_EDGE('',*,*,#4051,.F.);
#5877=ORIENTED_EDGE('',*,*,#4052,.F.);
#5878=ORIENTED_EDGE('',*,*,#4051,.T.);
#5879=ORIENTED_EDGE('',*,*,#4053,.F.);
#5880=ORIENTED_EDGE('',*,*,#4054,.F.);
#5881=ORIENTED_EDGE('',*,*,#4055,.F.);
#5882=ORIENTED_EDGE('',*,*,#4054,.T.);
#5883=ORIENTED_EDGE('',*,*,#4056,.F.);
#5884=ORIENTED_EDGE('',*,*,#4057,.F.);
#5885=ORIENTED_EDGE('',*,*,#4058,.F.);
#5886=ORIENTED_EDGE('',*,*,#4057,.T.);
#5887=ORIENTED_EDGE('',*,*,#4059,.F.);
#5888=ORIENTED_EDGE('',*,*,#4060,.F.);
#5889=ORIENTED_EDGE('',*,*,#4061,.F.);
#5890=ORIENTED_EDGE('',*,*,#4060,.T.);
#5891=ORIENTED_EDGE('',*,*,#4062,.F.);
#5892=ORIENTED_EDGE('',*,*,#4063,.F.);
#5893=ORIENTED_EDGE('',*,*,#4064,.F.);
#5894=ORIENTED_EDGE('',*,*,#4063,.T.);
#5895=ORIENTED_EDGE('',*,*,#4065,.F.);
#5896=ORIENTED_EDGE('',*,*,#4066,.F.);
#5897=ORIENTED_EDGE('',*,*,#4067,.F.);
#5898=ORIENTED_EDGE('',*,*,#4066,.T.);
#5899=ORIENTED_EDGE('',*,*,#4068,.F.);
#5900=ORIENTED_EDGE('',*,*,#4069,.F.);
#5901=ORIENTED_EDGE('',*,*,#4070,.F.);
#5902=ORIENTED_EDGE('',*,*,#4069,.T.);
#5903=ORIENTED_EDGE('',*,*,#4071,.F.);
#5904=ORIENTED_EDGE('',*,*,#4072,.F.);
#5905=ORIENTED_EDGE('',*,*,#4073,.F.);
#5906=ORIENTED_EDGE('',*,*,#4072,.T.);
#5907=ORIENTED_EDGE('',*,*,#4074,.F.);
#5908=ORIENTED_EDGE('',*,*,#4075,.F.);
#5909=ORIENTED_EDGE('',*,*,#4076,.F.);
#5910=ORIENTED_EDGE('',*,*,#4075,.T.);
#5911=ORIENTED_EDGE('',*,*,#4077,.F.);
#5912=ORIENTED_EDGE('',*,*,#4078,.F.);
#5913=ORIENTED_EDGE('',*,*,#4079,.F.);
#5914=ORIENTED_EDGE('',*,*,#4078,.T.);
#5915=ORIENTED_EDGE('',*,*,#4080,.F.);
#5916=ORIENTED_EDGE('',*,*,#4081,.F.);
#5917=ORIENTED_EDGE('',*,*,#4082,.F.);
#5918=ORIENTED_EDGE('',*,*,#4081,.T.);
#5919=ORIENTED_EDGE('',*,*,#4083,.F.);
#5920=ORIENTED_EDGE('',*,*,#4084,.F.);
#5921=ORIENTED_EDGE('',*,*,#4085,.F.);
#5922=ORIENTED_EDGE('',*,*,#4084,.T.);
#5923=ORIENTED_EDGE('',*,*,#4086,.F.);
#5924=ORIENTED_EDGE('',*,*,#4087,.F.);
#5925=ORIENTED_EDGE('',*,*,#4088,.F.);
#5926=ORIENTED_EDGE('',*,*,#4087,.T.);
#5927=ORIENTED_EDGE('',*,*,#4089,.F.);
#5928=ORIENTED_EDGE('',*,*,#4090,.F.);
#5929=ORIENTED_EDGE('',*,*,#4091,.F.);
#5930=ORIENTED_EDGE('',*,*,#4090,.T.);
#5931=ORIENTED_EDGE('',*,*,#4092,.F.);
#5932=ORIENTED_EDGE('',*,*,#4093,.F.);
#5933=ORIENTED_EDGE('',*,*,#4094,.F.);
#5934=ORIENTED_EDGE('',*,*,#4093,.T.);
#5935=ORIENTED_EDGE('',*,*,#4095,.F.);
#5936=ORIENTED_EDGE('',*,*,#4096,.F.);
#5937=ORIENTED_EDGE('',*,*,#4097,.F.);
#5938=ORIENTED_EDGE('',*,*,#4096,.T.);
#5939=ORIENTED_EDGE('',*,*,#4098,.F.);
#5940=ORIENTED_EDGE('',*,*,#4099,.F.);
#5941=ORIENTED_EDGE('',*,*,#4100,.F.);
#5942=ORIENTED_EDGE('',*,*,#4099,.T.);
#5943=ORIENTED_EDGE('',*,*,#4101,.F.);
#5944=ORIENTED_EDGE('',*,*,#4102,.F.);
#5945=ORIENTED_EDGE('',*,*,#4103,.F.);
#5946=ORIENTED_EDGE('',*,*,#4102,.T.);
#5947=ORIENTED_EDGE('',*,*,#4104,.F.);
#5948=ORIENTED_EDGE('',*,*,#4105,.F.);
#5949=ORIENTED_EDGE('',*,*,#4106,.F.);
#5950=ORIENTED_EDGE('',*,*,#4105,.T.);
#5951=ORIENTED_EDGE('',*,*,#4107,.F.);
#5952=ORIENTED_EDGE('',*,*,#4108,.F.);
#5953=ORIENTED_EDGE('',*,*,#4109,.F.);
#5954=ORIENTED_EDGE('',*,*,#4108,.T.);
#5955=ORIENTED_EDGE('',*,*,#4110,.F.);
#5956=ORIENTED_EDGE('',*,*,#4111,.F.);
#5957=ORIENTED_EDGE('',*,*,#4112,.F.);
#5958=ORIENTED_EDGE('',*,*,#4111,.T.);
#5959=ORIENTED_EDGE('',*,*,#4113,.F.);
#5960=ORIENTED_EDGE('',*,*,#4114,.F.);
#5961=ORIENTED_EDGE('',*,*,#4115,.F.);
#5962=ORIENTED_EDGE('',*,*,#4114,.T.);
#5963=ORIENTED_EDGE('',*,*,#4116,.F.);
#5964=ORIENTED_EDGE('',*,*,#4117,.F.);
#5965=ORIENTED_EDGE('',*,*,#4118,.F.);
#5966=ORIENTED_EDGE('',*,*,#4117,.T.);
#5967=ORIENTED_EDGE('',*,*,#4119,.F.);
#5968=ORIENTED_EDGE('',*,*,#4040,.F.);
#5969=ORIENTED_EDGE('',*,*,#4119,.T.);
#5970=ORIENTED_EDGE('',*,*,#4116,.T.);
#5971=ORIENTED_EDGE('',*,*,#4113,.T.);
#5972=ORIENTED_EDGE('',*,*,#4110,.T.);
#5973=ORIENTED_EDGE('',*,*,#4107,.T.);
#5974=ORIENTED_EDGE('',*,*,#4104,.T.);
#5975=ORIENTED_EDGE('',*,*,#4101,.T.);
#5976=ORIENTED_EDGE('',*,*,#4098,.T.);
#5977=ORIENTED_EDGE('',*,*,#4095,.T.);
#5978=ORIENTED_EDGE('',*,*,#4092,.T.);
#5979=ORIENTED_EDGE('',*,*,#4089,.T.);
#5980=ORIENTED_EDGE('',*,*,#4086,.T.);
#5981=ORIENTED_EDGE('',*,*,#4083,.T.);
#5982=ORIENTED_EDGE('',*,*,#4080,.T.);
#5983=ORIENTED_EDGE('',*,*,#4077,.T.);
#5984=ORIENTED_EDGE('',*,*,#4074,.T.);
#5985=ORIENTED_EDGE('',*,*,#4071,.T.);
#5986=ORIENTED_EDGE('',*,*,#4068,.T.);
#5987=ORIENTED_EDGE('',*,*,#4065,.T.);
#5988=ORIENTED_EDGE('',*,*,#4062,.T.);
#5989=ORIENTED_EDGE('',*,*,#4059,.T.);
#5990=ORIENTED_EDGE('',*,*,#4056,.T.);
#5991=ORIENTED_EDGE('',*,*,#4053,.T.);
#5992=ORIENTED_EDGE('',*,*,#4050,.T.);
#5993=ORIENTED_EDGE('',*,*,#4047,.T.);
#5994=ORIENTED_EDGE('',*,*,#4044,.T.);
#5995=ORIENTED_EDGE('',*,*,#4041,.T.);
#5996=ORIENTED_EDGE('',*,*,#4038,.T.);
#5997=ORIENTED_EDGE('',*,*,#4035,.T.);
#5998=ORIENTED_EDGE('',*,*,#4032,.T.);
#5999=ORIENTED_EDGE('',*,*,#4029,.T.);
#6000=ORIENTED_EDGE('',*,*,#4026,.T.);
#6001=ORIENTED_EDGE('',*,*,#4023,.T.);
#6002=ORIENTED_EDGE('',*,*,#4020,.T.);
#6003=ORIENTED_EDGE('',*,*,#4017,.T.);
#6004=ORIENTED_EDGE('',*,*,#4014,.T.);
#6005=ORIENTED_EDGE('',*,*,#4011,.T.);
#6006=ORIENTED_EDGE('',*,*,#4118,.T.);
#6007=ORIENTED_EDGE('',*,*,#4039,.T.);
#6008=ORIENTED_EDGE('',*,*,#4043,.T.);
#6009=ORIENTED_EDGE('',*,*,#4046,.T.);
#6010=ORIENTED_EDGE('',*,*,#4049,.T.);
#6011=ORIENTED_EDGE('',*,*,#4052,.T.);
#6012=ORIENTED_EDGE('',*,*,#4055,.T.);
#6013=ORIENTED_EDGE('',*,*,#4058,.T.);
#6014=ORIENTED_EDGE('',*,*,#4061,.T.);
#6015=ORIENTED_EDGE('',*,*,#4064,.T.);
#6016=ORIENTED_EDGE('',*,*,#4067,.T.);
#6017=ORIENTED_EDGE('',*,*,#4070,.T.);
#6018=ORIENTED_EDGE('',*,*,#4073,.T.);
#6019=ORIENTED_EDGE('',*,*,#4076,.T.);
#6020=ORIENTED_EDGE('',*,*,#4079,.T.);
#6021=ORIENTED_EDGE('',*,*,#4082,.T.);
#6022=ORIENTED_EDGE('',*,*,#4085,.T.);
#6023=ORIENTED_EDGE('',*,*,#4088,.T.);
#6024=ORIENTED_EDGE('',*,*,#4091,.T.);
#6025=ORIENTED_EDGE('',*,*,#4094,.T.);
#6026=ORIENTED_EDGE('',*,*,#4097,.T.);
#6027=ORIENTED_EDGE('',*,*,#4100,.T.);
#6028=ORIENTED_EDGE('',*,*,#4103,.T.);
#6029=ORIENTED_EDGE('',*,*,#4106,.T.);
#6030=ORIENTED_EDGE('',*,*,#4109,.T.);
#6031=ORIENTED_EDGE('',*,*,#4112,.T.);
#6032=ORIENTED_EDGE('',*,*,#4115,.T.);
#6033=ORIENTED_EDGE('',*,*,#4037,.T.);
#6034=ORIENTED_EDGE('',*,*,#4009,.T.);
#6035=ORIENTED_EDGE('',*,*,#4013,.T.);
#6036=ORIENTED_EDGE('',*,*,#4016,.T.);
#6037=ORIENTED_EDGE('',*,*,#4019,.T.);
#6038=ORIENTED_EDGE('',*,*,#4022,.T.);
#6039=ORIENTED_EDGE('',*,*,#4025,.T.);
#6040=ORIENTED_EDGE('',*,*,#4028,.T.);
#6041=ORIENTED_EDGE('',*,*,#4031,.T.);
#6042=ORIENTED_EDGE('',*,*,#4034,.T.);
#6043=ORIENTED_EDGE('',*,*,#4120,.F.);
#6044=ORIENTED_EDGE('',*,*,#4121,.T.);
#6045=ORIENTED_EDGE('',*,*,#4122,.F.);
#6046=ORIENTED_EDGE('',*,*,#4123,.F.);
#6047=ORIENTED_EDGE('',*,*,#4124,.F.);
#6048=ORIENTED_EDGE('',*,*,#4123,.T.);
#6049=ORIENTED_EDGE('',*,*,#4125,.F.);
#6050=ORIENTED_EDGE('',*,*,#4126,.F.);
#6051=ORIENTED_EDGE('',*,*,#4127,.F.);
#6052=ORIENTED_EDGE('',*,*,#4126,.T.);
#6053=ORIENTED_EDGE('',*,*,#4128,.F.);
#6054=ORIENTED_EDGE('',*,*,#4129,.F.);
#6055=ORIENTED_EDGE('',*,*,#4130,.F.);
#6056=ORIENTED_EDGE('',*,*,#4129,.T.);
#6057=ORIENTED_EDGE('',*,*,#4131,.F.);
#6058=ORIENTED_EDGE('',*,*,#4132,.F.);
#6059=ORIENTED_EDGE('',*,*,#4133,.F.);
#6060=ORIENTED_EDGE('',*,*,#4132,.T.);
#6061=ORIENTED_EDGE('',*,*,#4134,.F.);
#6062=ORIENTED_EDGE('',*,*,#4135,.F.);
#6063=ORIENTED_EDGE('',*,*,#4136,.F.);
#6064=ORIENTED_EDGE('',*,*,#4135,.T.);
#6065=ORIENTED_EDGE('',*,*,#4137,.F.);
#6066=ORIENTED_EDGE('',*,*,#4138,.F.);
#6067=ORIENTED_EDGE('',*,*,#4139,.F.);
#6068=ORIENTED_EDGE('',*,*,#4138,.T.);
#6069=ORIENTED_EDGE('',*,*,#4140,.F.);
#6070=ORIENTED_EDGE('',*,*,#4141,.F.);
#6071=ORIENTED_EDGE('',*,*,#4142,.F.);
#6072=ORIENTED_EDGE('',*,*,#4141,.T.);
#6073=ORIENTED_EDGE('',*,*,#4143,.F.);
#6074=ORIENTED_EDGE('',*,*,#4144,.F.);
#6075=ORIENTED_EDGE('',*,*,#4145,.F.);
#6076=ORIENTED_EDGE('',*,*,#4144,.T.);
#6077=ORIENTED_EDGE('',*,*,#4146,.F.);
#6078=ORIENTED_EDGE('',*,*,#4147,.F.);
#6079=ORIENTED_EDGE('',*,*,#4148,.F.);
#6080=ORIENTED_EDGE('',*,*,#4147,.T.);
#6081=ORIENTED_EDGE('',*,*,#4149,.F.);
#6082=ORIENTED_EDGE('',*,*,#4150,.F.);
#6083=ORIENTED_EDGE('',*,*,#4151,.F.);
#6084=ORIENTED_EDGE('',*,*,#4150,.T.);
#6085=ORIENTED_EDGE('',*,*,#4152,.F.);
#6086=ORIENTED_EDGE('',*,*,#4153,.F.);
#6087=ORIENTED_EDGE('',*,*,#4154,.F.);
#6088=ORIENTED_EDGE('',*,*,#4153,.T.);
#6089=ORIENTED_EDGE('',*,*,#4155,.F.);
#6090=ORIENTED_EDGE('',*,*,#4156,.F.);
#6091=ORIENTED_EDGE('',*,*,#4157,.F.);
#6092=ORIENTED_EDGE('',*,*,#4156,.T.);
#6093=ORIENTED_EDGE('',*,*,#4158,.F.);
#6094=ORIENTED_EDGE('',*,*,#4159,.F.);
#6095=ORIENTED_EDGE('',*,*,#4160,.F.);
#6096=ORIENTED_EDGE('',*,*,#4159,.T.);
#6097=ORIENTED_EDGE('',*,*,#4161,.F.);
#6098=ORIENTED_EDGE('',*,*,#4162,.F.);
#6099=ORIENTED_EDGE('',*,*,#4163,.F.);
#6100=ORIENTED_EDGE('',*,*,#4162,.T.);
#6101=ORIENTED_EDGE('',*,*,#4164,.F.);
#6102=ORIENTED_EDGE('',*,*,#4165,.F.);
#6103=ORIENTED_EDGE('',*,*,#4166,.F.);
#6104=ORIENTED_EDGE('',*,*,#4165,.T.);
#6105=ORIENTED_EDGE('',*,*,#4167,.F.);
#6106=ORIENTED_EDGE('',*,*,#4168,.F.);
#6107=ORIENTED_EDGE('',*,*,#4169,.F.);
#6108=ORIENTED_EDGE('',*,*,#4168,.T.);
#6109=ORIENTED_EDGE('',*,*,#4170,.F.);
#6110=ORIENTED_EDGE('',*,*,#4121,.F.);
#6111=ORIENTED_EDGE('',*,*,#4170,.T.);
#6112=ORIENTED_EDGE('',*,*,#4167,.T.);
#6113=ORIENTED_EDGE('',*,*,#4164,.T.);
#6114=ORIENTED_EDGE('',*,*,#4161,.T.);
#6115=ORIENTED_EDGE('',*,*,#4158,.T.);
#6116=ORIENTED_EDGE('',*,*,#4155,.T.);
#6117=ORIENTED_EDGE('',*,*,#4152,.T.);
#6118=ORIENTED_EDGE('',*,*,#4149,.T.);
#6119=ORIENTED_EDGE('',*,*,#4146,.T.);
#6120=ORIENTED_EDGE('',*,*,#4143,.T.);
#6121=ORIENTED_EDGE('',*,*,#4140,.T.);
#6122=ORIENTED_EDGE('',*,*,#4137,.T.);
#6123=ORIENTED_EDGE('',*,*,#4134,.T.);
#6124=ORIENTED_EDGE('',*,*,#4131,.T.);
#6125=ORIENTED_EDGE('',*,*,#4128,.T.);
#6126=ORIENTED_EDGE('',*,*,#4125,.T.);
#6127=ORIENTED_EDGE('',*,*,#4122,.T.);
#6128=ORIENTED_EDGE('',*,*,#4169,.T.);
#6129=ORIENTED_EDGE('',*,*,#4120,.T.);
#6130=ORIENTED_EDGE('',*,*,#4124,.T.);
#6131=ORIENTED_EDGE('',*,*,#4127,.T.);
#6132=ORIENTED_EDGE('',*,*,#4130,.T.);
#6133=ORIENTED_EDGE('',*,*,#4133,.T.);
#6134=ORIENTED_EDGE('',*,*,#4136,.T.);
#6135=ORIENTED_EDGE('',*,*,#4139,.T.);
#6136=ORIENTED_EDGE('',*,*,#4142,.T.);
#6137=ORIENTED_EDGE('',*,*,#4145,.T.);
#6138=ORIENTED_EDGE('',*,*,#4148,.T.);
#6139=ORIENTED_EDGE('',*,*,#4151,.T.);
#6140=ORIENTED_EDGE('',*,*,#4154,.T.);
#6141=ORIENTED_EDGE('',*,*,#4157,.T.);
#6142=ORIENTED_EDGE('',*,*,#4160,.T.);
#6143=ORIENTED_EDGE('',*,*,#4163,.T.);
#6144=ORIENTED_EDGE('',*,*,#4166,.T.);
#6145=PLANE('',#6634);
#6146=PLANE('',#6639);
#6147=PLANE('',#6640);
#6148=PLANE('',#6641);
#6149=PLANE('',#6642);
#6150=PLANE('',#6643);
#6151=PLANE('',#6644);
#6152=PLANE('',#6645);
#6153=PLANE('',#6646);
#6154=PLANE('',#6647);
#6155=PLANE('',#6648);
#6156=PLANE('',#6649);
#6157=PLANE('',#6650);
#6158=PLANE('',#6651);
#6159=PLANE('',#6652);
#6160=PLANE('',#6653);
#6161=PLANE('',#6654);
#6162=PLANE('',#6655);
#6163=PLANE('',#6656);
#6164=PLANE('',#6662);
#6165=PLANE('',#6663);
#6166=PLANE('',#6664);
#6167=PLANE('',#6665);
#6168=PLANE('',#6666);
#6169=PLANE('',#6667);
#6170=PLANE('',#6668);
#6171=PLANE('',#6669);
#6172=PLANE('',#6670);
#6173=PLANE('',#6671);
#6174=PLANE('',#6672);
#6175=PLANE('',#6673);
#6176=PLANE('',#6674);
#6177=PLANE('',#6675);
#6178=PLANE('',#6676);
#6179=PLANE('',#6677);
#6180=PLANE('',#6678);
#6181=PLANE('',#6679);
#6182=PLANE('',#6680);
#6183=PLANE('',#6681);
#6184=PLANE('',#6682);
#6185=PLANE('',#6683);
#6186=PLANE('',#6684);
#6187=PLANE('',#6685);
#6188=PLANE('',#6686);
#6189=PLANE('',#6687);
#6190=PLANE('',#6688);
#6191=PLANE('',#6689);
#6192=PLANE('',#6690);
#6193=PLANE('',#6691);
#6194=PLANE('',#6692);
#6195=PLANE('',#6693);
#6196=PLANE('',#6694);
#6197=PLANE('',#6695);
#6198=PLANE('',#6696);
#6199=PLANE('',#6697);
#6200=PLANE('',#6698);
#6201=PLANE('',#6699);
#6202=PLANE('',#6700);
#6203=PLANE('',#6701);
#6204=PLANE('',#6702);
#6205=PLANE('',#6703);
#6206=PLANE('',#6704);
#6207=PLANE('',#6705);
#6208=PLANE('',#6706);
#6209=PLANE('',#6707);
#6210=PLANE('',#6708);
#6211=PLANE('',#6709);
#6212=PLANE('',#6710);
#6213=PLANE('',#6711);
#6214=PLANE('',#6712);
#6215=PLANE('',#6713);
#6216=PLANE('',#6714);
#6217=PLANE('',#6715);
#6218=PLANE('',#6716);
#6219=PLANE('',#6717);
#6220=PLANE('',#6718);
#6221=PLANE('',#6719);
#6222=PLANE('',#6720);
#6223=PLANE('',#6721);
#6224=PLANE('',#6722);
#6225=PLANE('',#6723);
#6226=PLANE('',#6724);
#6227=PLANE('',#6725);
#6228=PLANE('',#6726);
#6229=PLANE('',#6727);
#6230=PLANE('',#6728);
#6231=PLANE('',#6729);
#6232=PLANE('',#6730);
#6233=PLANE('',#6731);
#6234=PLANE('',#6732);
#6235=PLANE('',#6733);
#6236=PLANE('',#6734);
#6237=PLANE('',#6735);
#6238=PLANE('',#6736);
#6239=PLANE('',#6737);
#6240=PLANE('',#6738);
#6241=PLANE('',#6739);
#6242=PLANE('',#6740);
#6243=PLANE('',#6741);
#6244=PLANE('',#6742);
#6245=PLANE('',#6743);
#6246=PLANE('',#6744);
#6247=PLANE('',#6745);
#6248=PLANE('',#6746);
#6249=PLANE('',#6747);
#6250=PLANE('',#6748);
#6251=PLANE('',#6749);
#6252=PLANE('',#6750);
#6253=PLANE('',#6751);
#6254=PLANE('',#6752);
#6255=PLANE('',#6753);
#6256=PLANE('',#6754);
#6257=PLANE('',#6755);
#6258=PLANE('',#6756);
#6259=PLANE('',#6757);
#6260=PLANE('',#6758);
#6261=PLANE('',#6759);
#6262=ADVANCED_FACE('',(#1785,#1766),#6145,.F.);
#6263=ADVANCED_FACE('',(#1786),#1763,.F.);
#6264=ADVANCED_FACE('',(#1787),#6146,.T.);
#6265=ADVANCED_FACE('',(#1788),#6147,.F.);
#6266=ADVANCED_FACE('',(#1789),#6148,.T.);
#6267=ADVANCED_FACE('',(#1790),#6149,.F.);
#6268=ADVANCED_FACE('',(#1791),#6150,.T.);
#6269=ADVANCED_FACE('',(#1792),#6151,.F.);
#6270=ADVANCED_FACE('',(#1793),#6152,.T.);
#6271=ADVANCED_FACE('',(#1794),#6153,.F.);
#6272=ADVANCED_FACE('',(#1795),#6154,.T.);
#6273=ADVANCED_FACE('',(#1796),#6155,.F.);
#6274=ADVANCED_FACE('',(#1797),#6156,.T.);
#6275=ADVANCED_FACE('',(#1798),#6157,.F.);
#6276=ADVANCED_FACE('',(#1799),#6158,.T.);
#6277=ADVANCED_FACE('',(#1800),#6159,.F.);
#6278=ADVANCED_FACE('',(#1801),#6160,.T.);
#6279=ADVANCED_FACE('',(#1802),#6161,.F.);
#6280=ADVANCED_FACE('',(#1803),#6162,.F.);
#6281=ADVANCED_FACE('',(#1804),#6163,.F.);
#6282=ADVANCED_FACE('',(#1805),#1764,.F.);
#6283=ADVANCED_FACE('',(#1806),#1765,.F.);
#6284=ADVANCED_FACE('',(#1807),#6164,.T.);
#6285=ADVANCED_FACE('',(#1808,#1767,#1768,#1769,#1770),#6165,.T.);
#6286=ADVANCED_FACE('',(#1809),#6166,.T.);
#6287=ADVANCED_FACE('',(#1810),#6167,.T.);
#6288=ADVANCED_FACE('',(#1811),#6168,.T.);
#6289=ADVANCED_FACE('',(#1812,#1771,#1772),#6169,.T.);
#6290=ADVANCED_FACE('',(#1813),#6170,.T.);
#6291=ADVANCED_FACE('',(#1814),#6171,.T.);
#6292=ADVANCED_FACE('',(#1815),#6172,.T.);
#6293=ADVANCED_FACE('',(#1816),#6173,.F.);
#6294=ADVANCED_FACE('',(#1817),#6174,.T.);
#6295=ADVANCED_FACE('',(#1818),#6175,.T.);
#6296=ADVANCED_FACE('',(#1819),#6176,.T.);
#6297=ADVANCED_FACE('',(#1820),#489,.T.);
#6298=ADVANCED_FACE('',(#1821),#490,.T.);
#6299=ADVANCED_FACE('',(#1822),#491,.T.);
#6300=ADVANCED_FACE('',(#1823),#492,.T.);
#6301=ADVANCED_FACE('',(#1824),#493,.T.);
#6302=ADVANCED_FACE('',(#1825),#494,.T.);
#6303=ADVANCED_FACE('',(#1826),#495,.T.);
#6304=ADVANCED_FACE('',(#1827),#496,.T.);
#6305=ADVANCED_FACE('',(#1828),#497,.T.);
#6306=ADVANCED_FACE('',(#1829),#498,.T.);
#6307=ADVANCED_FACE('',(#1830),#499,.T.);
#6308=ADVANCED_FACE('',(#1831),#6177,.T.);
#6309=ADVANCED_FACE('',(#1832),#500,.T.);
#6310=ADVANCED_FACE('',(#1833),#501,.T.);
#6311=ADVANCED_FACE('',(#1834),#502,.T.);
#6312=ADVANCED_FACE('',(#1835),#503,.T.);
#6313=ADVANCED_FACE('',(#1836),#504,.T.);
#6314=ADVANCED_FACE('',(#1837),#505,.T.);
#6315=ADVANCED_FACE('',(#1838),#506,.T.);
#6316=ADVANCED_FACE('',(#1839),#507,.T.);
#6317=ADVANCED_FACE('',(#1840),#508,.T.);
#6318=ADVANCED_FACE('',(#1841),#509,.T.);
#6319=ADVANCED_FACE('',(#1842),#510,.T.);
#6320=ADVANCED_FACE('',(#1843),#511,.T.);
#6321=ADVANCED_FACE('',(#1844),#6178,.T.);
#6322=ADVANCED_FACE('',(#1845),#6179,.T.);
#6323=ADVANCED_FACE('',(#1846),#6180,.T.);
#6324=ADVANCED_FACE('',(#1847),#6181,.F.);
#6325=ADVANCED_FACE('',(#1848),#6182,.T.);
#6326=ADVANCED_FACE('',(#1849),#6183,.T.);
#6327=ADVANCED_FACE('',(#1850),#6184,.T.);
#6328=ADVANCED_FACE('',(#1851),#512,.T.);
#6329=ADVANCED_FACE('',(#1852),#513,.T.);
#6330=ADVANCED_FACE('',(#1853),#514,.T.);
#6331=ADVANCED_FACE('',(#1854),#6185,.T.);
#6332=ADVANCED_FACE('',(#1855),#515,.T.);
#6333=ADVANCED_FACE('',(#1856),#516,.T.);
#6334=ADVANCED_FACE('',(#1857),#517,.T.);
#6335=ADVANCED_FACE('',(#1858),#518,.T.);
#6336=ADVANCED_FACE('',(#1859),#6186,.T.);
#6337=ADVANCED_FACE('',(#1860),#6187,.T.);
#6338=ADVANCED_FACE('',(#1861),#6188,.T.);
#6339=ADVANCED_FACE('',(#1862),#6189,.F.);
#6340=ADVANCED_FACE('',(#1863),#519,.T.);
#6341=ADVANCED_FACE('',(#1864),#520,.T.);
#6342=ADVANCED_FACE('',(#1865),#521,.T.);
#6343=ADVANCED_FACE('',(#1866),#522,.T.);
#6344=ADVANCED_FACE('',(#1867),#523,.T.);
#6345=ADVANCED_FACE('',(#1868),#524,.T.);
#6346=ADVANCED_FACE('',(#1869),#525,.T.);
#6347=ADVANCED_FACE('',(#1870),#526,.T.);
#6348=ADVANCED_FACE('',(#1871),#6190,.T.);
#6349=ADVANCED_FACE('',(#1872),#527,.T.);
#6350=ADVANCED_FACE('',(#1873),#528,.T.);
#6351=ADVANCED_FACE('',(#1874),#529,.T.);
#6352=ADVANCED_FACE('',(#1875),#530,.T.);
#6353=ADVANCED_FACE('',(#1876),#531,.T.);
#6354=ADVANCED_FACE('',(#1877),#532,.T.);
#6355=ADVANCED_FACE('',(#1878),#533,.T.);
#6356=ADVANCED_FACE('',(#1879),#534,.T.);
#6357=ADVANCED_FACE('',(#1880),#535,.T.);
#6358=ADVANCED_FACE('',(#1881),#536,.T.);
#6359=ADVANCED_FACE('',(#1882),#537,.T.);
#6360=ADVANCED_FACE('',(#1883),#538,.T.);
#6361=ADVANCED_FACE('',(#1884),#6191,.T.);
#6362=ADVANCED_FACE('',(#1885),#6192,.T.);
#6363=ADVANCED_FACE('',(#1886),#6193,.T.);
#6364=ADVANCED_FACE('',(#1887),#539,.T.);
#6365=ADVANCED_FACE('',(#1888),#540,.T.);
#6366=ADVANCED_FACE('',(#1889),#541,.T.);
#6367=ADVANCED_FACE('',(#1890),#542,.T.);
#6368=ADVANCED_FACE('',(#1891),#543,.T.);
#6369=ADVANCED_FACE('',(#1892,#1773),#6194,.T.);
#6370=ADVANCED_FACE('',(#1893,#1774),#6195,.F.);
#6371=ADVANCED_FACE('',(#1894),#6196,.T.);
#6372=ADVANCED_FACE('',(#1895),#544,.T.);
#6373=ADVANCED_FACE('',(#1896),#545,.T.);
#6374=ADVANCED_FACE('',(#1897),#546,.T.);
#6375=ADVANCED_FACE('',(#1898),#547,.T.);
#6376=ADVANCED_FACE('',(#1899),#6197,.T.);
#6377=ADVANCED_FACE('',(#1900),#548,.T.);
#6378=ADVANCED_FACE('',(#1901),#549,.T.);
#6379=ADVANCED_FACE('',(#1902),#550,.T.);
#6380=ADVANCED_FACE('',(#1903),#551,.T.);
#6381=ADVANCED_FACE('',(#1904),#552,.T.);
#6382=ADVANCED_FACE('',(#1905),#553,.T.);
#6383=ADVANCED_FACE('',(#1906),#554,.T.);
#6384=ADVANCED_FACE('',(#1907),#555,.T.);
#6385=ADVANCED_FACE('',(#1908),#556,.T.);
#6386=ADVANCED_FACE('',(#1909),#6198,.T.);
#6387=ADVANCED_FACE('',(#1910),#557,.T.);
#6388=ADVANCED_FACE('',(#1911),#558,.T.);
#6389=ADVANCED_FACE('',(#1912),#559,.T.);
#6390=ADVANCED_FACE('',(#1913),#560,.T.);
#6391=ADVANCED_FACE('',(#1914,#1775),#6199,.T.);
#6392=ADVANCED_FACE('',(#1915,#1776),#6200,.F.);
#6393=ADVANCED_FACE('',(#1916),#6201,.T.);
#6394=ADVANCED_FACE('',(#1917),#561,.T.);
#6395=ADVANCED_FACE('',(#1918),#562,.T.);
#6396=ADVANCED_FACE('',(#1919),#563,.T.);
#6397=ADVANCED_FACE('',(#1920),#564,.T.);
#6398=ADVANCED_FACE('',(#1921),#565,.T.);
#6399=ADVANCED_FACE('',(#1922),#6202,.T.);
#6400=ADVANCED_FACE('',(#1923),#6203,.T.);
#6401=ADVANCED_FACE('',(#1924),#6204,.T.);
#6402=ADVANCED_FACE('',(#1925),#566,.T.);
#6403=ADVANCED_FACE('',(#1926),#567,.T.);
#6404=ADVANCED_FACE('',(#1927),#568,.T.);
#6405=ADVANCED_FACE('',(#1928),#569,.T.);
#6406=ADVANCED_FACE('',(#1929),#570,.T.);
#6407=ADVANCED_FACE('',(#1930),#571,.T.);
#6408=ADVANCED_FACE('',(#1931),#6205,.T.);
#6409=ADVANCED_FACE('',(#1932),#6206,.T.);
#6410=ADVANCED_FACE('',(#1933),#6207,.T.);
#6411=ADVANCED_FACE('',(#1934),#6208,.T.);
#6412=ADVANCED_FACE('',(#1935),#6209,.T.);
#6413=ADVANCED_FACE('',(#1936),#6210,.F.);
#6414=ADVANCED_FACE('',(#1937),#6211,.T.);
#6415=ADVANCED_FACE('',(#1938),#6212,.T.);
#6416=ADVANCED_FACE('',(#1939),#6213,.T.);
#6417=ADVANCED_FACE('',(#1940),#572,.T.);
#6418=ADVANCED_FACE('',(#1941),#573,.T.);
#6419=ADVANCED_FACE('',(#1942),#574,.T.);
#6420=ADVANCED_FACE('',(#1943),#6214,.T.);
#6421=ADVANCED_FACE('',(#1944),#575,.T.);
#6422=ADVANCED_FACE('',(#1945),#576,.T.);
#6423=ADVANCED_FACE('',(#1946),#577,.T.);
#6424=ADVANCED_FACE('',(#1947),#578,.T.);
#6425=ADVANCED_FACE('',(#1948),#6215,.T.);
#6426=ADVANCED_FACE('',(#1949),#6216,.T.);
#6427=ADVANCED_FACE('',(#1950),#6217,.T.);
#6428=ADVANCED_FACE('',(#1951),#6218,.F.);
#6429=ADVANCED_FACE('',(#1952),#579,.T.);
#6430=ADVANCED_FACE('',(#1953),#580,.T.);
#6431=ADVANCED_FACE('',(#1954),#581,.T.);
#6432=ADVANCED_FACE('',(#1955),#582,.T.);
#6433=ADVANCED_FACE('',(#1956),#583,.T.);
#6434=ADVANCED_FACE('',(#1957),#584,.T.);
#6435=ADVANCED_FACE('',(#1958),#585,.T.);
#6436=ADVANCED_FACE('',(#1959),#586,.T.);
#6437=ADVANCED_FACE('',(#1960),#587,.T.);
#6438=ADVANCED_FACE('',(#1961),#6219,.T.);
#6439=ADVANCED_FACE('',(#1962),#588,.T.);
#6440=ADVANCED_FACE('',(#1963),#589,.T.);
#6441=ADVANCED_FACE('',(#1964),#590,.T.);
#6442=ADVANCED_FACE('',(#1965),#591,.T.);
#6443=ADVANCED_FACE('',(#1966),#592,.T.);
#6444=ADVANCED_FACE('',(#1967),#593,.T.);
#6445=ADVANCED_FACE('',(#1968),#594,.T.);
#6446=ADVANCED_FACE('',(#1969),#595,.T.);
#6447=ADVANCED_FACE('',(#1970),#596,.T.);
#6448=ADVANCED_FACE('',(#1971),#597,.T.);
#6449=ADVANCED_FACE('',(#1972),#598,.T.);
#6450=ADVANCED_FACE('',(#1973),#599,.T.);
#6451=ADVANCED_FACE('',(#1974),#600,.T.);
#6452=ADVANCED_FACE('',(#1975),#601,.T.);
#6453=ADVANCED_FACE('',(#1976),#6220,.T.);
#6454=ADVANCED_FACE('',(#1977),#602,.T.);
#6455=ADVANCED_FACE('',(#1978),#603,.T.);
#6456=ADVANCED_FACE('',(#1979),#604,.T.);
#6457=ADVANCED_FACE('',(#1980),#605,.T.);
#6458=ADVANCED_FACE('',(#1981),#606,.T.);
#6459=ADVANCED_FACE('',(#1982),#607,.T.);
#6460=ADVANCED_FACE('',(#1983),#608,.T.);
#6461=ADVANCED_FACE('',(#1984),#6221,.T.);
#6462=ADVANCED_FACE('',(#1985),#609,.T.);
#6463=ADVANCED_FACE('',(#1986),#610,.T.);
#6464=ADVANCED_FACE('',(#1987),#6222,.T.);
#6465=ADVANCED_FACE('',(#1988),#611,.T.);
#6466=ADVANCED_FACE('',(#1989,#1777),#6223,.T.);
#6467=ADVANCED_FACE('',(#1990,#1778),#6224,.F.);
#6468=ADVANCED_FACE('',(#1991),#6225,.T.);
#6469=ADVANCED_FACE('',(#1992),#6226,.T.);
#6470=ADVANCED_FACE('',(#1993),#6227,.T.);
#6471=ADVANCED_FACE('',(#1994),#612,.T.);
#6472=ADVANCED_FACE('',(#1995),#613,.T.);
#6473=ADVANCED_FACE('',(#1996),#614,.T.);
#6474=ADVANCED_FACE('',(#1997),#615,.T.);
#6475=ADVANCED_FACE('',(#1998),#616,.T.);
#6476=ADVANCED_FACE('',(#1999),#617,.T.);
#6477=ADVANCED_FACE('',(#2000),#618,.T.);
#6478=ADVANCED_FACE('',(#2001),#619,.T.);
#6479=ADVANCED_FACE('',(#2002),#620,.T.);
#6480=ADVANCED_FACE('',(#2003),#621,.T.);
#6481=ADVANCED_FACE('',(#2004),#622,.T.);
#6482=ADVANCED_FACE('',(#2005),#6228,.T.);
#6483=ADVANCED_FACE('',(#2006),#623,.T.);
#6484=ADVANCED_FACE('',(#2007),#624,.T.);
#6485=ADVANCED_FACE('',(#2008),#625,.T.);
#6486=ADVANCED_FACE('',(#2009),#626,.T.);
#6487=ADVANCED_FACE('',(#2010),#627,.T.);
#6488=ADVANCED_FACE('',(#2011),#628,.T.);
#6489=ADVANCED_FACE('',(#2012),#629,.T.);
#6490=ADVANCED_FACE('',(#2013),#630,.T.);
#6491=ADVANCED_FACE('',(#2014),#631,.T.);
#6492=ADVANCED_FACE('',(#2015),#632,.T.);
#6493=ADVANCED_FACE('',(#2016),#633,.T.);
#6494=ADVANCED_FACE('',(#2017),#634,.T.);
#6495=ADVANCED_FACE('',(#2018),#6229,.T.);
#6496=ADVANCED_FACE('',(#2019),#6230,.T.);
#6497=ADVANCED_FACE('',(#2020),#6231,.T.);
#6498=ADVANCED_FACE('',(#2021),#6232,.F.);
#6499=ADVANCED_FACE('',(#2022),#635,.T.);
#6500=ADVANCED_FACE('',(#2023),#636,.T.);
#6501=ADVANCED_FACE('',(#2024),#637,.T.);
#6502=ADVANCED_FACE('',(#2025),#638,.T.);
#6503=ADVANCED_FACE('',(#2026),#639,.T.);
#6504=ADVANCED_FACE('',(#2027),#640,.T.);
#6505=ADVANCED_FACE('',(#2028),#641,.T.);
#6506=ADVANCED_FACE('',(#2029),#642,.T.);
#6507=ADVANCED_FACE('',(#2030),#6233,.T.);
#6508=ADVANCED_FACE('',(#2031),#643,.T.);
#6509=ADVANCED_FACE('',(#2032),#644,.T.);
#6510=ADVANCED_FACE('',(#2033),#645,.T.);
#6511=ADVANCED_FACE('',(#2034),#646,.T.);
#6512=ADVANCED_FACE('',(#2035),#647,.T.);
#6513=ADVANCED_FACE('',(#2036),#648,.T.);
#6514=ADVANCED_FACE('',(#2037),#649,.T.);
#6515=ADVANCED_FACE('',(#2038),#650,.T.);
#6516=ADVANCED_FACE('',(#2039),#651,.T.);
#6517=ADVANCED_FACE('',(#2040),#6234,.T.);
#6518=ADVANCED_FACE('',(#2041),#6235,.T.);
#6519=ADVANCED_FACE('',(#2042),#6236,.T.);
#6520=ADVANCED_FACE('',(#2043),#6237,.T.);
#6521=ADVANCED_FACE('',(#2044,#1779),#6238,.T.);
#6522=ADVANCED_FACE('',(#2045,#1780),#6239,.F.);
#6523=ADVANCED_FACE('',(#2046),#652,.T.);
#6524=ADVANCED_FACE('',(#2047),#653,.T.);
#6525=ADVANCED_FACE('',(#2048),#654,.T.);
#6526=ADVANCED_FACE('',(#2049),#655,.T.);
#6527=ADVANCED_FACE('',(#2050),#656,.T.);
#6528=ADVANCED_FACE('',(#2051),#657,.T.);
#6529=ADVANCED_FACE('',(#2052),#658,.T.);
#6530=ADVANCED_FACE('',(#2053),#659,.T.);
#6531=ADVANCED_FACE('',(#2054),#660,.T.);
#6532=ADVANCED_FACE('',(#2055),#6240,.T.);
#6533=ADVANCED_FACE('',(#2056),#661,.T.);
#6534=ADVANCED_FACE('',(#2057),#662,.T.);
#6535=ADVANCED_FACE('',(#2058),#663,.T.);
#6536=ADVANCED_FACE('',(#2059),#664,.T.);
#6537=ADVANCED_FACE('',(#2060),#665,.T.);
#6538=ADVANCED_FACE('',(#2061),#666,.T.);
#6539=ADVANCED_FACE('',(#2062),#667,.T.);
#6540=ADVANCED_FACE('',(#2063),#668,.T.);
#6541=ADVANCED_FACE('',(#2064),#669,.T.);
#6542=ADVANCED_FACE('',(#2065),#670,.T.);
#6543=ADVANCED_FACE('',(#2066),#671,.T.);
#6544=ADVANCED_FACE('',(#2067),#672,.T.);
#6545=ADVANCED_FACE('',(#2068),#673,.T.);
#6546=ADVANCED_FACE('',(#2069),#674,.T.);
#6547=ADVANCED_FACE('',(#2070),#6241,.T.);
#6548=ADVANCED_FACE('',(#2071),#675,.T.);
#6549=ADVANCED_FACE('',(#2072),#676,.T.);
#6550=ADVANCED_FACE('',(#2073),#677,.T.);
#6551=ADVANCED_FACE('',(#2074),#678,.T.);
#6552=ADVANCED_FACE('',(#2075),#679,.T.);
#6553=ADVANCED_FACE('',(#2076),#680,.T.);
#6554=ADVANCED_FACE('',(#2077),#681,.T.);
#6555=ADVANCED_FACE('',(#2078),#6242,.T.);
#6556=ADVANCED_FACE('',(#2079),#682,.T.);
#6557=ADVANCED_FACE('',(#2080),#683,.T.);
#6558=ADVANCED_FACE('',(#2081),#6243,.T.);
#6559=ADVANCED_FACE('',(#2082),#684,.T.);
#6560=ADVANCED_FACE('',(#2083,#1781),#6244,.T.);
#6561=ADVANCED_FACE('',(#2084,#1782),#6245,.F.);
#6562=ADVANCED_FACE('',(#2085),#685,.T.);
#6563=ADVANCED_FACE('',(#2086),#686,.T.);
#6564=ADVANCED_FACE('',(#2087),#687,.T.);
#6565=ADVANCED_FACE('',(#2088),#688,.T.);
#6566=ADVANCED_FACE('',(#2089),#689,.T.);
#6567=ADVANCED_FACE('',(#2090),#690,.T.);
#6568=ADVANCED_FACE('',(#2091),#691,.T.);
#6569=ADVANCED_FACE('',(#2092),#692,.T.);
#6570=ADVANCED_FACE('',(#2093),#693,.T.);
#6571=ADVANCED_FACE('',(#2094),#6246,.T.);
#6572=ADVANCED_FACE('',(#2095),#694,.T.);
#6573=ADVANCED_FACE('',(#2096),#695,.T.);
#6574=ADVANCED_FACE('',(#2097),#696,.T.);
#6575=ADVANCED_FACE('',(#2098),#697,.T.);
#6576=ADVANCED_FACE('',(#2099),#698,.T.);
#6577=ADVANCED_FACE('',(#2100),#699,.T.);
#6578=ADVANCED_FACE('',(#2101),#700,.T.);
#6579=ADVANCED_FACE('',(#2102),#701,.T.);
#6580=ADVANCED_FACE('',(#2103),#702,.T.);
#6581=ADVANCED_FACE('',(#2104),#703,.T.);
#6582=ADVANCED_FACE('',(#2105),#704,.T.);
#6583=ADVANCED_FACE('',(#2106),#705,.T.);
#6584=ADVANCED_FACE('',(#2107),#706,.T.);
#6585=ADVANCED_FACE('',(#2108),#707,.T.);
#6586=ADVANCED_FACE('',(#2109),#6247,.T.);
#6587=ADVANCED_FACE('',(#2110),#708,.T.);
#6588=ADVANCED_FACE('',(#2111),#709,.T.);
#6589=ADVANCED_FACE('',(#2112),#710,.T.);
#6590=ADVANCED_FACE('',(#2113),#711,.T.);
#6591=ADVANCED_FACE('',(#2114),#712,.T.);
#6592=ADVANCED_FACE('',(#2115),#713,.T.);
#6593=ADVANCED_FACE('',(#2116),#714,.T.);
#6594=ADVANCED_FACE('',(#2117),#6248,.T.);
#6595=ADVANCED_FACE('',(#2118),#715,.T.);
#6596=ADVANCED_FACE('',(#2119),#716,.T.);
#6597=ADVANCED_FACE('',(#2120),#6249,.T.);
#6598=ADVANCED_FACE('',(#2121),#717,.T.);
#6599=ADVANCED_FACE('',(#2122,#1783),#6250,.T.);
#6600=ADVANCED_FACE('',(#2123,#1784),#6251,.F.);
#6601=ADVANCED_FACE('',(#2124),#6252,.T.);
#6602=ADVANCED_FACE('',(#2125),#6253,.T.);
#6603=ADVANCED_FACE('',(#2126),#6254,.T.);
#6604=ADVANCED_FACE('',(#2127),#718,.T.);
#6605=ADVANCED_FACE('',(#2128),#719,.T.);
#6606=ADVANCED_FACE('',(#2129),#720,.T.);
#6607=ADVANCED_FACE('',(#2130),#721,.T.);
#6608=ADVANCED_FACE('',(#2131),#6255,.T.);
#6609=ADVANCED_FACE('',(#2132),#6256,.T.);
#6610=ADVANCED_FACE('',(#2133),#6257,.T.);
#6611=ADVANCED_FACE('',(#2134),#722,.T.);
#6612=ADVANCED_FACE('',(#2135),#723,.T.);
#6613=ADVANCED_FACE('',(#2136),#724,.T.);
#6614=ADVANCED_FACE('',(#2137),#725,.T.);
#6615=ADVANCED_FACE('',(#2138),#726,.T.);
#6616=ADVANCED_FACE('',(#2139),#6258,.T.);
#6617=ADVANCED_FACE('',(#2140),#6259,.T.);
#6618=ADVANCED_FACE('',(#2141),#6260,.T.);
#6619=ADVANCED_FACE('',(#2142),#6261,.F.);
#6620=CLOSED_SHELL('',(#6262,#6263,#6264,#6265,#6266,#6267,#6268,#6269,
#6270,#6271,#6272,#6273,#6274,#6275,#6276,#6277,#6278,#6279,#6280,#6281,
#6282,#6283,#6284,#6285,#6286,#6287,#6288,#6289,#6290,#6291,#6292,#6293));
#6621=CLOSED_SHELL('',(#6294,#6295,#6296,#6297,#6298,#6299,#6300,#6301,
#6302,#6303,#6304,#6305,#6306,#6307,#6308,#6309,#6310,#6311,#6312,#6313,
#6314,#6315,#6316,#6317,#6318,#6319,#6320,#6321,#6322,#6323,#6324));
#6622=CLOSED_SHELL('',(#6325,#6326,#6327,#6328,#6329,#6330,#6331,#6332,
#6333,#6334,#6335,#6336,#6337,#6338,#6339));
#6623=CLOSED_SHELL('',(#6340,#6341,#6342,#6343,#6344,#6345,#6346,#6347,
#6348,#6349,#6350,#6351,#6352,#6353,#6354,#6355,#6356,#6357,#6358,#6359,
#6360,#6361,#6362,#6363,#6364,#6365,#6366,#6367,#6368,#6369,#6370));
#6624=CLOSED_SHELL('',(#6371,#6372,#6373,#6374,#6375,#6376,#6377,#6378,
#6379,#6380,#6381,#6382,#6383,#6384,#6385,#6386,#6387,#6388,#6389,#6390,
#6391,#6392));
#6625=CLOSED_SHELL('',(#6393,#6394,#6395,#6396,#6397,#6398,#6399,#6400,
#6401,#6402,#6403,#6404,#6405,#6406,#6407,#6408,#6409,#6410,#6411,#6412,
#6413));
#6626=CLOSED_SHELL('',(#6414,#6415,#6416,#6417,#6418,#6419,#6420,#6421,
#6422,#6423,#6424,#6425,#6426,#6427,#6428));
#6627=CLOSED_SHELL('',(#6429,#6430,#6431,#6432,#6433,#6434,#6435,#6436,
#6437,#6438,#6439,#6440,#6441,#6442,#6443,#6444,#6445,#6446,#6447,#6448,
#6449,#6450,#6451,#6452,#6453,#6454,#6455,#6456,#6457,#6458,#6459,#6460,
#6461,#6462,#6463,#6464,#6465,#6466,#6467));
#6628=CLOSED_SHELL('',(#6468,#6469,#6470,#6471,#6472,#6473,#6474,#6475,
#6476,#6477,#6478,#6479,#6480,#6481,#6482,#6483,#6484,#6485,#6486,#6487,
#6488,#6489,#6490,#6491,#6492,#6493,#6494,#6495,#6496,#6497,#6498));
#6629=CLOSED_SHELL('',(#6499,#6500,#6501,#6502,#6503,#6504,#6505,#6506,
#6507,#6508,#6509,#6510,#6511,#6512,#6513,#6514,#6515,#6516,#6517,#6518,
#6519,#6520,#6521,#6522));
#6630=CLOSED_SHELL('',(#6523,#6524,#6525,#6526,#6527,#6528,#6529,#6530,
#6531,#6532,#6533,#6534,#6535,#6536,#6537,#6538,#6539,#6540,#6541,#6542,
#6543,#6544,#6545,#6546,#6547,#6548,#6549,#6550,#6551,#6552,#6553,#6554,
#6555,#6556,#6557,#6558,#6559,#6560,#6561));
#6631=CLOSED_SHELL('',(#6562,#6563,#6564,#6565,#6566,#6567,#6568,#6569,
#6570,#6571,#6572,#6573,#6574,#6575,#6576,#6577,#6578,#6579,#6580,#6581,
#6582,#6583,#6584,#6585,#6586,#6587,#6588,#6589,#6590,#6591,#6592,#6593,
#6594,#6595,#6596,#6597,#6598,#6599,#6600));
#6632=CLOSED_SHELL('',(#6601,#6602,#6603,#6604,#6605,#6606,#6607,#6608,
#6609,#6610,#6611,#6612,#6613,#6614,#6615,#6616,#6617,#6618,#6619));
#6633=AXIS2_PLACEMENT_3D('',#7519,#6760,#6761);
#6634=AXIS2_PLACEMENT_3D('',#7520,#6762,#6763);
#6635=AXIS2_PLACEMENT_3D('',#7522,#6764,#6765);
#6636=AXIS2_PLACEMENT_3D('',#7524,#6766,#6767);
#6637=AXIS2_PLACEMENT_3D('',#7525,#6768,#6769);
#6638=AXIS2_PLACEMENT_3D('',#7527,#6770,#6771);
#6639=AXIS2_PLACEMENT_3D('',#7529,#6773,#6774);
#6640=AXIS2_PLACEMENT_3D('',#7538,#6779,#6780);
#6641=AXIS2_PLACEMENT_3D('',#7544,#6784,#6785);
#6642=AXIS2_PLACEMENT_3D('',#7550,#6789,#6790);
#6643=AXIS2_PLACEMENT_3D('',#7556,#6794,#6795);
#6644=AXIS2_PLACEMENT_3D('',#7562,#6799,#6800);
#6645=AXIS2_PLACEMENT_3D('',#7568,#6804,#6805);
#6646=AXIS2_PLACEMENT_3D('',#7574,#6809,#6810);
#6647=AXIS2_PLACEMENT_3D('',#7576,#6812,#6813);
#6648=AXIS2_PLACEMENT_3D('',#7585,#6818,#6819);
#6649=AXIS2_PLACEMENT_3D('',#7591,#6823,#6824);
#6650=AXIS2_PLACEMENT_3D('',#7597,#6828,#6829);
#6651=AXIS2_PLACEMENT_3D('',#7603,#6833,#6834);
#6652=AXIS2_PLACEMENT_3D('',#7609,#6838,#6839);
#6653=AXIS2_PLACEMENT_3D('',#7615,#6843,#6844);
#6654=AXIS2_PLACEMENT_3D('',#7621,#6848,#6849);
#6655=AXIS2_PLACEMENT_3D('',#7623,#6851,#6852);
#6656=AXIS2_PLACEMENT_3D('',#7625,#6854,#6855);
#6657=AXIS2_PLACEMENT_3D('',#7627,#6857,#6858);
#6658=AXIS2_PLACEMENT_3D('',#7629,#6859,#6860);
#6659=AXIS2_PLACEMENT_3D('',#7631,#6862,#6863);
#6660=AXIS2_PLACEMENT_3D('',#7633,#6864,#6865);
#6661=AXIS2_PLACEMENT_3D('',#7636,#6867,#6868);
#6662=AXIS2_PLACEMENT_3D('',#7637,#6869,#6870);
#6663=AXIS2_PLACEMENT_3D('',#7646,#6875,#6876);
#6664=AXIS2_PLACEMENT_3D('',#7652,#6880,#6881);
#6665=AXIS2_PLACEMENT_3D('',#7658,#6885,#6886);
#6666=AXIS2_PLACEMENT_3D('',#7664,#6890,#6891);
#6667=AXIS2_PLACEMENT_3D('',#7670,#6895,#6896);
#6668=AXIS2_PLACEMENT_3D('',#7676,#6900,#6901);
#6669=AXIS2_PLACEMENT_3D('',#7682,#6905,#6906);
#6670=AXIS2_PLACEMENT_3D('',#7685,#6909,#6910);
#6671=AXIS2_PLACEMENT_3D('',#7686,#6911,#6912);
#6672=AXIS2_PLACEMENT_3D('',#7687,#6913,#6914);
#6673=AXIS2_PLACEMENT_3D('',#7696,#6919,#6920);
#6674=AXIS2_PLACEMENT_3D('',#7702,#6924,#6925);
#6675=AXIS2_PLACEMENT_3D('',#7961,#6940,#6941);
#6676=AXIS2_PLACEMENT_3D('',#8243,#6957,#6958);
#6677=AXIS2_PLACEMENT_3D('',#8249,#6962,#6963);
#6678=AXIS2_PLACEMENT_3D('',#8252,#6966,#6967);
#6679=AXIS2_PLACEMENT_3D('',#8253,#6968,#6969);
#6680=AXIS2_PLACEMENT_3D('',#8254,#6970,#6971);
#6681=AXIS2_PLACEMENT_3D('',#8263,#6976,#6977);
#6682=AXIS2_PLACEMENT_3D('',#8269,#6981,#6982);
#6683=AXIS2_PLACEMENT_3D('',#8344,#6989,#6990);
#6684=AXIS2_PLACEMENT_3D('',#8442,#6998,#6999);
#6685=AXIS2_PLACEMENT_3D('',#8448,#7003,#7004);
#6686=AXIS2_PLACEMENT_3D('',#8451,#7007,#7008);
#6687=AXIS2_PLACEMENT_3D('',#8452,#7009,#7010);
#6688=AXIS2_PLACEMENT_3D('',#8637,#7019,#7020);
#6689=AXIS2_PLACEMENT_3D('',#8922,#7037,#7038);
#6690=AXIS2_PLACEMENT_3D('',#8928,#7042,#7043);
#6691=AXIS2_PLACEMENT_3D('',#8934,#7047,#7048);
#6692=AXIS2_PLACEMENT_3D('',#9052,#7056,#7057);
#6693=AXIS2_PLACEMENT_3D('',#9053,#7058,#7059);
#6694=AXIS2_PLACEMENT_3D('',#9054,#7060,#7061);
#6695=AXIS2_PLACEMENT_3D('',#9152,#7069,#7070);
#6696=AXIS2_PLACEMENT_3D('',#9368,#7084,#7085);
#6697=AXIS2_PLACEMENT_3D('',#9463,#7092,#7093);
#6698=AXIS2_PLACEMENT_3D('',#9464,#7094,#7095);
#6699=AXIS2_PLACEMENT_3D('',#9465,#7096,#7097);
#6700=AXIS2_PLACEMENT_3D('',#9589,#7107,#7108);
#6701=AXIS2_PLACEMENT_3D('',#9595,#7112,#7113);
#6702=AXIS2_PLACEMENT_3D('',#9601,#7117,#7118);
#6703=AXIS2_PLACEMENT_3D('',#9745,#7128,#7129);
#6704=AXIS2_PLACEMENT_3D('',#9751,#7133,#7134);
#6705=AXIS2_PLACEMENT_3D('',#9757,#7138,#7139);
#6706=AXIS2_PLACEMENT_3D('',#9763,#7143,#7144);
#6707=AXIS2_PLACEMENT_3D('',#9766,#7147,#7148);
#6708=AXIS2_PLACEMENT_3D('',#9767,#7149,#7150);
#6709=AXIS2_PLACEMENT_3D('',#9768,#7151,#7152);
#6710=AXIS2_PLACEMENT_3D('',#9777,#7157,#7158);
#6711=AXIS2_PLACEMENT_3D('',#9783,#7162,#7163);
#6712=AXIS2_PLACEMENT_3D('',#9858,#7170,#7171);
#6713=AXIS2_PLACEMENT_3D('',#9956,#7179,#7180);
#6714=AXIS2_PLACEMENT_3D('',#9962,#7184,#7185);
#6715=AXIS2_PLACEMENT_3D('',#9965,#7188,#7189);
#6716=AXIS2_PLACEMENT_3D('',#9966,#7190,#7191);
#6717=AXIS2_PLACEMENT_3D('',#10177,#7202,#7203);
#6718=AXIS2_PLACEMENT_3D('',#10505,#7221,#7222);
#6719=AXIS2_PLACEMENT_3D('',#10672,#7233,#7234);
#6720=AXIS2_PLACEMENT_3D('',#10724,#7240,#7241);
#6721=AXIS2_PLACEMENT_3D('',#10750,#7245,#7246);
#6722=AXIS2_PLACEMENT_3D('',#10751,#7247,#7248);
#6723=AXIS2_PLACEMENT_3D('',#10752,#7249,#7250);
#6724=AXIS2_PLACEMENT_3D('',#10761,#7255,#7256);
#6725=AXIS2_PLACEMENT_3D('',#10767,#7260,#7261);
#6726=AXIS2_PLACEMENT_3D('',#11026,#7276,#7277);
#6727=AXIS2_PLACEMENT_3D('',#11308,#7293,#7294);
#6728=AXIS2_PLACEMENT_3D('',#11314,#7298,#7299);
#6729=AXIS2_PLACEMENT_3D('',#11317,#7302,#7303);
#6730=AXIS2_PLACEMENT_3D('',#11318,#7304,#7305);
#6731=AXIS2_PLACEMENT_3D('',#11503,#7314,#7315);
#6732=AXIS2_PLACEMENT_3D('',#11719,#7329,#7330);
#6733=AXIS2_PLACEMENT_3D('',#11725,#7334,#7335);
#6734=AXIS2_PLACEMENT_3D('',#11731,#7339,#7340);
#6735=AXIS2_PLACEMENT_3D('',#11737,#7344,#7345);
#6736=AXIS2_PLACEMENT_3D('',#11740,#7348,#7349);
#6737=AXIS2_PLACEMENT_3D('',#11741,#7350,#7351);
#6738=AXIS2_PLACEMENT_3D('',#11952,#7362,#7363);
#6739=AXIS2_PLACEMENT_3D('',#12280,#7381,#7382);
#6740=AXIS2_PLACEMENT_3D('',#12447,#7393,#7394);
#6741=AXIS2_PLACEMENT_3D('',#12499,#7400,#7401);
#6742=AXIS2_PLACEMENT_3D('',#12525,#7405,#7406);
#6743=AXIS2_PLACEMENT_3D('',#12526,#7407,#7408);
#6744=AXIS2_PLACEMENT_3D('',#12737,#7419,#7420);
#6745=AXIS2_PLACEMENT_3D('',#13065,#7438,#7439);
#6746=AXIS2_PLACEMENT_3D('',#13232,#7450,#7451);
#6747=AXIS2_PLACEMENT_3D('',#13284,#7457,#7458);
#6748=AXIS2_PLACEMENT_3D('',#13310,#7462,#7463);
#6749=AXIS2_PLACEMENT_3D('',#13311,#7464,#7465);
#6750=AXIS2_PLACEMENT_3D('',#13312,#7466,#7467);
#6751=AXIS2_PLACEMENT_3D('',#13321,#7472,#7473);
#6752=AXIS2_PLACEMENT_3D('',#13327,#7477,#7478);
#6753=AXIS2_PLACEMENT_3D('',#13425,#7486,#7487);
#6754=AXIS2_PLACEMENT_3D('',#13431,#7491,#7492);
#6755=AXIS2_PLACEMENT_3D('',#13437,#7496,#7497);
#6756=AXIS2_PLACEMENT_3D('',#13558,#7506,#7507);
#6757=AXIS2_PLACEMENT_3D('',#13564,#7511,#7512);
#6758=AXIS2_PLACEMENT_3D('',#13567,#7515,#7516);
#6759=AXIS2_PLACEMENT_3D('',#13568,#7517,#7518);
#6760=DIRECTION('axis',(0.,0.,1.));
#6761=DIRECTION('refdir',(1.,0.,0.));
#6762=DIRECTION('center_axis',(2.13085952373633E-16,0.,-1.));
#6763=DIRECTION('ref_axis',(1.,0.,2.13085952373633E-16));
#6764=DIRECTION('center_axis',(2.13085952373633E-16,0.,-1.));
#6765=DIRECTION('ref_axis',(1.,0.,2.13085952373633E-16));
#6766=DIRECTION('center_axis',(-2.13085952373633E-16,0.,1.));
#6767=DIRECTION('ref_axis',(-1.,0.,0.));
#6768=DIRECTION('center_axis',(2.13085952373633E-16,0.,-1.));
#6769=DIRECTION('ref_axis',(1.,0.,2.13085952373633E-16));
#6770=DIRECTION('center_axis',(2.13085952373633E-16,0.,-1.));
#6771=DIRECTION('ref_axis',(1.,0.,2.13085952373633E-16));
#6772=DIRECTION('',(2.13085952373633E-16,0.,-1.));
#6773=DIRECTION('center_axis',(-0.707106781186548,-0.707106781186547,0.));
#6774=DIRECTION('ref_axis',(0.,0.,1.));
#6775=DIRECTION('',(-0.707106781186547,0.707106781186548,0.));
#6776=DIRECTION('',(0.,0.,1.));
#6777=DIRECTION('',(-0.707106781186547,0.707106781186548,-1.50674521898989E-16));
#6778=DIRECTION('',(0.,0.,-1.));
#6779=DIRECTION('center_axis',(1.,0.,0.));
#6780=DIRECTION('ref_axis',(0.,-1.,0.));
#6781=DIRECTION('',(0.,-1.,0.));
#6782=DIRECTION('',(0.,0.,-1.));
#6783=DIRECTION('',(0.,-1.,0.));
#6784=DIRECTION('center_axis',(-0.707106781186548,0.707106781186548,0.));
#6785=DIRECTION('ref_axis',(0.,0.,1.));
#6786=DIRECTION('',(0.707106781186547,0.707106781186547,0.));
#6787=DIRECTION('',(0.,0.,1.));
#6788=DIRECTION('',(0.707106781186548,0.707106781186548,1.50674521898989E-16));
#6789=DIRECTION('center_axis',(0.,-1.,0.));
#6790=DIRECTION('ref_axis',(-1.,0.,0.));
#6791=DIRECTION('',(-1.,0.,0.));
#6792=DIRECTION('',(0.,0.,-1.));
#6793=DIRECTION('',(-1.,0.,-2.13085952373633E-16));
#6794=DIRECTION('center_axis',(0.707106781186548,0.707106781186548,0.));
#6795=DIRECTION('ref_axis',(0.,0.,-1.));
#6796=DIRECTION('',(0.707106781186547,-0.707106781186547,0.));
#6797=DIRECTION('',(0.,0.,1.));
#6798=DIRECTION('',(0.707106781186548,-0.707106781186548,1.50674521898989E-16));
#6799=DIRECTION('center_axis',(-1.,0.,0.));
#6800=DIRECTION('ref_axis',(0.,1.,0.));
#6801=DIRECTION('',(0.,1.,0.));
#6802=DIRECTION('',(0.,0.,-1.));
#6803=DIRECTION('',(0.,1.,0.));
#6804=DIRECTION('center_axis',(0.707106781186548,-0.707106781186548,0.));
#6805=DIRECTION('ref_axis',(0.,0.,-1.));
#6806=DIRECTION('',(-0.707106781186548,-0.707106781186548,0.));
#6807=DIRECTION('',(0.,0.,1.));
#6808=DIRECTION('',(-0.707106781186548,-0.707106781186548,-1.50674521898989E-16));
#6809=DIRECTION('center_axis',(0.,0.,-1.));
#6810=DIRECTION('ref_axis',(-1.,0.,0.));
#6811=DIRECTION('',(1.,0.,0.));
#6812=DIRECTION('center_axis',(-0.707106781186548,-0.707106781186548,0.));
#6813=DIRECTION('ref_axis',(0.,0.,1.));
#6814=DIRECTION('',(-0.707106781186548,0.707106781186548,0.));
#6815=DIRECTION('',(0.,0.,1.));
#6816=DIRECTION('',(-0.707106781186548,0.707106781186548,-1.50674521898989E-16));
#6817=DIRECTION('',(0.,0.,-1.));
#6818=DIRECTION('center_axis',(1.,0.,0.));
#6819=DIRECTION('ref_axis',(0.,-1.,0.));
#6820=DIRECTION('',(0.,-1.,0.));
#6821=DIRECTION('',(0.,0.,-1.));
#6822=DIRECTION('',(0.,-1.,0.));
#6823=DIRECTION('center_axis',(-0.707106781186547,0.707106781186548,0.));
#6824=DIRECTION('ref_axis',(0.,0.,1.));
#6825=DIRECTION('',(0.707106781186548,0.707106781186547,0.));
#6826=DIRECTION('',(0.,0.,1.));
#6827=DIRECTION('',(0.707106781186548,0.707106781186547,1.50674521898989E-16));
#6828=DIRECTION('center_axis',(0.,-1.,0.));
#6829=DIRECTION('ref_axis',(-1.,0.,0.));
#6830=DIRECTION('',(-1.,0.,0.));
#6831=DIRECTION('',(0.,0.,-1.));
#6832=DIRECTION('',(-1.,0.,-2.13085952373633E-16));
#6833=DIRECTION('center_axis',(0.707106781186548,0.707106781186548,0.));
#6834=DIRECTION('ref_axis',(0.,0.,-1.));
#6835=DIRECTION('',(0.707106781186548,-0.707106781186548,0.));
#6836=DIRECTION('',(0.,0.,1.));
#6837=DIRECTION('',(0.707106781186548,-0.707106781186548,1.50674521898989E-16));
#6838=DIRECTION('center_axis',(-1.,0.,0.));
#6839=DIRECTION('ref_axis',(0.,1.,0.));
#6840=DIRECTION('',(0.,1.,0.));
#6841=DIRECTION('',(0.,0.,-1.));
#6842=DIRECTION('',(0.,1.,0.));
#6843=DIRECTION('center_axis',(0.707106781186548,-0.707106781186547,0.));
#6844=DIRECTION('ref_axis',(0.,0.,-1.));
#6845=DIRECTION('',(-0.707106781186547,-0.707106781186548,0.));
#6846=DIRECTION('',(0.,0.,1.));
#6847=DIRECTION('',(-0.707106781186547,-0.707106781186548,-1.50674521898989E-16));
#6848=DIRECTION('center_axis',(0.,0.,-1.));
#6849=DIRECTION('ref_axis',(-1.,0.,0.));
#6850=DIRECTION('',(1.,0.,0.));
#6851=DIRECTION('center_axis',(0.,1.,0.));
#6852=DIRECTION('ref_axis',(1.,0.,0.));
#6853=DIRECTION('',(1.,0.,2.13085952373633E-16));
#6854=DIRECTION('center_axis',(0.,1.,0.));
#6855=DIRECTION('ref_axis',(1.,0.,0.));
#6856=DIRECTION('',(1.,0.,2.13085952373633E-16));
#6857=DIRECTION('center_axis',(0.,0.,1.));
#6858=DIRECTION('ref_axis',(-1.,0.,0.));
#6859=DIRECTION('center_axis',(-1.38729006081534E-16,0.,1.));
#6860=DIRECTION('ref_axis',(-1.,0.,0.));
#6861=DIRECTION('',(0.,0.,1.));
#6862=DIRECTION('center_axis',(0.,0.,-1.));
#6863=DIRECTION('ref_axis',(1.,0.,0.));
#6864=DIRECTION('center_axis',(2.13085952373633E-16,0.,-1.));
#6865=DIRECTION('ref_axis',(1.,0.,0.));
#6866=DIRECTION('',(0.,0.,-1.));
#6867=DIRECTION('center_axis',(-1.38729006081534E-16,0.,1.));
#6868=DIRECTION('ref_axis',(1.,0.,0.));
#6869=DIRECTION('center_axis',(-1.,0.,0.));
#6870=DIRECTION('ref_axis',(0.,0.,-1.));
#6871=DIRECTION('',(0.,0.,1.));
#6872=DIRECTION('',(0.,-1.,0.));
#6873=DIRECTION('',(0.,0.,-1.));
#6874=DIRECTION('',(0.,-1.,0.));
#6875=DIRECTION('center_axis',(-2.13085952373633E-16,0.,1.));
#6876=DIRECTION('ref_axis',(-1.,0.,-2.13085952373633E-16));
#6877=DIRECTION('',(1.,0.,2.13085952373633E-16));
#6878=DIRECTION('',(0.,-1.,0.));
#6879=DIRECTION('',(-1.,0.,-2.13085952373633E-16));
#6880=DIRECTION('center_axis',(1.,0.,0.));
#6881=DIRECTION('ref_axis',(0.,0.,1.));
#6882=DIRECTION('',(0.,0.,-1.));
#6883=DIRECTION('',(0.,-1.,0.));
#6884=DIRECTION('',(0.,0.,1.));
#6885=DIRECTION('center_axis',(0.,0.,1.));
#6886=DIRECTION('ref_axis',(-1.,0.,0.));
#6887=DIRECTION('',(1.,0.,0.));
#6888=DIRECTION('',(0.,-1.,0.));
#6889=DIRECTION('',(-1.,0.,0.));
#6890=DIRECTION('center_axis',(1.,0.,0.));
#6891=DIRECTION('ref_axis',(0.,0.,1.));
#6892=DIRECTION('',(0.,0.,-1.));
#6893=DIRECTION('',(0.,-1.,0.));
#6894=DIRECTION('',(0.,0.,1.));
#6895=DIRECTION('center_axis',(1.38729006081534E-16,0.,-1.));
#6896=DIRECTION('ref_axis',(1.,0.,1.38729006081534E-16));
#6897=DIRECTION('',(-1.,0.,-1.38729006081534E-16));
#6898=DIRECTION('',(0.,-1.,0.));
#6899=DIRECTION('',(1.,0.,1.38729006081534E-16));
#6900=DIRECTION('center_axis',(-1.,0.,0.));
#6901=DIRECTION('ref_axis',(0.,0.,-1.));
#6902=DIRECTION('',(0.,0.,1.));
#6903=DIRECTION('',(0.,-1.,0.));
#6904=DIRECTION('',(0.,0.,-1.));
#6905=DIRECTION('center_axis',(5.92118946466749E-15,0.,1.));
#6906=DIRECTION('ref_axis',(-1.,0.,5.92118946466749E-15));
#6907=DIRECTION('',(1.,0.,-5.92118946466749E-15));
#6908=DIRECTION('',(-1.,0.,5.92118946466749E-15));
#6909=DIRECTION('center_axis',(0.,1.,0.));
#6910=DIRECTION('ref_axis',(-1.,0.,0.));
#6911=DIRECTION('center_axis',(0.,1.,0.));
#6912=DIRECTION('ref_axis',(0.,0.,1.));
#6913=DIRECTION('center_axis',(-1.,0.,0.));
#6914=DIRECTION('ref_axis',(0.,-1.,1.22464679914736E-16));
#6915=DIRECTION('',(0.,1.,-1.22464679914736E-16));
#6916=DIRECTION('',(0.,0.,1.));
#6917=DIRECTION('',(0.,-1.,1.22464679914736E-16));
#6918=DIRECTION('',(0.,0.,1.));
#6919=DIRECTION('center_axis',(-0.00161011289241313,0.999998703767397,0.));
#6920=DIRECTION('ref_axis',(-0.999998703767397,-0.00161011289241313,1.2266170313202E-16));
#6921=DIRECTION('',(0.999998703767397,0.00161011289241313,-1.2266170313202E-16));
#6922=DIRECTION('',(-0.999998703767397,-0.00161011289241313,1.2266170313202E-16));
#6923=DIRECTION('',(0.,0.,1.));
#6924=DIRECTION('center_axis',(1.,0.,0.));
#6925=DIRECTION('ref_axis',(0.,1.,-1.22464679914735E-16));
#6926=DIRECTION('',(0.,-1.,1.22464679914735E-16));
#6927=DIRECTION('',(0.,1.,-1.22464679914735E-16));
#6928=DIRECTION('',(0.,0.,1.));
#6929=DIRECTION('',(0.,0.,1.));
#6930=DIRECTION('',(0.,0.,1.));
#6931=DIRECTION('',(0.,0.,1.));
#6932=DIRECTION('',(0.,0.,1.));
#6933=DIRECTION('',(0.,0.,1.));
#6934=DIRECTION('',(0.,0.,1.));
#6935=DIRECTION('',(0.,0.,1.));
#6936=DIRECTION('',(0.,0.,1.));
#6937=DIRECTION('',(0.,0.,1.));
#6938=DIRECTION('',(0.,0.,1.));
#6939=DIRECTION('',(0.,0.,1.));
#6940=DIRECTION('center_axis',(0.264516311733352,-0.964381211361453,0.));
#6941=DIRECTION('ref_axis',(0.964381211361453,0.264516311733352,-1.50496541813816E-16));
#6942=DIRECTION('',(-0.964381211361453,-0.264516311733352,1.50496541813816E-16));
#6943=DIRECTION('',(0.964381211361453,0.264516311733352,-1.50496541813816E-16));
#6944=DIRECTION('',(0.,0.,1.));
#6945=DIRECTION('',(0.,0.,1.));
#6946=DIRECTION('',(0.,0.,1.));
#6947=DIRECTION('',(0.,0.,1.));
#6948=DIRECTION('',(0.,0.,1.));
#6949=DIRECTION('',(0.,0.,1.));
#6950=DIRECTION('',(0.,0.,1.));
#6951=DIRECTION('',(0.,0.,1.));
#6952=DIRECTION('',(0.,0.,1.));
#6953=DIRECTION('',(0.,0.,1.));
#6954=DIRECTION('',(0.,0.,1.));
#6955=DIRECTION('',(0.,0.,1.));
#6956=DIRECTION('',(0.,0.,1.));
#6957=DIRECTION('center_axis',(-1.,0.,0.));
#6958=DIRECTION('ref_axis',(0.,-1.,1.22464679914735E-16));
#6959=DIRECTION('',(0.,1.,-1.22464679914735E-16));
#6960=DIRECTION('',(0.,-1.,1.22464679914735E-16));
#6961=DIRECTION('',(0.,0.,1.));
#6962=DIRECTION('center_axis',(0.,-1.,0.));
#6963=DIRECTION('ref_axis',(1.,0.,-1.22464679914735E-16));
#6964=DIRECTION('',(-1.,0.,1.22464679914735E-16));
#6965=DIRECTION('',(1.,0.,-1.22464679914735E-16));
#6966=DIRECTION('center_axis',(1.22464679914735E-16,1.22464679914735E-16,
1.));
#6967=DIRECTION('ref_axis',(-1.,0.,1.22464679914735E-16));
#6968=DIRECTION('center_axis',(1.22464679914735E-16,1.22464679914735E-16,
1.));
#6969=DIRECTION('ref_axis',(-1.,0.,1.22464679914735E-16));
#6970=DIRECTION('center_axis',(-1.,0.,0.));
#6971=DIRECTION('ref_axis',(0.,-1.,1.22464679914735E-16));
#6972=DIRECTION('',(0.,1.,-1.22464679914735E-16));
#6973=DIRECTION('',(0.,0.,1.));
#6974=DIRECTION('',(0.,-1.,1.22464679914735E-16));
#6975=DIRECTION('',(0.,0.,1.));
#6976=DIRECTION('center_axis',(0.,1.,0.));
#6977=DIRECTION('ref_axis',(-1.,0.,1.22464679914735E-16));
#6978=DIRECTION('',(1.,0.,-1.22464679914735E-16));
#6979=DIRECTION('',(-1.,0.,1.22464679914735E-16));
#6980=DIRECTION('',(0.,0.,1.));
#6981=DIRECTION('center_axis',(1.,0.,0.));
#6982=DIRECTION('ref_axis',(0.,1.,-1.22464679914735E-16));
#6983=DIRECTION('',(0.,-1.,1.22464679914735E-16));
#6984=DIRECTION('',(0.,1.,-1.22464679914735E-16));
#6985=DIRECTION('',(0.,0.,1.));
#6986=DIRECTION('',(0.,0.,1.));
#6987=DIRECTION('',(0.,0.,1.));
#6988=DIRECTION('',(0.,0.,1.));
#6989=DIRECTION('center_axis',(0.937477475505956,-0.34804594943625,0.));
#6990=DIRECTION('ref_axis',(0.34804594943625,0.937477475505956,-1.57431214758442E-16));
#6991=DIRECTION('',(-0.34804594943625,-0.937477475505956,1.57431214758442E-16));
#6992=DIRECTION('',(0.34804594943625,0.937477475505956,-1.57431214758442E-16));
#6993=DIRECTION('',(0.,0.,1.));
#6994=DIRECTION('',(0.,0.,1.));
#6995=DIRECTION('',(0.,0.,1.));
#6996=DIRECTION('',(0.,0.,1.));
#6997=DIRECTION('',(0.,0.,1.));
#6998=DIRECTION('center_axis',(1.,0.,0.));
#6999=DIRECTION('ref_axis',(0.,1.,-1.22464679914735E-16));
#7000=DIRECTION('',(0.,-1.,1.22464679914735E-16));
#7001=DIRECTION('',(0.,1.,-1.22464679914735E-16));
#7002=DIRECTION('',(0.,0.,1.));
#7003=DIRECTION('center_axis',(0.,-1.,0.));
#7004=DIRECTION('ref_axis',(1.,0.,-1.22464679914735E-16));
#7005=DIRECTION('',(-1.,0.,1.22464679914735E-16));
#7006=DIRECTION('',(1.,0.,-1.22464679914735E-16));
#7007=DIRECTION('center_axis',(1.22464679914735E-16,1.22464679914735E-16,
1.));
#7008=DIRECTION('ref_axis',(-1.,0.,1.22464679914735E-16));
#7009=DIRECTION('center_axis',(1.22464679914735E-16,1.22464679914735E-16,
1.));
#7010=DIRECTION('ref_axis',(-1.,0.,1.22464679914735E-16));
#7011=DIRECTION('',(0.,0.,1.));
#7012=DIRECTION('',(0.,0.,1.));
#7013=DIRECTION('',(0.,0.,1.));
#7014=DIRECTION('',(0.,0.,1.));
#7015=DIRECTION('',(0.,0.,1.));
#7016=DIRECTION('',(0.,0.,1.));
#7017=DIRECTION('',(0.,0.,1.));
#7018=DIRECTION('',(0.,0.,1.));
#7019=DIRECTION('center_axis',(0.146957883778706,0.989142750261702,0.));
#7020=DIRECTION('ref_axis',(-0.989142750261702,0.146957883778706,1.03137900102874E-16));
#7021=DIRECTION('',(0.989142750261702,-0.146957883778706,-1.03137900102874E-16));
#7022=DIRECTION('',(0.,0.,1.));
#7023=DIRECTION('',(-0.989142750261702,0.146957883778706,1.03137900102874E-16));
#7024=DIRECTION('',(0.,0.,1.));
#7025=DIRECTION('',(0.,0.,1.));
#7026=DIRECTION('',(0.,0.,1.));
#7027=DIRECTION('',(0.,0.,1.));
#7028=DIRECTION('',(0.,0.,1.));
#7029=DIRECTION('',(0.,0.,1.));
#7030=DIRECTION('',(0.,0.,1.));
#7031=DIRECTION('',(0.,0.,1.));
#7032=DIRECTION('',(0.,0.,1.));
#7033=DIRECTION('',(0.,0.,1.));
#7034=DIRECTION('',(0.,0.,1.));
#7035=DIRECTION('',(0.,0.,1.));
#7036=DIRECTION('',(0.,0.,1.));
#7037=DIRECTION('center_axis',(-1.,0.,0.));
#7038=DIRECTION('ref_axis',(0.,-1.,1.22464679914735E-16));
#7039=DIRECTION('',(0.,1.,-1.22464679914735E-16));
#7040=DIRECTION('',(0.,-1.,1.22464679914735E-16));
#7041=DIRECTION('',(0.,0.,1.));
#7042=DIRECTION('center_axis',(0.,1.,0.));
#7043=DIRECTION('ref_axis',(-1.,0.,1.22464679914735E-16));
#7044=DIRECTION('',(1.,0.,-1.22464679914735E-16));
#7045=DIRECTION('',(-1.,0.,1.22464679914735E-16));
#7046=DIRECTION('',(0.,0.,1.));
#7047=DIRECTION('center_axis',(1.,-1.26640738278092E-16,0.));
#7048=DIRECTION('ref_axis',(1.26640738278092E-16,1.,-1.22464679914735E-16));
#7049=DIRECTION('',(-1.26640738278092E-16,-1.,1.22464679914735E-16));
#7050=DIRECTION('',(1.26640738278092E-16,1.,-1.22464679914735E-16));
#7051=DIRECTION('',(0.,0.,1.));
#7052=DIRECTION('',(0.,0.,1.));
#7053=DIRECTION('',(0.,0.,1.));
#7054=DIRECTION('',(0.,0.,1.));
#7055=DIRECTION('',(0.,0.,1.));
#7056=DIRECTION('center_axis',(1.22464679914735E-16,1.22464679914735E-16,
1.));
#7057=DIRECTION('ref_axis',(-1.,0.,1.22464679914735E-16));
#7058=DIRECTION('center_axis',(1.22464679914735E-16,1.22464679914735E-16,
1.));
#7059=DIRECTION('ref_axis',(-1.,0.,1.22464679914735E-16));
#7060=DIRECTION('center_axis',(0.,1.,0.));
#7061=DIRECTION('ref_axis',(-1.,0.,1.22464679914735E-16));
#7062=DIRECTION('',(1.,0.,-1.22464679914735E-16));
#7063=DIRECTION('',(1.38777878078145E-16,0.,1.));
#7064=DIRECTION('',(-1.,0.,1.22464679914735E-16));
#7065=DIRECTION('',(1.38777878078145E-16,0.,1.));
#7066=DIRECTION('',(1.38777878078145E-16,0.,1.));
#7067=DIRECTION('',(1.38777878078145E-16,0.,1.));
#7068=DIRECTION('',(1.38777878078145E-16,0.,1.));
#7069=DIRECTION('center_axis',(0.122721376745506,0.992441163842818,-1.703101225957E-17));
#7070=DIRECTION('ref_axis',(-0.992441163842818,0.122721376745506,1.06509955342384E-16));
#7071=DIRECTION('',(0.992441163842818,-0.122721376745506,-1.06509955342384E-16));
#7072=DIRECTION('',(1.38777878078145E-16,0.,1.));
#7073=DIRECTION('',(-0.992441163842818,0.122721376745506,1.06509955342384E-16));
#7074=DIRECTION('',(1.38777878078145E-16,0.,1.));
#7075=DIRECTION('',(1.38777878078145E-16,0.,1.));
#7076=DIRECTION('',(1.38777878078145E-16,0.,1.));
#7077=DIRECTION('',(1.38777878078145E-16,0.,1.));
#7078=DIRECTION('',(1.38777878078145E-16,0.,1.));
#7079=DIRECTION('',(1.38777878078145E-16,0.,1.));
#7080=DIRECTION('',(1.38777878078145E-16,0.,1.));
#7081=DIRECTION('',(1.38777878078145E-16,0.,1.));
#7082=DIRECTION('',(1.38777878078145E-16,0.,1.));
#7083=DIRECTION('',(1.38777878078145E-16,0.,1.));
#7084=DIRECTION('center_axis',(0.,-1.,0.));
#7085=DIRECTION('ref_axis',(1.,0.,-1.22464679914735E-16));
#7086=DIRECTION('',(-1.,0.,1.22464679914735E-16));
#7087=DIRECTION('',(1.,0.,-1.22464679914735E-16));
#7088=DIRECTION('',(1.38777878078145E-16,0.,1.));
#7089=DIRECTION('',(1.38777878078145E-16,0.,1.));
#7090=DIRECTION('',(1.38777878078145E-16,0.,1.));
#7091=DIRECTION('',(1.38777878078145E-16,0.,1.));
#7092=DIRECTION('center_axis',(1.22464679914735E-16,1.22464679914735E-16,
1.));
#7093=DIRECTION('ref_axis',(-1.,0.,1.22464679914735E-16));
#7094=DIRECTION('center_axis',(1.22464679914735E-16,1.22464679914735E-16,
1.));
#7095=DIRECTION('ref_axis',(-1.,0.,1.22464679914735E-16));
#7096=DIRECTION('center_axis',(-1.,0.,0.));
#7097=DIRECTION('ref_axis',(0.,-1.,1.22464679914735E-16));
#7098=DIRECTION('',(0.,1.,-1.22464679914735E-16));
#7099=DIRECTION('',(0.,0.,1.));
#7100=DIRECTION('',(0.,-1.,1.22464679914735E-16));
#7101=DIRECTION('',(0.,0.,1.));
#7102=DIRECTION('',(0.,0.,1.));
#7103=DIRECTION('',(0.,0.,1.));
#7104=DIRECTION('',(0.,0.,1.));
#7105=DIRECTION('',(0.,0.,1.));
#7106=DIRECTION('',(0.,0.,1.));
#7107=DIRECTION('center_axis',(-1.,0.,0.));
#7108=DIRECTION('ref_axis',(0.,-1.,1.22464679914735E-16));
#7109=DIRECTION('',(0.,1.,-1.22464679914735E-16));
#7110=DIRECTION('',(0.,-1.,1.22464679914735E-16));
#7111=DIRECTION('',(0.,0.,1.));
#7112=DIRECTION('center_axis',(0.,1.,0.));
#7113=DIRECTION('ref_axis',(-1.,0.,1.22464679914735E-16));
#7114=DIRECTION('',(1.,0.,-1.22464679914735E-16));
#7115=DIRECTION('',(-1.,0.,1.22464679914735E-16));
#7116=DIRECTION('',(0.,0.,1.));
#7117=DIRECTION('center_axis',(1.,0.,0.));
#7118=DIRECTION('ref_axis',(0.,1.,-1.22464679914735E-16));
#7119=DIRECTION('',(0.,-1.,1.22464679914735E-16));
#7120=DIRECTION('',(0.,1.,-1.22464679914735E-16));
#7121=DIRECTION('',(0.,0.,1.));
#7122=DIRECTION('',(0.,0.,1.));
#7123=DIRECTION('',(0.,0.,1.));
#7124=DIRECTION('',(0.,0.,1.));
#7125=DIRECTION('',(0.,0.,1.));
#7126=DIRECTION('',(0.,0.,1.));
#7127=DIRECTION('',(0.,0.,1.));
#7128=DIRECTION('center_axis',(-1.,0.,0.));
#7129=DIRECTION('ref_axis',(0.,-1.,1.22464679914735E-16));
#7130=DIRECTION('',(0.,1.,-1.22464679914735E-16));
#7131=DIRECTION('',(0.,-1.,1.22464679914735E-16));
#7132=DIRECTION('',(0.,0.,1.));
#7133=DIRECTION('center_axis',(0.,1.,0.));
#7134=DIRECTION('ref_axis',(-1.,0.,1.22464679914735E-16));
#7135=DIRECTION('',(1.,0.,-1.22464679914735E-16));
#7136=DIRECTION('',(-1.,0.,1.22464679914735E-16));
#7137=DIRECTION('',(0.,0.,1.));
#7138=DIRECTION('center_axis',(1.,0.,0.));
#7139=DIRECTION('ref_axis',(0.,1.,-1.22464679914735E-16));
#7140=DIRECTION('',(0.,-1.,1.22464679914735E-16));
#7141=DIRECTION('',(0.,1.,-1.22464679914735E-16));
#7142=DIRECTION('',(0.,0.,1.));
#7143=DIRECTION('center_axis',(0.,-1.,0.));
#7144=DIRECTION('ref_axis',(1.,0.,-1.22464679914735E-16));
#7145=DIRECTION('',(-1.,0.,1.22464679914735E-16));
#7146=DIRECTION('',(1.,0.,-1.22464679914735E-16));
#7147=DIRECTION('center_axis',(1.22464679914735E-16,1.22464679914735E-16,
1.));
#7148=DIRECTION('ref_axis',(-1.,0.,1.22464679914735E-16));
#7149=DIRECTION('center_axis',(1.22464679914735E-16,1.22464679914735E-16,
1.));
#7150=DIRECTION('ref_axis',(-1.,0.,1.22464679914735E-16));
#7151=DIRECTION('center_axis',(-1.,0.,0.));
#7152=DIRECTION('ref_axis',(0.,-1.,1.22464679914735E-16));
#7153=DIRECTION('',(0.,1.,-1.22464679914735E-16));
#7154=DIRECTION('',(0.,0.,1.));
#7155=DIRECTION('',(0.,-1.,1.22464679914735E-16));
#7156=DIRECTION('',(0.,0.,1.));
#7157=DIRECTION('center_axis',(0.,1.,0.));
#7158=DIRECTION('ref_axis',(-1.,0.,1.22464679914735E-16));
#7159=DIRECTION('',(1.,0.,-1.22464679914735E-16));
#7160=DIRECTION('',(-1.,0.,1.22464679914735E-16));
#7161=DIRECTION('',(0.,0.,1.));
#7162=DIRECTION('center_axis',(1.,0.,0.));
#7163=DIRECTION('ref_axis',(0.,1.,-1.22464679914735E-16));
#7164=DIRECTION('',(0.,-1.,1.22464679914735E-16));
#7165=DIRECTION('',(0.,1.,-1.22464679914735E-16));
#7166=DIRECTION('',(0.,0.,1.));
#7167=DIRECTION('',(0.,0.,1.));
#7168=DIRECTION('',(0.,0.,1.));
#7169=DIRECTION('',(0.,0.,1.));
#7170=DIRECTION('center_axis',(0.937477475505956,-0.34804594943625,0.));
#7171=DIRECTION('ref_axis',(0.34804594943625,0.937477475505956,-1.57431214758441E-16));
#7172=DIRECTION('',(-0.34804594943625,-0.937477475505956,1.57431214758441E-16));
#7173=DIRECTION('',(0.34804594943625,0.937477475505956,-1.57431214758441E-16));
#7174=DIRECTION('',(0.,0.,1.));
#7175=DIRECTION('',(0.,0.,1.));
#7176=DIRECTION('',(0.,0.,1.));
#7177=DIRECTION('',(0.,0.,1.));
#7178=DIRECTION('',(0.,0.,1.));
#7179=DIRECTION('center_axis',(1.,0.,0.));
#7180=DIRECTION('ref_axis',(0.,1.,-1.22464679914735E-16));
#7181=DIRECTION('',(0.,-1.,1.22464679914735E-16));
#7182=DIRECTION('',(0.,1.,-1.22464679914735E-16));
#7183=DIRECTION('',(0.,0.,1.));
#7184=DIRECTION('center_axis',(0.,-1.,0.));
#7185=DIRECTION('ref_axis',(1.,0.,-1.22464679914735E-16));
#7186=DIRECTION('',(-1.,0.,1.22464679914735E-16));
#7187=DIRECTION('',(1.,0.,-1.22464679914735E-16));
#7188=DIRECTION('center_axis',(1.22464679914735E-16,1.22464679914735E-16,
1.));
#7189=DIRECTION('ref_axis',(-1.,0.,1.22464679914735E-16));
#7190=DIRECTION('center_axis',(1.22464679914735E-16,1.22464679914735E-16,
1.));
#7191=DIRECTION('ref_axis',(-1.,0.,1.22464679914735E-16));
#7192=DIRECTION('',(0.,0.,1.));
#7193=DIRECTION('',(0.,0.,1.));
#7194=DIRECTION('',(0.,0.,1.));
#7195=DIRECTION('',(0.,0.,1.));
#7196=DIRECTION('',(0.,0.,1.));
#7197=DIRECTION('',(0.,0.,1.));
#7198=DIRECTION('',(0.,0.,1.));
#7199=DIRECTION('',(0.,0.,1.));
#7200=DIRECTION('',(0.,0.,1.));
#7201=DIRECTION('',(0.,0.,1.));
#7202=DIRECTION('center_axis',(-1.,0.,0.));
#7203=DIRECTION('ref_axis',(0.,-1.,1.22464679914735E-16));
#7204=DIRECTION('',(0.,1.,-1.22464679914735E-16));
#7205=DIRECTION('',(0.,-1.,1.22464679914735E-16));
#7206=DIRECTION('',(0.,0.,1.));
#7207=DIRECTION('',(0.,0.,1.));
#7208=DIRECTION('',(0.,0.,1.));
#7209=DIRECTION('',(0.,0.,1.));
#7210=DIRECTION('',(0.,0.,1.));
#7211=DIRECTION('',(0.,0.,1.));
#7212=DIRECTION('',(0.,0.,1.));
#7213=DIRECTION('',(0.,0.,1.));
#7214=DIRECTION('',(0.,0.,1.));
#7215=DIRECTION('',(0.,0.,1.));
#7216=DIRECTION('',(0.,0.,1.));
#7217=DIRECTION('',(0.,0.,1.));
#7218=DIRECTION('',(0.,0.,1.));
#7219=DIRECTION('',(0.,0.,1.));
#7220=DIRECTION('',(0.,0.,1.));
#7221=DIRECTION('center_axis',(-0.135112577530353,-0.990830253571773,0.));
#7222=DIRECTION('ref_axis',(0.990830253571773,-0.135112577530353,-1.04795191293794E-16));
#7223=DIRECTION('',(-0.990830253571773,0.135112577530353,1.04795191293794E-16));
#7224=DIRECTION('',(0.990830253571773,-0.135112577530353,-1.04795191293794E-16));
#7225=DIRECTION('',(0.,0.,1.));
#7226=DIRECTION('',(0.,0.,1.));
#7227=DIRECTION('',(0.,0.,1.));
#7228=DIRECTION('',(0.,0.,1.));
#7229=DIRECTION('',(0.,0.,1.));
#7230=DIRECTION('',(0.,0.,1.));
#7231=DIRECTION('',(0.,0.,1.));
#7232=DIRECTION('',(0.,0.,1.));
#7233=DIRECTION('center_axis',(1.,0.,0.));
#7234=DIRECTION('ref_axis',(0.,1.,-1.22464679914735E-16));
#7235=DIRECTION('',(0.,-1.,1.22464679914735E-16));
#7236=DIRECTION('',(0.,1.,-1.22464679914735E-16));
#7237=DIRECTION('',(0.,0.,1.));
#7238=DIRECTION('',(0.,0.,1.));
#7239=DIRECTION('',(0.,0.,1.));
#7240=DIRECTION('center_axis',(0.,-1.,0.));
#7241=DIRECTION('ref_axis',(1.,0.,-1.22464679914735E-16));
#7242=DIRECTION('',(-1.,0.,1.22464679914735E-16));
#7243=DIRECTION('',(1.,0.,-1.22464679914735E-16));
#7244=DIRECTION('',(0.,0.,1.));
#7245=DIRECTION('center_axis',(1.22464679914735E-16,1.22464679914735E-16,
1.));
#7246=DIRECTION('ref_axis',(-1.,0.,1.22464679914735E-16));
#7247=DIRECTION('center_axis',(1.22464679914735E-16,1.22464679914735E-16,
1.));
#7248=DIRECTION('ref_axis',(-1.,0.,1.22464679914735E-16));
#7249=DIRECTION('center_axis',(-1.,0.,0.));
#7250=DIRECTION('ref_axis',(0.,-1.,1.22464679914735E-16));
#7251=DIRECTION('',(0.,1.,-1.22464679914735E-16));
#7252=DIRECTION('',(0.,0.,1.));
#7253=DIRECTION('',(0.,-1.,1.22464679914735E-16));
#7254=DIRECTION('',(0.,0.,1.));
#7255=DIRECTION('center_axis',(-0.00161011289241313,0.999998703767397,0.));
#7256=DIRECTION('ref_axis',(-0.999998703767397,-0.00161011289241313,1.2266170313202E-16));
#7257=DIRECTION('',(0.999998703767397,0.00161011289241313,-1.2266170313202E-16));
#7258=DIRECTION('',(-0.999998703767397,-0.00161011289241313,1.2266170313202E-16));
#7259=DIRECTION('',(0.,0.,1.));
#7260=DIRECTION('center_axis',(1.,0.,0.));
#7261=DIRECTION('ref_axis',(0.,1.,-1.22464679914735E-16));
#7262=DIRECTION('',(0.,-1.,1.22464679914735E-16));
#7263=DIRECTION('',(0.,1.,-1.22464679914735E-16));
#7264=DIRECTION('',(0.,0.,1.));
#7265=DIRECTION('',(0.,0.,1.));
#7266=DIRECTION('',(0.,0.,1.));
#7267=DIRECTION('',(0.,0.,1.));
#7268=DIRECTION('',(0.,0.,1.));
#7269=DIRECTION('',(0.,0.,1.));
#7270=DIRECTION('',(0.,0.,1.));
#7271=DIRECTION('',(0.,0.,1.));
#7272=DIRECTION('',(0.,0.,1.));
#7273=DIRECTION('',(0.,0.,1.));
#7274=DIRECTION('',(0.,0.,1.));
#7275=DIRECTION('',(0.,0.,1.));
#7276=DIRECTION('center_axis',(0.264516311733352,-0.964381211361453,0.));
#7277=DIRECTION('ref_axis',(0.964381211361453,0.264516311733352,-1.50496541813816E-16));
#7278=DIRECTION('',(-0.964381211361453,-0.264516311733352,1.50496541813816E-16));
#7279=DIRECTION('',(0.964381211361453,0.264516311733352,-1.50496541813816E-16));
#7280=DIRECTION('',(0.,0.,1.));
#7281=DIRECTION('',(0.,0.,1.));
#7282=DIRECTION('',(0.,0.,1.));
#7283=DIRECTION('',(0.,0.,1.));
#7284=DIRECTION('',(0.,0.,1.));
#7285=DIRECTION('',(0.,0.,1.));
#7286=DIRECTION('',(0.,0.,1.));
#7287=DIRECTION('',(0.,0.,1.));
#7288=DIRECTION('',(0.,0.,1.));
#7289=DIRECTION('',(0.,0.,1.));
#7290=DIRECTION('',(0.,0.,1.));
#7291=DIRECTION('',(0.,0.,1.));
#7292=DIRECTION('',(0.,0.,1.));
#7293=DIRECTION('center_axis',(-1.,0.,0.));
#7294=DIRECTION('ref_axis',(0.,-1.,1.22464679914735E-16));
#7295=DIRECTION('',(0.,1.,-1.22464679914735E-16));
#7296=DIRECTION('',(0.,-1.,1.22464679914735E-16));
#7297=DIRECTION('',(0.,0.,1.));
#7298=DIRECTION('center_axis',(0.,-1.,0.));
#7299=DIRECTION('ref_axis',(1.,0.,-1.22464679914735E-16));
#7300=DIRECTION('',(-1.,0.,1.22464679914735E-16));
#7301=DIRECTION('',(1.,0.,-1.22464679914735E-16));
#7302=DIRECTION('center_axis',(1.22464679914735E-16,1.22464679914735E-16,
1.));
#7303=DIRECTION('ref_axis',(-1.,0.,1.22464679914735E-16));
#7304=DIRECTION('center_axis',(1.22464679914735E-16,1.22464679914735E-16,
1.));
#7305=DIRECTION('ref_axis',(-1.,0.,1.22464679914735E-16));
#7306=DIRECTION('',(0.,0.,1.));
#7307=DIRECTION('',(0.,0.,1.));
#7308=DIRECTION('',(0.,0.,1.));
#7309=DIRECTION('',(0.,0.,1.));
#7310=DIRECTION('',(0.,0.,1.));
#7311=DIRECTION('',(0.,0.,1.));
#7312=DIRECTION('',(0.,0.,1.));
#7313=DIRECTION('',(0.,0.,1.));
#7314=DIRECTION('center_axis',(-1.,0.,0.));
#7315=DIRECTION('ref_axis',(0.,-1.,1.22464679914735E-16));
#7316=DIRECTION('',(0.,1.,-1.22464679914735E-16));
#7317=DIRECTION('',(0.,0.,1.));
#7318=DIRECTION('',(0.,-1.,1.22464679914735E-16));
#7319=DIRECTION('',(0.,0.,1.));
#7320=DIRECTION('',(0.,0.,1.));
#7321=DIRECTION('',(0.,0.,1.));
#7322=DIRECTION('',(0.,0.,1.));
#7323=DIRECTION('',(0.,0.,1.));
#7324=DIRECTION('',(0.,0.,1.));
#7325=DIRECTION('',(0.,0.,1.));
#7326=DIRECTION('',(0.,0.,1.));
#7327=DIRECTION('',(0.,0.,1.));
#7328=DIRECTION('',(0.,0.,1.));
#7329=DIRECTION('center_axis',(-1.,0.,0.));
#7330=DIRECTION('ref_axis',(0.,-1.,1.22464679914735E-16));
#7331=DIRECTION('',(0.,1.,-1.22464679914735E-16));
#7332=DIRECTION('',(0.,-1.,1.22464679914735E-16));
#7333=DIRECTION('',(0.,0.,1.));
#7334=DIRECTION('center_axis',(0.,1.,0.));
#7335=DIRECTION('ref_axis',(-1.,0.,1.22464679914736E-16));
#7336=DIRECTION('',(1.,0.,-1.22464679914736E-16));
#7337=DIRECTION('',(-1.,0.,1.22464679914736E-16));
#7338=DIRECTION('',(0.,0.,1.));
#7339=DIRECTION('center_axis',(1.,0.,0.));
#7340=DIRECTION('ref_axis',(0.,1.,-1.22464679914735E-16));
#7341=DIRECTION('',(0.,-1.,1.22464679914735E-16));
#7342=DIRECTION('',(0.,1.,-1.22464679914735E-16));
#7343=DIRECTION('',(0.,0.,1.));
#7344=DIRECTION('center_axis',(0.,-1.,0.));
#7345=DIRECTION('ref_axis',(1.,0.,-1.22464679914735E-16));
#7346=DIRECTION('',(-1.,0.,1.22464679914735E-16));
#7347=DIRECTION('',(1.,0.,-1.22464679914735E-16));
#7348=DIRECTION('center_axis',(1.22464679914735E-16,1.22464679914735E-16,
1.));
#7349=DIRECTION('ref_axis',(-1.,0.,1.22464679914735E-16));
#7350=DIRECTION('center_axis',(1.22464679914735E-16,1.22464679914735E-16,
1.));
#7351=DIRECTION('ref_axis',(-1.,0.,1.22464679914735E-16));
#7352=DIRECTION('',(0.,0.,1.));
#7353=DIRECTION('',(0.,0.,1.));
#7354=DIRECTION('',(0.,0.,1.));
#7355=DIRECTION('',(0.,0.,1.));
#7356=DIRECTION('',(0.,0.,1.));
#7357=DIRECTION('',(0.,0.,1.));
#7358=DIRECTION('',(0.,0.,1.));
#7359=DIRECTION('',(0.,0.,1.));
#7360=DIRECTION('',(0.,0.,1.));
#7361=DIRECTION('',(0.,0.,1.));
#7362=DIRECTION('center_axis',(-1.,0.,0.));
#7363=DIRECTION('ref_axis',(0.,-1.,1.22464679914735E-16));
#7364=DIRECTION('',(0.,1.,-1.22464679914735E-16));
#7365=DIRECTION('',(0.,-1.,1.22464679914735E-16));
#7366=DIRECTION('',(0.,0.,1.));
#7367=DIRECTION('',(0.,0.,1.));
#7368=DIRECTION('',(0.,0.,1.));
#7369=DIRECTION('',(0.,0.,1.));
#7370=DIRECTION('',(0.,0.,1.));
#7371=DIRECTION('',(0.,0.,1.));
#7372=DIRECTION('',(0.,0.,1.));
#7373=DIRECTION('',(0.,0.,1.));
#7374=DIRECTION('',(0.,0.,1.));
#7375=DIRECTION('',(0.,0.,1.));
#7376=DIRECTION('',(0.,0.,1.));
#7377=DIRECTION('',(0.,0.,1.));
#7378=DIRECTION('',(0.,0.,1.));
#7379=DIRECTION('',(0.,0.,1.));
#7380=DIRECTION('',(0.,0.,1.));
#7381=DIRECTION('center_axis',(-0.135112765690636,-0.990830227913656,0.));
#7382=DIRECTION('ref_axis',(0.990830227913656,-0.135112765690636,-1.04795165108592E-16));
#7383=DIRECTION('',(-0.990830227913656,0.135112765690636,1.04795165108592E-16));
#7384=DIRECTION('',(0.990830227913656,-0.135112765690636,-1.04795165108592E-16));
#7385=DIRECTION('',(0.,0.,1.));
#7386=DIRECTION('',(0.,0.,1.));
#7387=DIRECTION('',(0.,0.,1.));
#7388=DIRECTION('',(0.,0.,1.));
#7389=DIRECTION('',(0.,0.,1.));
#7390=DIRECTION('',(0.,0.,1.));
#7391=DIRECTION('',(0.,0.,1.));
#7392=DIRECTION('',(0.,0.,1.));
#7393=DIRECTION('center_axis',(1.,0.,0.));
#7394=DIRECTION('ref_axis',(0.,1.,-1.22464679914736E-16));
#7395=DIRECTION('',(0.,-1.,1.22464679914736E-16));
#7396=DIRECTION('',(0.,1.,-1.22464679914736E-16));
#7397=DIRECTION('',(0.,0.,1.));
#7398=DIRECTION('',(0.,0.,1.));
#7399=DIRECTION('',(0.,0.,1.));
#7400=DIRECTION('center_axis',(0.,-1.,0.));
#7401=DIRECTION('ref_axis',(1.,0.,-1.22464679914735E-16));
#7402=DIRECTION('',(-1.,0.,1.22464679914735E-16));
#7403=DIRECTION('',(1.,0.,-1.22464679914735E-16));
#7404=DIRECTION('',(0.,0.,1.));
#7405=DIRECTION('center_axis',(1.22464679914735E-16,1.22464679914735E-16,
1.));
#7406=DIRECTION('ref_axis',(-1.,0.,1.22464679914735E-16));
#7407=DIRECTION('center_axis',(1.22464679914735E-16,1.22464679914735E-16,
1.));
#7408=DIRECTION('ref_axis',(-1.,0.,1.22464679914735E-16));
#7409=DIRECTION('',(0.,0.,1.));
#7410=DIRECTION('',(0.,0.,1.));
#7411=DIRECTION('',(0.,0.,1.));
#7412=DIRECTION('',(0.,0.,1.));
#7413=DIRECTION('',(0.,0.,1.));
#7414=DIRECTION('',(0.,0.,1.));
#7415=DIRECTION('',(0.,0.,1.));
#7416=DIRECTION('',(0.,0.,1.));
#7417=DIRECTION('',(0.,0.,1.));
#7418=DIRECTION('',(0.,0.,1.));
#7419=DIRECTION('center_axis',(-1.,0.,0.));
#7420=DIRECTION('ref_axis',(0.,-1.,1.22464679914736E-16));
#7421=DIRECTION('',(0.,1.,-1.22464679914736E-16));
#7422=DIRECTION('',(0.,-1.,1.22464679914736E-16));
#7423=DIRECTION('',(0.,0.,1.));
#7424=DIRECTION('',(0.,0.,1.));
#7425=DIRECTION('',(0.,0.,1.));
#7426=DIRECTION('',(0.,0.,1.));
#7427=DIRECTION('',(0.,0.,1.));
#7428=DIRECTION('',(0.,0.,1.));
#7429=DIRECTION('',(0.,0.,1.));
#7430=DIRECTION('',(0.,0.,1.));
#7431=DIRECTION('',(0.,0.,1.));
#7432=DIRECTION('',(0.,0.,1.));
#7433=DIRECTION('',(0.,0.,1.));
#7434=DIRECTION('',(0.,0.,1.));
#7435=DIRECTION('',(0.,0.,1.));
#7436=DIRECTION('',(0.,0.,1.));
#7437=DIRECTION('',(0.,0.,1.));
#7438=DIRECTION('center_axis',(-0.13511267161043,-0.990830240742728,0.));
#7439=DIRECTION('ref_axis',(0.990830240742728,-0.13511267161043,-1.04795178201202E-16));
#7440=DIRECTION('',(-0.990830240742728,0.13511267161043,1.04795178201202E-16));
#7441=DIRECTION('',(0.990830240742728,-0.13511267161043,-1.04795178201202E-16));
#7442=DIRECTION('',(0.,0.,1.));
#7443=DIRECTION('',(0.,0.,1.));
#7444=DIRECTION('',(0.,0.,1.));
#7445=DIRECTION('',(0.,0.,1.));
#7446=DIRECTION('',(0.,0.,1.));
#7447=DIRECTION('',(0.,0.,1.));
#7448=DIRECTION('',(0.,0.,1.));
#7449=DIRECTION('',(0.,0.,1.));
#7450=DIRECTION('center_axis',(1.,0.,0.));
#7451=DIRECTION('ref_axis',(0.,1.,-1.22464679914736E-16));
#7452=DIRECTION('',(0.,-1.,1.22464679914736E-16));
#7453=DIRECTION('',(0.,1.,-1.22464679914736E-16));
#7454=DIRECTION('',(0.,0.,1.));
#7455=DIRECTION('',(0.,0.,1.));
#7456=DIRECTION('',(0.,0.,1.));
#7457=DIRECTION('center_axis',(0.,-1.,0.));
#7458=DIRECTION('ref_axis',(1.,0.,-1.22464679914735E-16));
#7459=DIRECTION('',(-1.,0.,1.22464679914735E-16));
#7460=DIRECTION('',(1.,0.,-1.22464679914735E-16));
#7461=DIRECTION('',(0.,0.,1.));
#7462=DIRECTION('center_axis',(1.22464679914735E-16,1.22464679914735E-16,
1.));
#7463=DIRECTION('ref_axis',(-1.,0.,1.22464679914735E-16));
#7464=DIRECTION('center_axis',(1.22464679914735E-16,1.22464679914735E-16,
1.));
#7465=DIRECTION('ref_axis',(-1.,0.,1.22464679914735E-16));
#7466=DIRECTION('center_axis',(-0.999962479916221,0.00866249154699462,0.));
#7467=DIRECTION('ref_axis',(-0.00866249154699462,-0.999962479916221,1.22464679914735E-16));
#7468=DIRECTION('',(0.00866249154699462,0.999962479916221,-1.22464679914735E-16));
#7469=DIRECTION('',(0.,0.,1.));
#7470=DIRECTION('',(-0.00866249154699462,-0.999962479916221,1.22464679914735E-16));
#7471=DIRECTION('',(0.,0.,1.));
#7472=DIRECTION('center_axis',(0.00866249154699258,0.999962479916221,0.));
#7473=DIRECTION('ref_axis',(-0.999962479916221,0.00866249154699258,1.22464679914735E-16));
#7474=DIRECTION('',(0.999962479916221,-0.00866249154699258,-1.22464679914735E-16));
#7475=DIRECTION('',(-0.999962479916221,0.00866249154699258,1.22464679914735E-16));
#7476=DIRECTION('',(0.,0.,1.));
#7477=DIRECTION('center_axis',(0.999962479916221,-0.00866249154699625,0.));
#7478=DIRECTION('ref_axis',(0.00866249154699625,0.999962479916221,-1.22464679914735E-16));
#7479=DIRECTION('',(-0.00866249154699625,-0.999962479916221,1.22464679914735E-16));
#7480=DIRECTION('',(0.00866249154699625,0.999962479916221,-1.22464679914735E-16));
#7481=DIRECTION('',(0.,0.,1.));
#7482=DIRECTION('',(0.,0.,1.));
#7483=DIRECTION('',(0.,0.,1.));
#7484=DIRECTION('',(0.,0.,1.));
#7485=DIRECTION('',(0.,0.,1.));
#7486=DIRECTION('center_axis',(0.999962479916221,-0.00866249154699557,0.));
#7487=DIRECTION('ref_axis',(0.00866249154699557,0.999962479916221,-1.22464679914735E-16));
#7488=DIRECTION('',(-0.00866249154699557,-0.999962479916221,1.22464679914735E-16));
#7489=DIRECTION('',(0.00866249154699557,0.999962479916221,-1.22464679914735E-16));
#7490=DIRECTION('',(0.,0.,1.));
#7491=DIRECTION('center_axis',(-0.00866249154699725,-0.999962479916221,
0.));
#7492=DIRECTION('ref_axis',(0.999962479916221,-0.00866249154699725,-1.22464679914735E-16));
#7493=DIRECTION('',(-0.999962479916221,0.00866249154699725,1.22464679914735E-16));
#7494=DIRECTION('',(0.999962479916221,-0.00866249154699725,-1.22464679914735E-16));
#7495=DIRECTION('',(0.,0.,1.));
#7496=DIRECTION('center_axis',(-0.999962479916221,0.00866249154699557,0.));
#7497=DIRECTION('ref_axis',(-0.00866249154699557,-0.999962479916221,1.22464679914735E-16));
#7498=DIRECTION('',(0.00866249154699557,0.999962479916221,-1.22464679914735E-16));
#7499=DIRECTION('',(-0.00866249154699557,-0.999962479916221,1.22464679914735E-16));
#7500=DIRECTION('',(0.,0.,1.));
#7501=DIRECTION('',(0.,0.,1.));
#7502=DIRECTION('',(0.,0.,1.));
#7503=DIRECTION('',(0.,0.,1.));
#7504=DIRECTION('',(0.,0.,1.));
#7505=DIRECTION('',(0.,0.,1.));
#7506=DIRECTION('center_axis',(0.999962479916221,-0.00866249154699422,0.));
#7507=DIRECTION('ref_axis',(0.00866249154699422,0.999962479916221,-1.22464679914735E-16));
#7508=DIRECTION('',(-0.00866249154699422,-0.999962479916221,1.22464679914735E-16));
#7509=DIRECTION('',(0.00866249154699422,0.999962479916221,-1.22464679914735E-16));
#7510=DIRECTION('',(0.,0.,1.));
#7511=DIRECTION('center_axis',(-0.0086624915469971,-0.999962479916221,0.));
#7512=DIRECTION('ref_axis',(0.999962479916221,-0.0086624915469971,-1.22464679914735E-16));
#7513=DIRECTION('',(-0.999962479916221,0.0086624915469971,1.22464679914735E-16));
#7514=DIRECTION('',(0.999962479916221,-0.0086624915469971,-1.22464679914735E-16));
#7515=DIRECTION('center_axis',(1.23520934284252E-16,1.21399235775118E-16,
1.));
#7516=DIRECTION('ref_axis',(-1.,0.,1.23520934284252E-16));
#7517=DIRECTION('center_axis',(1.23520934284252E-16,1.21399235775118E-16,
1.));
#7518=DIRECTION('ref_axis',(-1.,0.,1.23520934284252E-16));
#7519=CARTESIAN_POINT('',(0.,0.,0.));
#7520=CARTESIAN_POINT('Origin',(-6.02254687204652,24.5105320737944,30.6));
#7521=CARTESIAN_POINT('',(-8.77254687204652,24.5105320737944,30.6));
#7522=CARTESIAN_POINT('Origin',(-6.02254687204652,24.5105320737944,30.6));
#7523=CARTESIAN_POINT('',(-4.67254687204652,24.5105320737944,30.6));
#7524=CARTESIAN_POINT('Origin',(-6.02254687204652,24.5105320737944,30.6));
#7525=CARTESIAN_POINT('Origin',(-6.02254687204652,24.5105320737944,31.1));
#7526=CARTESIAN_POINT('',(-8.77254687204652,24.5105320737944,31.6));
#7527=CARTESIAN_POINT('Origin',(-6.02254687204652,24.5105320737944,31.6));
#7528=CARTESIAN_POINT('',(-8.77254687204652,24.5105320737944,31.1));
#7529=CARTESIAN_POINT('Origin',(17.124192304109,-6.56532142590595,31.6));
#7530=CARTESIAN_POINT('',(17.874192304109,-7.31532142590595,31.1));
#7531=CARTESIAN_POINT('',(16.374192304109,-5.81532142590595,31.1));
#7532=CARTESIAN_POINT('',(13.8778548026231,-3.31898392442006,31.1));
#7533=CARTESIAN_POINT('',(17.874192304109,-7.31532142590595,31.6));
#7534=CARTESIAN_POINT('',(17.874192304109,-7.31532142590595,31.6));
#7535=CARTESIAN_POINT('',(16.374192304109,-5.81532142590595,31.6));
#7536=CARTESIAN_POINT('',(10.9991806776955,-0.44030979949242,31.6));
#7537=CARTESIAN_POINT('',(16.374192304109,-5.81532142590595,31.6));
#7538=CARTESIAN_POINT('Origin',(17.874192304109,-5.81532142590595,31.6));
#7539=CARTESIAN_POINT('',(17.874192304109,-13.3811125691834,31.1));
#7540=CARTESIAN_POINT('',(17.874192304109,-5.81532142590595,31.1));
#7541=CARTESIAN_POINT('',(17.874192304109,-13.3811125691834,31.6));
#7542=CARTESIAN_POINT('',(17.874192304109,-13.3811125691834,31.6));
#7543=CARTESIAN_POINT('',(17.874192304109,13.0976053239442,31.6));
#7544=CARTESIAN_POINT('Origin',(17.124192304109,-14.1311125691834,31.6));
#7545=CARTESIAN_POINT('',(16.374192304109,-14.8811125691834,31.1));
#7546=CARTESIAN_POINT('',(13.8778548026231,-17.3774500706693,31.1));
#7547=CARTESIAN_POINT('',(16.374192304109,-14.8811125691834,31.6));
#7548=CARTESIAN_POINT('',(16.374192304109,-14.8811125691834,31.6));
#7549=CARTESIAN_POINT('',(32.178555213365,0.92325034007262,31.6));
#7550=CARTESIAN_POINT('Origin',(17.874192304109,-14.8811125691834,31.6));
#7551=CARTESIAN_POINT('',(-15.6622988510556,-14.8811125691834,31.1));
#7552=CARTESIAN_POINT('',(17.874192304109,-14.8811125691834,31.1));
#7553=CARTESIAN_POINT('',(-15.6622988510556,-14.8811125691834,31.6));
#7554=CARTESIAN_POINT('',(-15.6622988510556,-14.8811125691834,31.6));
#7555=CARTESIAN_POINT('',(24.5370958011322,-14.8811125691834,31.6));
#7556=CARTESIAN_POINT('Origin',(-16.4122988510556,-14.1311125691834,31.6));
#7557=CARTESIAN_POINT('',(-17.1622988510556,-13.3811125691834,31.1));
#7558=CARTESIAN_POINT('',(-13.1659613495697,-17.3774500706693,31.1));
#7559=CARTESIAN_POINT('',(-17.1622988510556,-13.3811125691834,31.6));
#7560=CARTESIAN_POINT('',(-17.1622988510556,-13.3811125691834,31.6));
#7561=CARTESIAN_POINT('',(-16.0446354744973,-14.4987759457417,31.6));
#7562=CARTESIAN_POINT('Origin',(-17.1622988510556,-14.8811125691834,31.6));
#7563=CARTESIAN_POINT('',(-17.1622988510556,-7.31532142590595,31.1));
#7564=CARTESIAN_POINT('',(-17.1622988510556,-14.8811125691834,31.1));
#7565=CARTESIAN_POINT('',(-17.1622988510556,-7.31532142590595,31.6));
#7566=CARTESIAN_POINT('',(-17.1622988510556,-7.31532142590595,31.6));
#7567=CARTESIAN_POINT('',(-17.1622988510556,8.56470975230551,31.6));
#7568=CARTESIAN_POINT('Origin',(-16.4122988510556,-6.56532142590595,31.6));
#7569=CARTESIAN_POINT('',(-15.6622988510556,-5.81532142590595,31.1));
#7570=CARTESIAN_POINT('',(-13.1659613495697,-3.31898392442006,31.1));
#7571=CARTESIAN_POINT('',(-15.6622988510556,-5.81532142590595,31.6));
#7572=CARTESIAN_POINT('',(-15.6622988510556,-5.81532142590595,31.6));
#7573=CARTESIAN_POINT('',(5.13473906117224,14.9817164863219,31.6));
#7574=CARTESIAN_POINT('Origin',(0.355946726526715,-10.3482169975447,31.1));
#7575=CARTESIAN_POINT('',(-17.1622988510556,-5.81532142590595,31.1));
#7576=CARTESIAN_POINT('Origin',(-20.6204691922402,-18.2852923070614,31.6));
#7577=CARTESIAN_POINT('',(-19.9704691922402,-18.9352923070614,31.1));
#7578=CARTESIAN_POINT('',(-21.2704691922402,-17.6352923070614,31.1));
#7579=CARTESIAN_POINT('',(-20.481111444301,-18.4246500550007,31.1));
#7580=CARTESIAN_POINT('',(-19.9704691922402,-18.9352923070614,31.6));
#7581=CARTESIAN_POINT('',(-19.9704691922402,-18.9352923070614,31.6));
#7582=CARTESIAN_POINT('',(-21.2704691922402,-17.6352923070614,31.6));
#7583=CARTESIAN_POINT('',(-20.2393081648553,-18.6664533344463,31.6));
#7584=CARTESIAN_POINT('',(-21.2704691922402,-17.6352923070614,31.6));
#7585=CARTESIAN_POINT('Origin',(-19.9704691922402,-17.6352923070614,31.6));
#7586=CARTESIAN_POINT('',(-19.9704691922402,-23.3352924113696,31.1));
#7587=CARTESIAN_POINT('',(-19.9704691922402,-17.6352923070614,31.1));
#7588=CARTESIAN_POINT('',(-19.9704691922402,-23.3352924113696,31.6));
#7589=CARTESIAN_POINT('',(-19.9704691922402,-23.3352924113696,31.6));
#7590=CARTESIAN_POINT('',(-19.9704691922402,7.18761988336651,31.6));
#7591=CARTESIAN_POINT('Origin',(-20.6204691922402,-23.9852924113696,31.6));
#7592=CARTESIAN_POINT('',(-21.2704691922402,-24.6352924113696,31.1));
#7593=CARTESIAN_POINT('',(-20.481111444301,-23.8459346634303,31.1));
#7594=CARTESIAN_POINT('',(-21.2704691922402,-24.6352924113696,31.6));
#7595=CARTESIAN_POINT('',(-21.2704691922402,-24.6352924113696,31.6));
#7596=CARTESIAN_POINT('',(6.33360405164968,2.96878083252031,31.6));
#7597=CARTESIAN_POINT('Origin',(-19.9704691922402,-24.6352924113696,31.6));
#7598=CARTESIAN_POINT('',(-24.5556073130344,-24.6352924113696,31.1));
#7599=CARTESIAN_POINT('',(-19.9704691922402,-24.6352924113696,31.1));
#7600=CARTESIAN_POINT('',(-24.5556073130344,-24.6352924113696,31.6));
#7601=CARTESIAN_POINT('',(-24.5556073130344,-24.6352924113696,31.6));
#7602=CARTESIAN_POINT('',(5.61476505295754,-24.6352924113696,31.6));
#7603=CARTESIAN_POINT('Origin',(-25.2056073130344,-23.9852924113696,31.6));
#7604=CARTESIAN_POINT('',(-25.8556073130344,-23.3352924113696,31.1));
#7605=CARTESIAN_POINT('',(-25.3449650609737,-23.8459346634303,31.1));
#7606=CARTESIAN_POINT('',(-25.8556073130344,-23.3352924113696,31.6));
#7607=CARTESIAN_POINT('',(-25.8556073130344,-23.3352924113696,31.6));
#7608=CARTESIAN_POINT('',(-25.103161781528,-24.087737942876,31.6));
#7609=CARTESIAN_POINT('Origin',(-25.8556073130344,-24.6352924113696,31.6));
#7610=CARTESIAN_POINT('',(-25.8556073130344,-18.9352923070614,31.1));
#7611=CARTESIAN_POINT('',(-25.8556073130344,-24.6352924113696,31.1));
#7612=CARTESIAN_POINT('',(-25.8556073130344,-18.9352923070614,31.6));
#7613=CARTESIAN_POINT('',(-25.8556073130344,-18.9352923070614,31.6));
#7614=CARTESIAN_POINT('',(-25.8556073130344,3.68761983121245,31.6));
#7615=CARTESIAN_POINT('Origin',(-25.2056073130344,-18.2852923070614,31.6));
#7616=CARTESIAN_POINT('',(-24.5556073130344,-17.6352923070614,31.1));
#7617=CARTESIAN_POINT('',(-25.3449650609737,-18.4246500550007,31.1));
#7618=CARTESIAN_POINT('',(-24.5556073130344,-17.6352923070614,31.6));
#7619=CARTESIAN_POINT('',(-24.5556073130344,-17.6352923070614,31.6));
#7620=CARTESIAN_POINT('',(1.46975043497695,8.39006544095,31.6));
#7621=CARTESIAN_POINT('Origin',(-22.9130382526373,-21.1352923592155,31.1));
#7622=CARTESIAN_POINT('',(-25.8556073130344,-17.6352923070614,31.1));
#7623=CARTESIAN_POINT('Origin',(-25.8556073130344,-17.6352923070614,31.6));
#7624=CARTESIAN_POINT('',(2.67219599256044,-17.6352923070614,31.6));
#7625=CARTESIAN_POINT('Origin',(-17.1622988510556,-5.81532142590595,31.6));
#7626=CARTESIAN_POINT('',(7.01885022354987,-5.81532142590595,31.6));
#7627=CARTESIAN_POINT('Origin',(-6.02254687204652,24.5105320737944,29.6));
#7628=CARTESIAN_POINT('',(-4.67254687204652,24.5105320737944,29.8));
#7629=CARTESIAN_POINT('Origin',(-6.02254687204652,24.5105320737944,29.8));
#7630=CARTESIAN_POINT('',(-4.67254687204652,24.5105320737944,29.6));
#7631=CARTESIAN_POINT('Origin',(23.2573526077444,21.0045869489897,31.6));
#7632=CARTESIAN_POINT('',(20.2573526077444,21.0045869489897,31.6));
#7633=CARTESIAN_POINT('Origin',(23.2573526077444,21.0045869489897,31.6));
#7634=CARTESIAN_POINT('',(20.2573526077444,21.0045869489897,29.8));
#7635=CARTESIAN_POINT('',(20.2573526077444,21.0045869489897,31.6));
#7636=CARTESIAN_POINT('Origin',(23.2573526077444,21.0045869489897,29.8));
#7637=CARTESIAN_POINT('Origin',(-31.3225468720465,32.0105320737944,31.6));
#7638=CARTESIAN_POINT('',(-31.3225468720465,-29.8004679262056,31.6));
#7639=CARTESIAN_POINT('',(-31.3225468720465,-29.8004679262056,30.4));
#7640=CARTESIAN_POINT('',(-31.3225468720465,-29.8004679262056,31.15));
#7641=CARTESIAN_POINT('',(-31.3225468720465,32.0105320737944,31.6));
#7642=CARTESIAN_POINT('',(-31.3225468720465,32.0105320737944,31.6));
#7643=CARTESIAN_POINT('',(-31.3225468720465,32.0105320737944,30.4));
#7644=CARTESIAN_POINT('',(-31.3225468720465,32.0105320737944,31.6));
#7645=CARTESIAN_POINT('',(-31.3225468720465,32.0105320737944,30.4));
#7646=CARTESIAN_POINT('Origin',(31.1999992981553,32.0105320737944,31.6));
#7647=CARTESIAN_POINT('',(31.1999992981553,-29.8004679262056,31.6));
#7648=CARTESIAN_POINT('',(15.5693627556049,-29.8004679262056,31.6));
#7649=CARTESIAN_POINT('',(31.1999992981553,32.0105320737944,31.6));
#7650=CARTESIAN_POINT('',(31.1999992981553,32.0105320737944,31.6));
#7651=CARTESIAN_POINT('',(31.1999992981553,32.0105320737944,31.6));
#7652=CARTESIAN_POINT('Origin',(31.1999992981553,32.0105320737944,30.4));
#7653=CARTESIAN_POINT('',(31.1999992981553,-29.8004679262056,30.4));
#7654=CARTESIAN_POINT('',(31.1999992981553,-29.8004679262056,30.55));
#7655=CARTESIAN_POINT('',(31.1999992981553,32.0105320737944,30.4));
#7656=CARTESIAN_POINT('',(31.1999992981553,32.0105320737944,30.4));
#7657=CARTESIAN_POINT('',(31.1999992981553,32.0105320737944,30.4));
#7658=CARTESIAN_POINT('Origin',(31.9499992981553,32.0105320737944,30.4));
#7659=CARTESIAN_POINT('',(31.9499992981553,-29.8004679262056,30.4));
#7660=CARTESIAN_POINT('',(15.9443627556049,-29.8004679262056,30.4));
#7661=CARTESIAN_POINT('',(31.9499992981553,32.0105320737944,30.4));
#7662=CARTESIAN_POINT('',(31.9499992981553,32.0105320737944,30.4));
#7663=CARTESIAN_POINT('',(31.9499992981553,32.0105320737944,30.4));
#7664=CARTESIAN_POINT('Origin',(31.9499992981553,32.0105320737944,29.8));
#7665=CARTESIAN_POINT('',(31.9499992981553,-29.8004679262056,29.8));
#7666=CARTESIAN_POINT('',(31.9499992981553,-29.8004679262056,30.25));
#7667=CARTESIAN_POINT('',(31.9499992981553,32.0105320737944,29.8));
#7668=CARTESIAN_POINT('',(31.9499992981553,32.0105320737944,29.8));
#7669=CARTESIAN_POINT('',(31.9499992981553,32.0105320737944,29.8));
#7670=CARTESIAN_POINT('Origin',(-32.0725468720465,32.0105320737944,29.8));
#7671=CARTESIAN_POINT('',(-32.0725468720465,-29.8004679262056,29.8));
#7672=CARTESIAN_POINT('',(-16.0669103294961,-29.8004679262056,29.8));
#7673=CARTESIAN_POINT('',(-32.0725468720465,32.0105320737944,29.8));
#7674=CARTESIAN_POINT('',(-32.0725468720465,32.0105320737944,29.8));
#7675=CARTESIAN_POINT('',(-32.0725468720465,32.0105320737944,29.8));
#7676=CARTESIAN_POINT('Origin',(-32.0725468720465,32.0105320737944,30.4));
#7677=CARTESIAN_POINT('',(-32.0725468720465,-29.8004679262056,30.4));
#7678=CARTESIAN_POINT('',(-32.0725468720465,-29.8004679262056,30.55));
#7679=CARTESIAN_POINT('',(-32.0725468720465,32.0105320737944,30.4));
#7680=CARTESIAN_POINT('',(-32.0725468720465,32.0105320737944,30.4));
#7681=CARTESIAN_POINT('',(-32.0725468720465,32.0105320737944,30.4));
#7682=CARTESIAN_POINT('Origin',(-31.3225468720465,32.0105320737944,30.4));
#7683=CARTESIAN_POINT('',(-15.6919103294961,-29.8004679262056,30.3999999999999));
#7684=CARTESIAN_POINT('',(-31.3225468720465,32.0105320737944,30.4));
#7685=CARTESIAN_POINT('Origin',(-0.0612737869456037,32.0105320737944,30.7));
#7686=CARTESIAN_POINT('Origin',(-0.0612737869456037,-29.8004679262056,30.7));
#7687=CARTESIAN_POINT('Origin',(-12.7676682377729,-10.2661083712184,31.6));
#7688=CARTESIAN_POINT('',(-12.7676682377729,-10.6767498030269,31.6));
#7689=CARTESIAN_POINT('',(-12.7676682377729,-10.2661083712184,31.6));
#7690=CARTESIAN_POINT('',(-12.7676682377729,-10.6767498030269,31.6));
#7691=CARTESIAN_POINT('',(-12.7676682377729,-10.6767498030269,32.1));
#7692=CARTESIAN_POINT('',(-12.7676682377729,-10.6767498030269,31.6));
#7693=CARTESIAN_POINT('',(-12.7676682377729,-10.2661083712184,32.1));
#7694=CARTESIAN_POINT('',(-12.7676682377729,-10.6767498030269,32.1));
#7695=CARTESIAN_POINT('',(-12.7676682377729,-10.2661083712184,31.6));
#7696=CARTESIAN_POINT('Origin',(-11.2850623036298,-10.2637212051952,31.6));
#7697=CARTESIAN_POINT('',(-11.2850623036298,-10.2637212051952,31.6));
#7698=CARTESIAN_POINT('',(-12.7676682377729,-10.2661083712184,31.6));
#7699=CARTESIAN_POINT('',(-11.2850623036298,-10.2637212051952,32.1));
#7700=CARTESIAN_POINT('',(-12.7676682377729,-10.2661083712184,32.1));
#7701=CARTESIAN_POINT('',(-11.2850623036298,-10.2637212051952,31.6));
#7702=CARTESIAN_POINT('Origin',(-11.2850623036298,-11.5624933018291,31.6));
#7703=CARTESIAN_POINT('',(-11.2850623036298,-11.5624933018291,31.6));
#7704=CARTESIAN_POINT('',(-11.2850623036298,-10.2637212051952,31.6));
#7705=CARTESIAN_POINT('',(-11.2850623036298,-11.5624933018291,32.1));
#7706=CARTESIAN_POINT('',(-11.2850623036298,-10.2637212051952,32.1));
#7707=CARTESIAN_POINT('',(-11.2850623036298,-11.5624933018291,31.6));
#7708=CARTESIAN_POINT('Ctrl Pts',(-11.989360323039,-11.9719408526027,31.6));
#7709=CARTESIAN_POINT('Ctrl Pts',(-11.989360323039,-11.9719408526027,32.1));
#7710=CARTESIAN_POINT('Ctrl Pts',(-11.8676842499915,-11.9192685851543,31.6));
#7711=CARTESIAN_POINT('Ctrl Pts',(-11.8676842499915,-11.9192685851543,32.1));
#7712=CARTESIAN_POINT('Ctrl Pts',(-11.6167992737866,-11.8106631688676,31.6));
#7713=CARTESIAN_POINT('Ctrl Pts',(-11.6167992737866,-11.8106631688676,32.1));
#7714=CARTESIAN_POINT('Ctrl Pts',(-11.3978327858134,-11.6468560291915,31.6));
#7715=CARTESIAN_POINT('Ctrl Pts',(-11.3978327858134,-11.6468560291915,32.1));
#7716=CARTESIAN_POINT('Ctrl Pts',(-11.2850623036298,-11.5624933018291,31.6));
#7717=CARTESIAN_POINT('Ctrl Pts',(-11.2850623036298,-11.5624933018291,32.1));
#7718=CARTESIAN_POINT('',(-11.989360323039,-11.9719408526027,31.6));
#7719=CARTESIAN_POINT('Ctrl Pts',(-11.2850623036298,-11.5624933018291,31.6));
#7720=CARTESIAN_POINT('Ctrl Pts',(-11.3978327858134,-11.6468560291915,31.6));
#7721=CARTESIAN_POINT('Ctrl Pts',(-11.6167992737866,-11.8106631688676,31.6));
#7722=CARTESIAN_POINT('Ctrl Pts',(-11.8676842499915,-11.9192685851543,31.6));
#7723=CARTESIAN_POINT('Ctrl Pts',(-11.989360323039,-11.9719408526027,31.6));
#7724=CARTESIAN_POINT('',(-11.989360323039,-11.9719408526027,32.1));
#7725=CARTESIAN_POINT('Ctrl Pts',(-11.989360323039,-11.9719408526027,32.1));
#7726=CARTESIAN_POINT('Ctrl Pts',(-11.8676842499915,-11.9192685851543,32.1));
#7727=CARTESIAN_POINT('Ctrl Pts',(-11.6167992737866,-11.8106631688676,32.1));
#7728=CARTESIAN_POINT('Ctrl Pts',(-11.3978327858134,-11.6468560291915,32.1));
#7729=CARTESIAN_POINT('Ctrl Pts',(-11.2850623036298,-11.5624933018291,32.1));
#7730=CARTESIAN_POINT('',(-11.989360323039,-11.9719408526027,31.6));
#7731=CARTESIAN_POINT('Ctrl Pts',(-12.7342437411222,-12.1092192902172,31.6));
#7732=CARTESIAN_POINT('Ctrl Pts',(-12.7342437411222,-12.1092192902172,32.1));
#7733=CARTESIAN_POINT('Ctrl Pts',(-12.6074694614209,-12.103408515691,31.6));
#7734=CARTESIAN_POINT('Ctrl Pts',(-12.6074694614209,-12.103408515691,32.1));
#7735=CARTESIAN_POINT('Ctrl Pts',(-12.3529049717473,-12.0917404008703,31.6));
#7736=CARTESIAN_POINT('Ctrl Pts',(-12.3529049717473,-12.0917404008703,32.1));
#7737=CARTESIAN_POINT('Ctrl Pts',(-12.1108638563702,-12.01198013927,31.6));
#7738=CARTESIAN_POINT('Ctrl Pts',(-12.1108638563702,-12.01198013927,32.1));
#7739=CARTESIAN_POINT('Ctrl Pts',(-11.989360323039,-11.9719408526027,31.6));
#7740=CARTESIAN_POINT('Ctrl Pts',(-11.989360323039,-11.9719408526027,32.1));
#7741=CARTESIAN_POINT('',(-12.7342437411222,-12.1092192902172,31.6));
#7742=CARTESIAN_POINT('Ctrl Pts',(-11.989360323039,-11.9719408526027,31.6));
#7743=CARTESIAN_POINT('Ctrl Pts',(-12.1108638563702,-12.01198013927,31.6));
#7744=CARTESIAN_POINT('Ctrl Pts',(-12.3529049717473,-12.0917404008703,31.6));
#7745=CARTESIAN_POINT('Ctrl Pts',(-12.6074694614209,-12.103408515691,31.6));
#7746=CARTESIAN_POINT('Ctrl Pts',(-12.7342437411222,-12.1092192902172,31.6));
#7747=CARTESIAN_POINT('',(-12.7342437411222,-12.1092192902172,32.1));
#7748=CARTESIAN_POINT('Ctrl Pts',(-12.7342437411222,-12.1092192902172,32.1));
#7749=CARTESIAN_POINT('Ctrl Pts',(-12.6074694614209,-12.103408515691,32.1));
#7750=CARTESIAN_POINT('Ctrl Pts',(-12.3529049717473,-12.0917404008703,32.1));
#7751=CARTESIAN_POINT('Ctrl Pts',(-12.1108638563702,-12.01198013927,32.1));
#7752=CARTESIAN_POINT('Ctrl Pts',(-11.989360323039,-11.9719408526027,32.1));
#7753=CARTESIAN_POINT('',(-12.7342437411222,-12.1092192902172,31.6));
#7754=CARTESIAN_POINT('Ctrl Pts',(-13.671317567912,-11.8883799089992,31.6));
#7755=CARTESIAN_POINT('Ctrl Pts',(-13.671317567912,-11.8883799089992,32.1));
#7756=CARTESIAN_POINT('Ctrl Pts',(-13.5251891451271,-11.9527833391883,31.6));
#7757=CARTESIAN_POINT('Ctrl Pts',(-13.5251891451271,-11.9527833391883,32.1));
#7758=CARTESIAN_POINT('Ctrl Pts',(-13.2266495959912,-12.0843591862758,31.6));
#7759=CARTESIAN_POINT('Ctrl Pts',(-13.2266495959912,-12.0843591862758,32.1));
#7760=CARTESIAN_POINT('Ctrl Pts',(-12.900665780254,-12.100817137501,31.6));
#7761=CARTESIAN_POINT('Ctrl Pts',(-12.900665780254,-12.100817137501,32.1));
#7762=CARTESIAN_POINT('Ctrl Pts',(-12.7342437411222,-12.1092192902172,31.6));
#7763=CARTESIAN_POINT('Ctrl Pts',(-12.7342437411222,-12.1092192902172,32.1));
#7764=CARTESIAN_POINT('',(-13.671317567912,-11.8883799089992,31.6));
#7765=CARTESIAN_POINT('Ctrl Pts',(-12.7342437411222,-12.1092192902172,31.6));
#7766=CARTESIAN_POINT('Ctrl Pts',(-12.900665780254,-12.100817137501,31.6));
#7767=CARTESIAN_POINT('Ctrl Pts',(-13.2266495959912,-12.0843591862758,31.6));
#7768=CARTESIAN_POINT('Ctrl Pts',(-13.5251891451271,-11.9527833391883,31.6));
#7769=CARTESIAN_POINT('Ctrl Pts',(-13.671317567912,-11.8883799089992,31.6));
#7770=CARTESIAN_POINT('',(-13.671317567912,-11.8883799089992,32.1));
#7771=CARTESIAN_POINT('Ctrl Pts',(-13.671317567912,-11.8883799089992,32.1));
#7772=CARTESIAN_POINT('Ctrl Pts',(-13.5251891451271,-11.9527833391883,32.1));
#7773=CARTESIAN_POINT('Ctrl Pts',(-13.2266495959912,-12.0843591862758,32.1));
#7774=CARTESIAN_POINT('Ctrl Pts',(-12.900665780254,-12.100817137501,32.1));
#7775=CARTESIAN_POINT('Ctrl Pts',(-12.7342437411222,-12.1092192902172,32.1));
#7776=CARTESIAN_POINT('',(-13.671317567912,-11.8883799089992,31.6));
#7777=CARTESIAN_POINT('Ctrl Pts',(-14.307572712985,-11.249737597903,31.6));
#7778=CARTESIAN_POINT('Ctrl Pts',(-14.307572712985,-11.249737597903,32.1));
#7779=CARTESIAN_POINT('Ctrl Pts',(-14.2271095297906,-11.380921141078,31.6));
#7780=CARTESIAN_POINT('Ctrl Pts',(-14.2271095297906,-11.380921141078,32.1));
#7781=CARTESIAN_POINT('Ctrl Pts',(-14.06563970605,-11.6441742557724,31.6));
#7782=CARTESIAN_POINT('Ctrl Pts',(-14.06563970605,-11.6441742557724,32.1));
#7783=CARTESIAN_POINT('Ctrl Pts',(-13.8030528759038,-11.8067955802748,31.6));
#7784=CARTESIAN_POINT('Ctrl Pts',(-13.8030528759038,-11.8067955802748,32.1));
#7785=CARTESIAN_POINT('Ctrl Pts',(-13.671317567912,-11.8883799089992,31.6));
#7786=CARTESIAN_POINT('Ctrl Pts',(-13.671317567912,-11.8883799089992,32.1));
#7787=CARTESIAN_POINT('',(-14.307572712985,-11.249737597903,31.6));
#7788=CARTESIAN_POINT('Ctrl Pts',(-13.671317567912,-11.8883799089992,31.6));
#7789=CARTESIAN_POINT('Ctrl Pts',(-13.8030528759038,-11.8067955802748,31.6));
#7790=CARTESIAN_POINT('Ctrl Pts',(-14.06563970605,-11.6441742557724,31.6));
#7791=CARTESIAN_POINT('Ctrl Pts',(-14.2271095297906,-11.380921141078,31.6));
#7792=CARTESIAN_POINT('Ctrl Pts',(-14.307572712985,-11.249737597903,31.6));
#7793=CARTESIAN_POINT('',(-14.307572712985,-11.249737597903,32.1));
#7794=CARTESIAN_POINT('Ctrl Pts',(-14.307572712985,-11.249737597903,32.1));
#7795=CARTESIAN_POINT('Ctrl Pts',(-14.2271095297906,-11.380921141078,32.1));
#7796=CARTESIAN_POINT('Ctrl Pts',(-14.06563970605,-11.6441742557724,32.1));
#7797=CARTESIAN_POINT('Ctrl Pts',(-13.8030528759038,-11.8067955802748,32.1));
#7798=CARTESIAN_POINT('Ctrl Pts',(-13.671317567912,-11.8883799089992,32.1));
#7799=CARTESIAN_POINT('',(-14.307572712985,-11.249737597903,31.6));
#7800=CARTESIAN_POINT('Ctrl Pts',(-14.5224426890287,-10.3162454142177,31.6));
#7801=CARTESIAN_POINT('Ctrl Pts',(-14.5224426890287,-10.3162454142177,32.1));
#7802=CARTESIAN_POINT('Ctrl Pts',(-14.5143916989183,-10.4822833765072,31.6));
#7803=CARTESIAN_POINT('Ctrl Pts',(-14.5143916989183,-10.4822833765072,32.1));
#7804=CARTESIAN_POINT('Ctrl Pts',(-14.4986713926011,-10.8064879267183,31.6));
#7805=CARTESIAN_POINT('Ctrl Pts',(-14.4986713926011,-10.8064879267183,32.1));
#7806=CARTESIAN_POINT('Ctrl Pts',(-14.3702328178748,-11.1043987031258,31.6));
#7807=CARTESIAN_POINT('Ctrl Pts',(-14.3702328178748,-11.1043987031258,32.1));
#7808=CARTESIAN_POINT('Ctrl Pts',(-14.307572712985,-11.249737597903,31.6));
#7809=CARTESIAN_POINT('Ctrl Pts',(-14.307572712985,-11.249737597903,32.1));
#7810=CARTESIAN_POINT('',(-14.5224426890287,-10.3162454142177,31.6));
#7811=CARTESIAN_POINT('Ctrl Pts',(-14.307572712985,-11.249737597903,31.6));
#7812=CARTESIAN_POINT('Ctrl Pts',(-14.3702328178748,-11.1043987031258,31.6));
#7813=CARTESIAN_POINT('Ctrl Pts',(-14.4986713926011,-10.8064879267183,31.6));
#7814=CARTESIAN_POINT('Ctrl Pts',(-14.5143916989183,-10.4822833765072,31.6));
#7815=CARTESIAN_POINT('Ctrl Pts',(-14.5224426890287,-10.3162454142177,31.6));
#7816=CARTESIAN_POINT('',(-14.5224426890287,-10.3162454142177,32.1));
#7817=CARTESIAN_POINT('Ctrl Pts',(-14.5224426890287,-10.3162454142177,32.1));
#7818=CARTESIAN_POINT('Ctrl Pts',(-14.5143916989183,-10.4822833765072,32.1));
#7819=CARTESIAN_POINT('Ctrl Pts',(-14.4986713926011,-10.8064879267183,32.1));
#7820=CARTESIAN_POINT('Ctrl Pts',(-14.3702328178748,-11.1043987031258,32.1));
#7821=CARTESIAN_POINT('Ctrl Pts',(-14.307572712985,-11.249737597903,32.1));
#7822=CARTESIAN_POINT('',(-14.5224426890287,-10.3162454142177,31.6));
#7823=CARTESIAN_POINT('Ctrl Pts',(-14.3087659979734,-9.36245904107928,31.6));
#7824=CARTESIAN_POINT('Ctrl Pts',(-14.3087659979734,-9.36245904107928,32.1));
#7825=CARTESIAN_POINT('Ctrl Pts',(-14.3710864762127,-9.51374844405004,31.6));
#7826=CARTESIAN_POINT('Ctrl Pts',(-14.3710864762127,-9.51374844405004,32.1));
#7827=CARTESIAN_POINT('Ctrl Pts',(-14.496978777415,-9.8193650186595,31.6));
#7828=CARTESIAN_POINT('Ctrl Pts',(-14.496978777415,-9.8193650186595,32.1));
#7829=CARTESIAN_POINT('Ctrl Pts',(-14.5138986583939,-10.1495247082298,31.6));
#7830=CARTESIAN_POINT('Ctrl Pts',(-14.5138986583939,-10.1495247082298,32.1));
#7831=CARTESIAN_POINT('Ctrl Pts',(-14.5224426890287,-10.3162454142177,31.6));
#7832=CARTESIAN_POINT('Ctrl Pts',(-14.5224426890287,-10.3162454142177,32.1));
#7833=CARTESIAN_POINT('',(-14.3087659979734,-9.36245904107928,31.6));
#7834=CARTESIAN_POINT('Ctrl Pts',(-14.5224426890287,-10.3162454142177,31.6));
#7835=CARTESIAN_POINT('Ctrl Pts',(-14.5138986583939,-10.1495247082298,31.6));
#7836=CARTESIAN_POINT('Ctrl Pts',(-14.496978777415,-9.8193650186595,31.6));
#7837=CARTESIAN_POINT('Ctrl Pts',(-14.3710864762127,-9.51374844405004,31.6));
#7838=CARTESIAN_POINT('Ctrl Pts',(-14.3087659979734,-9.36245904107928,31.6));
#7839=CARTESIAN_POINT('',(-14.3087659979734,-9.36245904107928,32.1));
#7840=CARTESIAN_POINT('Ctrl Pts',(-14.3087659979734,-9.36245904107928,32.1));
#7841=CARTESIAN_POINT('Ctrl Pts',(-14.3710864762127,-9.51374844405004,32.1));
#7842=CARTESIAN_POINT('Ctrl Pts',(-14.496978777415,-9.8193650186595,32.1));
#7843=CARTESIAN_POINT('Ctrl Pts',(-14.5138986583939,-10.1495247082298,32.1));
#7844=CARTESIAN_POINT('Ctrl Pts',(-14.5224426890287,-10.3162454142177,32.1));
#7845=CARTESIAN_POINT('',(-14.3087659979734,-9.36245904107928,31.6));
#7846=CARTESIAN_POINT('Ctrl Pts',(-13.693998327342,-8.70471731563448,31.6));
#7847=CARTESIAN_POINT('Ctrl Pts',(-13.693998327342,-8.70471731563448,32.1));
#7848=CARTESIAN_POINT('Ctrl Pts',(-13.8205930752617,-8.78732738092958,31.6));
#7849=CARTESIAN_POINT('Ctrl Pts',(-13.8205930752617,-8.78732738092958,32.1));
#7850=CARTESIAN_POINT('Ctrl Pts',(-14.0791827465907,-8.95607142429755,31.6));
#7851=CARTESIAN_POINT('Ctrl Pts',(-14.0791827465907,-8.95607142429755,32.1));
#7852=CARTESIAN_POINT('Ctrl Pts',(-14.2311801840664,-9.22512361343007,31.6));
#7853=CARTESIAN_POINT('Ctrl Pts',(-14.2311801840664,-9.22512361343007,32.1));
#7854=CARTESIAN_POINT('Ctrl Pts',(-14.3087659979734,-9.36245904107928,31.6));
#7855=CARTESIAN_POINT('Ctrl Pts',(-14.3087659979734,-9.36245904107928,32.1));
#7856=CARTESIAN_POINT('',(-13.693998327342,-8.70471731563448,31.6));
#7857=CARTESIAN_POINT('Ctrl Pts',(-14.3087659979734,-9.36245904107928,31.6));
#7858=CARTESIAN_POINT('Ctrl Pts',(-14.2311801840664,-9.22512361343007,31.6));
#7859=CARTESIAN_POINT('Ctrl Pts',(-14.0791827465907,-8.95607142429755,31.6));
#7860=CARTESIAN_POINT('Ctrl Pts',(-13.8205930752617,-8.78732738092958,31.6));
#7861=CARTESIAN_POINT('Ctrl Pts',(-13.693998327342,-8.70471731563448,31.6));
#7862=CARTESIAN_POINT('',(-13.693998327342,-8.70471731563448,32.1));
#7863=CARTESIAN_POINT('Ctrl Pts',(-13.693998327342,-8.70471731563448,32.1));
#7864=CARTESIAN_POINT('Ctrl Pts',(-13.8205930752617,-8.78732738092958,32.1));
#7865=CARTESIAN_POINT('Ctrl Pts',(-14.0791827465907,-8.95607142429755,32.1));
#7866=CARTESIAN_POINT('Ctrl Pts',(-14.2311801840664,-9.22512361343007,32.1));
#7867=CARTESIAN_POINT('Ctrl Pts',(-14.3087659979734,-9.36245904107928,32.1));
#7868=CARTESIAN_POINT('',(-13.693998327342,-8.70471731563448,31.6));
#7869=CARTESIAN_POINT('Ctrl Pts',(-12.7700554037961,-8.48984704156756,31.6));
#7870=CARTESIAN_POINT('Ctrl Pts',(-12.7700554037961,-8.48984704156756,32.1));
#7871=CARTESIAN_POINT('Ctrl Pts',(-12.9366433027358,-8.4974269280214,31.6));
#7872=CARTESIAN_POINT('Ctrl Pts',(-12.9366433027358,-8.4974269280214,32.1));
#7873=CARTESIAN_POINT('Ctrl Pts',(-13.2581516565377,-8.51205582262474,31.6));
#7874=CARTESIAN_POINT('Ctrl Pts',(-13.2581516565377,-8.51205582262474,32.1));
#7875=CARTESIAN_POINT('Ctrl Pts',(-13.5522739746931,-8.642069537858,31.6));
#7876=CARTESIAN_POINT('Ctrl Pts',(-13.5522739746931,-8.642069537858,32.1));
#7877=CARTESIAN_POINT('Ctrl Pts',(-13.693998327342,-8.70471731563448,31.6));
#7878=CARTESIAN_POINT('Ctrl Pts',(-13.693998327342,-8.70471731563448,32.1));
#7879=CARTESIAN_POINT('',(-12.7700554037961,-8.48984704156756,31.6));
#7880=CARTESIAN_POINT('Ctrl Pts',(-13.693998327342,-8.70471731563448,31.6));
#7881=CARTESIAN_POINT('Ctrl Pts',(-13.5522739746931,-8.642069537858,31.6));
#7882=CARTESIAN_POINT('Ctrl Pts',(-13.2581516565377,-8.51205582262474,31.6));
#7883=CARTESIAN_POINT('Ctrl Pts',(-12.9366433027358,-8.4974269280214,31.6));
#7884=CARTESIAN_POINT('Ctrl Pts',(-12.7700554037961,-8.48984704156756,31.6));
#7885=CARTESIAN_POINT('',(-12.7700554037961,-8.48984704156756,32.1));
#7886=CARTESIAN_POINT('Ctrl Pts',(-12.7700554037961,-8.48984704156756,32.1));
#7887=CARTESIAN_POINT('Ctrl Pts',(-12.9366433027358,-8.4974269280214,32.1));
#7888=CARTESIAN_POINT('Ctrl Pts',(-13.2581516565377,-8.51205582262474,32.1));
#7889=CARTESIAN_POINT('Ctrl Pts',(-13.5522739746931,-8.642069537858,32.1));
#7890=CARTESIAN_POINT('Ctrl Pts',(-13.693998327342,-8.70471731563448,32.1));
#7891=CARTESIAN_POINT('',(-12.7700554037961,-8.48984704156756,31.6));
#7892=CARTESIAN_POINT('Ctrl Pts',(-12.0836644078168,-8.61280069490313,31.6));
#7893=CARTESIAN_POINT('Ctrl Pts',(-12.0836644078168,-8.61280069490313,32.1));
#7894=CARTESIAN_POINT('Ctrl Pts',(-12.1910613761181,-8.57695169733498,31.6));
#7895=CARTESIAN_POINT('Ctrl Pts',(-12.1910613761181,-8.57695169733498,32.1));
#7896=CARTESIAN_POINT('Ctrl Pts',(-12.4137660507615,-8.50261310597632,31.6));
#7897=CARTESIAN_POINT('Ctrl Pts',(-12.4137660507615,-8.50261310597632,32.1));
#7898=CARTESIAN_POINT('Ctrl Pts',(-12.6485127905559,-8.49420198738848,31.6));
#7899=CARTESIAN_POINT('Ctrl Pts',(-12.6485127905559,-8.49420198738848,32.1));
#7900=CARTESIAN_POINT('Ctrl Pts',(-12.7700554037961,-8.48984704156756,31.6));
#7901=CARTESIAN_POINT('Ctrl Pts',(-12.7700554037961,-8.48984704156756,32.1));
#7902=CARTESIAN_POINT('',(-12.0836644078168,-8.61280069490313,31.6));
#7903=CARTESIAN_POINT('Ctrl Pts',(-12.7700554037961,-8.48984704156756,31.6));
#7904=CARTESIAN_POINT('Ctrl Pts',(-12.6485127905559,-8.49420198738848,31.6));
#7905=CARTESIAN_POINT('Ctrl Pts',(-12.4137660507615,-8.50261310597632,31.6));
#7906=CARTESIAN_POINT('Ctrl Pts',(-12.1910613761181,-8.57695169733498,31.6));
#7907=CARTESIAN_POINT('Ctrl Pts',(-12.0836644078168,-8.61280069490313,31.6));
#7908=CARTESIAN_POINT('',(-12.0836644078168,-8.61280069490313,32.1));
#7909=CARTESIAN_POINT('Ctrl Pts',(-12.0836644078168,-8.61280069490313,32.1));
#7910=CARTESIAN_POINT('Ctrl Pts',(-12.1910613761181,-8.57695169733498,32.1));
#7911=CARTESIAN_POINT('Ctrl Pts',(-12.4137660507615,-8.50261310597632,32.1));
#7912=CARTESIAN_POINT('Ctrl Pts',(-12.6485127905559,-8.49420198738848,32.1));
#7913=CARTESIAN_POINT('Ctrl Pts',(-12.7700554037961,-8.48984704156756,32.1));
#7914=CARTESIAN_POINT('',(-12.0836644078168,-8.61280069490313,31.6));
#7915=CARTESIAN_POINT('Ctrl Pts',(-11.6025929356488,-8.95539984842181,31.6));
#7916=CARTESIAN_POINT('Ctrl Pts',(-11.6025929356488,-8.95539984842181,32.1));
#7917=CARTESIAN_POINT('Ctrl Pts',(-11.6682515648251,-8.88541699303479,31.6));
#7918=CARTESIAN_POINT('Ctrl Pts',(-11.6682515648251,-8.88541699303479,32.1));
#7919=CARTESIAN_POINT('Ctrl Pts',(-11.8054890378989,-8.73914116680611,31.6));
#7920=CARTESIAN_POINT('Ctrl Pts',(-11.8054890378989,-8.73914116680611,32.1));
#7921=CARTESIAN_POINT('Ctrl Pts',(-11.9883104064232,-8.65610815788039,31.6));
#7922=CARTESIAN_POINT('Ctrl Pts',(-11.9883104064232,-8.65610815788039,32.1));
#7923=CARTESIAN_POINT('Ctrl Pts',(-12.0836644078168,-8.61280069490313,31.6));
#7924=CARTESIAN_POINT('Ctrl Pts',(-12.0836644078168,-8.61280069490313,32.1));
#7925=CARTESIAN_POINT('',(-11.6025929356488,-8.95539984842181,31.6));
#7926=CARTESIAN_POINT('Ctrl Pts',(-12.0836644078168,-8.61280069490313,31.6));
#7927=CARTESIAN_POINT('Ctrl Pts',(-11.9883104064232,-8.65610815788039,31.6));
#7928=CARTESIAN_POINT('Ctrl Pts',(-11.8054890378989,-8.73914116680611,31.6));
#7929=CARTESIAN_POINT('Ctrl Pts',(-11.6682515648251,-8.88541699303479,31.6));
#7930=CARTESIAN_POINT('Ctrl Pts',(-11.6025929356488,-8.95539984842181,31.6));
#7931=CARTESIAN_POINT('',(-11.6025929356488,-8.95539984842181,32.1));
#7932=CARTESIAN_POINT('Ctrl Pts',(-11.6025929356488,-8.95539984842181,32.1));
#7933=CARTESIAN_POINT('Ctrl Pts',(-11.6682515648251,-8.88541699303479,32.1));
#7934=CARTESIAN_POINT('Ctrl Pts',(-11.8054890378989,-8.73914116680611,32.1));
#7935=CARTESIAN_POINT('Ctrl Pts',(-11.9883104064232,-8.65610815788039,32.1));
#7936=CARTESIAN_POINT('Ctrl Pts',(-12.0836644078168,-8.61280069490313,32.1));
#7937=CARTESIAN_POINT('',(-11.6025929356488,-8.95539984842181,31.6));
#7938=CARTESIAN_POINT('Ctrl Pts',(-11.3375865126523,-9.52838704725146,31.6));
#7939=CARTESIAN_POINT('Ctrl Pts',(-11.3375865126523,-9.52838704725146,32.1));
#7940=CARTESIAN_POINT('Ctrl Pts',(-11.3690956248668,-9.4190644762148,31.6));
#7941=CARTESIAN_POINT('Ctrl Pts',(-11.3690956248668,-9.4190644762148,32.1));
#7942=CARTESIAN_POINT('Ctrl Pts',(-11.4281243593031,-9.21426108570007,31.6));
#7943=CARTESIAN_POINT('Ctrl Pts',(-11.4281243593031,-9.21426108570007,32.1));
#7944=CARTESIAN_POINT('Ctrl Pts',(-11.5471174824338,-9.03770948124276,31.6));
#7945=CARTESIAN_POINT('Ctrl Pts',(-11.5471174824338,-9.03770948124276,32.1));
#7946=CARTESIAN_POINT('Ctrl Pts',(-11.6025929356488,-8.95539984842181,31.6));
#7947=CARTESIAN_POINT('Ctrl Pts',(-11.6025929356488,-8.95539984842181,32.1));
#7948=CARTESIAN_POINT('',(-11.3375865126523,-9.52838704725146,31.6));
#7949=CARTESIAN_POINT('Ctrl Pts',(-11.6025929356488,-8.95539984842181,31.6));
#7950=CARTESIAN_POINT('Ctrl Pts',(-11.5471174824338,-9.03770948124276,31.6));
#7951=CARTESIAN_POINT('Ctrl Pts',(-11.4281243593031,-9.21426108570007,31.6));
#7952=CARTESIAN_POINT('Ctrl Pts',(-11.3690956248668,-9.4190644762148,31.6));
#7953=CARTESIAN_POINT('Ctrl Pts',(-11.3375865126523,-9.52838704725146,31.6));
#7954=CARTESIAN_POINT('',(-11.3375865126523,-9.52838704725146,32.1));
#7955=CARTESIAN_POINT('Ctrl Pts',(-11.3375865126523,-9.52838704725146,32.1));
#7956=CARTESIAN_POINT('Ctrl Pts',(-11.3690956248668,-9.4190644762148,32.1));
#7957=CARTESIAN_POINT('Ctrl Pts',(-11.4281243593031,-9.21426108570007,32.1));
#7958=CARTESIAN_POINT('Ctrl Pts',(-11.5471174824338,-9.03770948124276,32.1));
#7959=CARTESIAN_POINT('Ctrl Pts',(-11.6025929356488,-8.95539984842181,32.1));
#7960=CARTESIAN_POINT('',(-11.3375865126523,-9.52838704725146,31.6));
#7961=CARTESIAN_POINT('Origin',(-11.755390038577,-9.64298472543597,31.6));
#7962=CARTESIAN_POINT('',(-11.755390038577,-9.64298472543597,31.6));
#7963=CARTESIAN_POINT('',(-11.3375865126523,-9.52838704725146,31.6));
#7964=CARTESIAN_POINT('',(-11.755390038577,-9.64298472543597,32.1));
#7965=CARTESIAN_POINT('',(-11.3375865126523,-9.52838704725146,32.1));
#7966=CARTESIAN_POINT('',(-11.755390038577,-9.64298472543597,31.6));
#7967=CARTESIAN_POINT('Ctrl Pts',(-11.9511608982953,-9.22279343744158,31.6));
#7968=CARTESIAN_POINT('Ctrl Pts',(-11.9511608982953,-9.22279343744158,32.1));
#7969=CARTESIAN_POINT('Ctrl Pts',(-11.9127621134653,-9.282043284497,31.6));
#7970=CARTESIAN_POINT('Ctrl Pts',(-11.9127621134653,-9.282043284497,32.1));
#7971=CARTESIAN_POINT('Ctrl Pts',(-11.8280074900275,-9.41282082076966,31.6));
#7972=CARTESIAN_POINT('Ctrl Pts',(-11.8280074900275,-9.41282082076966,32.1));
#7973=CARTESIAN_POINT('Ctrl Pts',(-11.7810648993549,-9.56160723159155,31.6));
#7974=CARTESIAN_POINT('Ctrl Pts',(-11.7810648993549,-9.56160723159155,32.1));
#7975=CARTESIAN_POINT('Ctrl Pts',(-11.755390038577,-9.64298472543597,31.6));
#7976=CARTESIAN_POINT('Ctrl Pts',(-11.755390038577,-9.64298472543597,32.1));
#7977=CARTESIAN_POINT('',(-11.9511608982953,-9.22279343744158,31.6));
#7978=CARTESIAN_POINT('Ctrl Pts',(-11.755390038577,-9.64298472543597,31.6));
#7979=CARTESIAN_POINT('Ctrl Pts',(-11.7810648993549,-9.56160723159155,31.6));
#7980=CARTESIAN_POINT('Ctrl Pts',(-11.8280074900275,-9.41282082076966,31.6));
#7981=CARTESIAN_POINT('Ctrl Pts',(-11.9127621134653,-9.282043284497,31.6));
#7982=CARTESIAN_POINT('Ctrl Pts',(-11.9511608982953,-9.22279343744158,31.6));
#7983=CARTESIAN_POINT('',(-11.9511608982953,-9.22279343744158,32.1));
#7984=CARTESIAN_POINT('Ctrl Pts',(-11.9511608982953,-9.22279343744158,32.1));
#7985=CARTESIAN_POINT('Ctrl Pts',(-11.9127621134653,-9.282043284497,32.1));
#7986=CARTESIAN_POINT('Ctrl Pts',(-11.8280074900275,-9.41282082076966,32.1));
#7987=CARTESIAN_POINT('Ctrl Pts',(-11.7810648993549,-9.56160723159155,32.1));
#7988=CARTESIAN_POINT('Ctrl Pts',(-11.755390038577,-9.64298472543597,32.1));
#7989=CARTESIAN_POINT('',(-11.9511608982953,-9.22279343744158,31.6));
#7990=CARTESIAN_POINT('Ctrl Pts',(-12.2854034806165,-8.97808060785174,31.6));
#7991=CARTESIAN_POINT('Ctrl Pts',(-12.2854034806165,-8.97808060785174,32.1));
#7992=CARTESIAN_POINT('Ctrl Pts',(-12.2183444699444,-9.00976019317478,31.6));
#7993=CARTESIAN_POINT('Ctrl Pts',(-12.2183444699444,-9.00976019317478,32.1));
#7994=CARTESIAN_POINT('Ctrl Pts',(-12.0910167644599,-9.06991152659666,31.6));
#7995=CARTESIAN_POINT('Ctrl Pts',(-12.0910167644599,-9.06991152659666,32.1));
#7996=CARTESIAN_POINT('Ctrl Pts',(-11.9960920936821,-9.17367739250437,31.6));
#7997=CARTESIAN_POINT('Ctrl Pts',(-11.9960920936821,-9.17367739250437,32.1));
#7998=CARTESIAN_POINT('Ctrl Pts',(-11.9511608982953,-9.22279343744158,31.6));
#7999=CARTESIAN_POINT('Ctrl Pts',(-11.9511608982953,-9.22279343744158,32.1));
#8000=CARTESIAN_POINT('',(-12.2854034806165,-8.97808060785174,31.6));
#8001=CARTESIAN_POINT('Ctrl Pts',(-11.9511608982953,-9.22279343744158,31.6));
#8002=CARTESIAN_POINT('Ctrl Pts',(-11.9960920936821,-9.17367739250437,31.6));
#8003=CARTESIAN_POINT('Ctrl Pts',(-12.0910167644599,-9.06991152659666,31.6));
#8004=CARTESIAN_POINT('Ctrl Pts',(-12.2183444699444,-9.00976019317478,31.6));
#8005=CARTESIAN_POINT('Ctrl Pts',(-12.2854034806165,-8.97808060785174,31.6));
#8006=CARTESIAN_POINT('',(-12.2854034806165,-8.97808060785174,32.1));
#8007=CARTESIAN_POINT('Ctrl Pts',(-12.2854034806165,-8.97808060785174,32.1));
#8008=CARTESIAN_POINT('Ctrl Pts',(-12.2183444699444,-9.00976019317478,32.1));
#8009=CARTESIAN_POINT('Ctrl Pts',(-12.0910167644599,-9.06991152659666,32.1));
#8010=CARTESIAN_POINT('Ctrl Pts',(-11.9960920936821,-9.17367739250437,32.1));
#8011=CARTESIAN_POINT('Ctrl Pts',(-11.9511608982953,-9.22279343744158,32.1));
#8012=CARTESIAN_POINT('',(-12.2854034806165,-8.97808060785174,31.6));
#8013=CARTESIAN_POINT('Ctrl Pts',(-12.7676682377729,-8.88616309305071,31.6));
#8014=CARTESIAN_POINT('Ctrl Pts',(-12.7676682377729,-8.88616309305071,32.1));
#8015=CARTESIAN_POINT('Ctrl Pts',(-12.6824768224981,-8.88951315246761,31.6));
#8016=CARTESIAN_POINT('Ctrl Pts',(-12.6824768224981,-8.88951315246761,32.1));
#8017=CARTESIAN_POINT('Ctrl Pts',(-12.5170463301549,-8.89601852600706,31.6));
#8018=CARTESIAN_POINT('Ctrl Pts',(-12.5170463301549,-8.89601852600706,32.1));
#8019=CARTESIAN_POINT('Ctrl Pts',(-12.3610612370939,-8.9512779976412,31.6));
#8020=CARTESIAN_POINT('Ctrl Pts',(-12.3610612370939,-8.9512779976412,32.1));
#8021=CARTESIAN_POINT('Ctrl Pts',(-12.2854034806165,-8.97808060785174,31.6));
#8022=CARTESIAN_POINT('Ctrl Pts',(-12.2854034806165,-8.97808060785174,32.1));
#8023=CARTESIAN_POINT('',(-12.7676682377729,-8.88616309305071,31.6));
#8024=CARTESIAN_POINT('Ctrl Pts',(-12.2854034806165,-8.97808060785174,31.6));
#8025=CARTESIAN_POINT('Ctrl Pts',(-12.3610612370939,-8.9512779976412,31.6));
#8026=CARTESIAN_POINT('Ctrl Pts',(-12.5170463301549,-8.89601852600706,31.6));
#8027=CARTESIAN_POINT('Ctrl Pts',(-12.6824768224981,-8.88951315246761,31.6));
#8028=CARTESIAN_POINT('Ctrl Pts',(-12.7676682377729,-8.88616309305071,31.6));
#8029=CARTESIAN_POINT('',(-12.7676682377729,-8.88616309305071,32.1));
#8030=CARTESIAN_POINT('Ctrl Pts',(-12.7676682377729,-8.88616309305071,32.1));
#8031=CARTESIAN_POINT('Ctrl Pts',(-12.6824768224981,-8.88951315246761,32.1));
#8032=CARTESIAN_POINT('Ctrl Pts',(-12.5170463301549,-8.89601852600706,32.1));
#8033=CARTESIAN_POINT('Ctrl Pts',(-12.3610612370939,-8.9512779976412,32.1));
#8034=CARTESIAN_POINT('Ctrl Pts',(-12.2854034806165,-8.97808060785174,32.1));
#8035=CARTESIAN_POINT('',(-12.7676682377729,-8.88616309305071,31.6));
#8036=CARTESIAN_POINT('Ctrl Pts',(-13.3167813921842,-8.98285493989825,31.6));
#8037=CARTESIAN_POINT('Ctrl Pts',(-13.3167813921842,-8.98285493989825,32.1));
#8038=CARTESIAN_POINT('Ctrl Pts',(-13.2331541555914,-8.95468090952593,31.6));
#8039=CARTESIAN_POINT('Ctrl Pts',(-13.2331541555914,-8.95468090952593,32.1));
#8040=CARTESIAN_POINT('Ctrl Pts',(-13.0551707216921,-8.89471826007394,31.6));
#8041=CARTESIAN_POINT('Ctrl Pts',(-13.0551707216921,-8.89471826007394,32.1));
#8042=CARTESIAN_POINT('Ctrl Pts',(-12.8672778354605,-8.88912716046925,31.6));
#8043=CARTESIAN_POINT('Ctrl Pts',(-12.8672778354605,-8.88912716046925,32.1));
#8044=CARTESIAN_POINT('Ctrl Pts',(-12.7676682377729,-8.88616309305071,31.6));
#8045=CARTESIAN_POINT('Ctrl Pts',(-12.7676682377729,-8.88616309305071,32.1));
#8046=CARTESIAN_POINT('',(-13.3167813921842,-8.98285493989825,31.6));
#8047=CARTESIAN_POINT('Ctrl Pts',(-12.7676682377729,-8.88616309305071,31.6));
#8048=CARTESIAN_POINT('Ctrl Pts',(-12.8672778354605,-8.88912716046925,31.6));
#8049=CARTESIAN_POINT('Ctrl Pts',(-13.0551707216921,-8.89471826007394,31.6));
#8050=CARTESIAN_POINT('Ctrl Pts',(-13.2331541555914,-8.95468090952593,31.6));
#8051=CARTESIAN_POINT('Ctrl Pts',(-13.3167813921842,-8.98285493989825,31.6));
#8052=CARTESIAN_POINT('',(-13.3167813921842,-8.98285493989825,32.1));
#8053=CARTESIAN_POINT('Ctrl Pts',(-13.3167813921842,-8.98285493989825,32.1));
#8054=CARTESIAN_POINT('Ctrl Pts',(-13.2331541555914,-8.95468090952593,32.1));
#8055=CARTESIAN_POINT('Ctrl Pts',(-13.0551707216921,-8.89471826007394,32.1));
#8056=CARTESIAN_POINT('Ctrl Pts',(-12.8672778354605,-8.88912716046925,32.1));
#8057=CARTESIAN_POINT('Ctrl Pts',(-12.7676682377729,-8.88616309305071,32.1));
#8058=CARTESIAN_POINT('',(-13.3167813921842,-8.98285493989825,31.6));
#8059=CARTESIAN_POINT('Ctrl Pts',(-13.6904172802839,-9.2371188177669,31.6));
#8060=CARTESIAN_POINT('Ctrl Pts',(-13.6904172802839,-9.2371188177669,32.1));
#8061=CARTESIAN_POINT('Ctrl Pts',(-13.6377848539458,-9.18649871770326,31.6));
#8062=CARTESIAN_POINT('Ctrl Pts',(-13.6377848539458,-9.18649871770326,32.1));
#8063=CARTESIAN_POINT('Ctrl Pts',(-13.5277380678276,-9.08065941458621,31.6));
#8064=CARTESIAN_POINT('Ctrl Pts',(-13.5277380678276,-9.08065941458621,32.1));
#8065=CARTESIAN_POINT('Ctrl Pts',(-13.3891082737926,-9.01638738270888,31.6));
#8066=CARTESIAN_POINT('Ctrl Pts',(-13.3891082737926,-9.01638738270888,32.1));
#8067=CARTESIAN_POINT('Ctrl Pts',(-13.3167813921842,-8.98285493989825,31.6));
#8068=CARTESIAN_POINT('Ctrl Pts',(-13.3167813921842,-8.98285493989825,32.1));
#8069=CARTESIAN_POINT('',(-13.6904172802839,-9.2371188177669,31.6));
#8070=CARTESIAN_POINT('Ctrl Pts',(-13.3167813921842,-8.98285493989825,31.6));
#8071=CARTESIAN_POINT('Ctrl Pts',(-13.3891082737926,-9.01638738270888,31.6));
#8072=CARTESIAN_POINT('Ctrl Pts',(-13.5277380678276,-9.08065941458621,31.6));
#8073=CARTESIAN_POINT('Ctrl Pts',(-13.6377848539458,-9.18649871770326,31.6));
#8074=CARTESIAN_POINT('Ctrl Pts',(-13.6904172802839,-9.2371188177669,31.6));
#8075=CARTESIAN_POINT('',(-13.6904172802839,-9.2371188177669,32.1));
#8076=CARTESIAN_POINT('Ctrl Pts',(-13.6904172802839,-9.2371188177669,32.1));
#8077=CARTESIAN_POINT('Ctrl Pts',(-13.6377848539458,-9.18649871770326,32.1));
#8078=CARTESIAN_POINT('Ctrl Pts',(-13.5277380678276,-9.08065941458621,32.1));
#8079=CARTESIAN_POINT('Ctrl Pts',(-13.3891082737926,-9.01638738270888,32.1));
#8080=CARTESIAN_POINT('Ctrl Pts',(-13.3167813921842,-8.98285493989825,32.1));
#8081=CARTESIAN_POINT('',(-13.6904172802839,-9.2371188177669,31.6));
#8082=CARTESIAN_POINT('Ctrl Pts',(-13.9112560654554,-9.58329842229723,31.6));
#8083=CARTESIAN_POINT('Ctrl Pts',(-13.9112560654554,-9.58329842229723,32.1));
#8084=CARTESIAN_POINT('Ctrl Pts',(-13.8821370539481,-9.52147741032879,31.6));
#8085=CARTESIAN_POINT('Ctrl Pts',(-13.8821370539481,-9.52147741032879,32.1));
#8086=CARTESIAN_POINT('Ctrl Pts',(-13.8233403784769,-9.39664934131641,31.6));
#8087=CARTESIAN_POINT('Ctrl Pts',(-13.8233403784769,-9.39664934131641,32.1));
#8088=CARTESIAN_POINT('Ctrl Pts',(-13.7350047512545,-9.29063143283827,31.6));
#8089=CARTESIAN_POINT('Ctrl Pts',(-13.7350047512545,-9.29063143283827,32.1));
#8090=CARTESIAN_POINT('Ctrl Pts',(-13.6904172802839,-9.2371188177669,31.6));
#8091=CARTESIAN_POINT('Ctrl Pts',(-13.6904172802839,-9.2371188177669,32.1));
#8092=CARTESIAN_POINT('',(-13.9112560654554,-9.58329842229723,31.6));
#8093=CARTESIAN_POINT('Ctrl Pts',(-13.6904172802839,-9.2371188177669,31.6));
#8094=CARTESIAN_POINT('Ctrl Pts',(-13.7350047512545,-9.29063143283827,31.6));
#8095=CARTESIAN_POINT('Ctrl Pts',(-13.8233403784769,-9.39664934131641,31.6));
#8096=CARTESIAN_POINT('Ctrl Pts',(-13.8821370539481,-9.52147741032879,31.6));
#8097=CARTESIAN_POINT('Ctrl Pts',(-13.9112560654554,-9.58329842229723,31.6));
#8098=CARTESIAN_POINT('',(-13.9112560654554,-9.58329842229723,32.1));
#8099=CARTESIAN_POINT('Ctrl Pts',(-13.9112560654554,-9.58329842229723,32.1));
#8100=CARTESIAN_POINT('Ctrl Pts',(-13.8821370539481,-9.52147741032879,32.1));
#8101=CARTESIAN_POINT('Ctrl Pts',(-13.8233403784769,-9.39664934131641,32.1));
#8102=CARTESIAN_POINT('Ctrl Pts',(-13.7350047512545,-9.29063143283827,32.1));
#8103=CARTESIAN_POINT('Ctrl Pts',(-13.6904172802839,-9.2371188177669,32.1));
#8104=CARTESIAN_POINT('',(-13.9112560654554,-9.58329842229723,31.6));
#8105=CARTESIAN_POINT('Ctrl Pts',(-14.0449528599653,-10.28759584566,31.6));
#8106=CARTESIAN_POINT('Ctrl Pts',(-14.0449528599653,-10.28759584566,32.1));
#8107=CARTESIAN_POINT('Ctrl Pts',(-14.039842567152,-10.164479751579,31.6));
#8108=CARTESIAN_POINT('Ctrl Pts',(-14.039842567152,-10.164479751579,32.1));
#8109=CARTESIAN_POINT('Ctrl Pts',(-14.0298227826257,-9.92308522107375,31.6));
#8110=CARTESIAN_POINT('Ctrl Pts',(-14.0298227826257,-9.92308522107375,32.1));
#8111=CARTESIAN_POINT('Ctrl Pts',(-13.9502467242157,-9.69503729336115,31.6));
#8112=CARTESIAN_POINT('Ctrl Pts',(-13.9502467242157,-9.69503729336115,32.1));
#8113=CARTESIAN_POINT('Ctrl Pts',(-13.9112560654554,-9.58329842229723,31.6));
#8114=CARTESIAN_POINT('Ctrl Pts',(-13.9112560654554,-9.58329842229723,32.1));
#8115=CARTESIAN_POINT('',(-14.0449528599653,-10.28759584566,31.6));
#8116=CARTESIAN_POINT('Ctrl Pts',(-13.9112560654554,-9.58329842229723,31.6));
#8117=CARTESIAN_POINT('Ctrl Pts',(-13.9502467242157,-9.69503729336115,31.6));
#8118=CARTESIAN_POINT('Ctrl Pts',(-14.0298227826257,-9.92308522107375,31.6));
#8119=CARTESIAN_POINT('Ctrl Pts',(-14.039842567152,-10.164479751579,31.6));
#8120=CARTESIAN_POINT('Ctrl Pts',(-14.0449528599653,-10.28759584566,31.6));
#8121=CARTESIAN_POINT('',(-14.0449528599653,-10.28759584566,32.1));
#8122=CARTESIAN_POINT('Ctrl Pts',(-14.0449528599653,-10.28759584566,32.1));
#8123=CARTESIAN_POINT('Ctrl Pts',(-14.039842567152,-10.164479751579,32.1));
#8124=CARTESIAN_POINT('Ctrl Pts',(-14.0298227826257,-9.92308522107375,32.1));
#8125=CARTESIAN_POINT('Ctrl Pts',(-13.9502467242157,-9.69503729336115,32.1));
#8126=CARTESIAN_POINT('Ctrl Pts',(-13.9112560654554,-9.58329842229723,32.1));
#8127=CARTESIAN_POINT('',(-14.0449528599653,-10.28759584566,31.6));
#8128=CARTESIAN_POINT('Ctrl Pts',(-13.8838003779325,-11.0706792845333,31.6));
#8129=CARTESIAN_POINT('Ctrl Pts',(-13.8838003779325,-11.0706792845333,32.1));
#8130=CARTESIAN_POINT('Ctrl Pts',(-13.9307378402888,-10.9543264074833,31.6));
#8131=CARTESIAN_POINT('Ctrl Pts',(-13.9307378402888,-10.9543264074833,32.1));
#8132=CARTESIAN_POINT('Ctrl Pts',(-14.0319257614364,-10.7034925285898,31.6));
#8133=CARTESIAN_POINT('Ctrl Pts',(-14.0319257614364,-10.7034925285898,32.1));
#8134=CARTESIAN_POINT('Ctrl Pts',(-14.0404061960578,-10.4327503812876,31.6));
#8135=CARTESIAN_POINT('Ctrl Pts',(-14.0404061960578,-10.4327503812876,32.1));
#8136=CARTESIAN_POINT('Ctrl Pts',(-14.0449528599653,-10.28759584566,31.6));
#8137=CARTESIAN_POINT('Ctrl Pts',(-14.0449528599653,-10.28759584566,32.1));
#8138=CARTESIAN_POINT('',(-13.8838003779325,-11.0706792845333,31.6));
#8139=CARTESIAN_POINT('Ctrl Pts',(-14.0449528599653,-10.28759584566,31.6));
#8140=CARTESIAN_POINT('Ctrl Pts',(-14.0404061960578,-10.4327503812876,31.6));
#8141=CARTESIAN_POINT('Ctrl Pts',(-14.0319257614364,-10.7034925285898,31.6));
#8142=CARTESIAN_POINT('Ctrl Pts',(-13.9307378402888,-10.9543264074833,31.6));
#8143=CARTESIAN_POINT('Ctrl Pts',(-13.8838003779325,-11.0706792845333,31.6));
#8144=CARTESIAN_POINT('',(-13.8838003779325,-11.0706792845333,32.1));
#8145=CARTESIAN_POINT('Ctrl Pts',(-13.8838003779325,-11.0706792845333,32.1));
#8146=CARTESIAN_POINT('Ctrl Pts',(-13.9307378402888,-10.9543264074833,32.1));
#8147=CARTESIAN_POINT('Ctrl Pts',(-14.0319257614364,-10.7034925285898,32.1));
#8148=CARTESIAN_POINT('Ctrl Pts',(-14.0404061960578,-10.4327503812876,32.1));
#8149=CARTESIAN_POINT('Ctrl Pts',(-14.0449528599653,-10.28759584566,32.1));
#8150=CARTESIAN_POINT('',(-13.8838003779325,-11.0706792845333,31.6));
#8151=CARTESIAN_POINT('Ctrl Pts',(-13.4146665240201,-11.5386186613643,31.6));
#8152=CARTESIAN_POINT('Ctrl Pts',(-13.4146665240201,-11.5386186613643,32.1));
#8153=CARTESIAN_POINT('Ctrl Pts',(-13.5114159327875,-11.4805150249085,31.6));
#8154=CARTESIAN_POINT('Ctrl Pts',(-13.5114159327875,-11.4805150249085,32.1));
#8155=CARTESIAN_POINT('Ctrl Pts',(-13.7064469631335,-11.3633875692557,31.6));
#8156=CARTESIAN_POINT('Ctrl Pts',(-13.7064469631335,-11.3633875692557,32.1));
#8157=CARTESIAN_POINT('Ctrl Pts',(-13.8243737521644,-11.1687583980092,31.6));
#8158=CARTESIAN_POINT('Ctrl Pts',(-13.8243737521644,-11.1687583980092,32.1));
#8159=CARTESIAN_POINT('Ctrl Pts',(-13.8838003779325,-11.0706792845333,31.6));
#8160=CARTESIAN_POINT('Ctrl Pts',(-13.8838003779325,-11.0706792845333,32.1));
#8161=CARTESIAN_POINT('',(-13.4146665240201,-11.5386186613643,31.6));
#8162=CARTESIAN_POINT('Ctrl Pts',(-13.8838003779325,-11.0706792845333,31.6));
#8163=CARTESIAN_POINT('Ctrl Pts',(-13.8243737521644,-11.1687583980092,31.6));
#8164=CARTESIAN_POINT('Ctrl Pts',(-13.7064469631335,-11.3633875692557,31.6));
#8165=CARTESIAN_POINT('Ctrl Pts',(-13.5114159327875,-11.4805150249085,31.6));
#8166=CARTESIAN_POINT('Ctrl Pts',(-13.4146665240201,-11.5386186613643,31.6));
#8167=CARTESIAN_POINT('',(-13.4146665240201,-11.5386186613643,32.1));
#8168=CARTESIAN_POINT('Ctrl Pts',(-13.4146665240201,-11.5386186613643,32.1));
#8169=CARTESIAN_POINT('Ctrl Pts',(-13.5114159327875,-11.4805150249085,32.1));
#8170=CARTESIAN_POINT('Ctrl Pts',(-13.7064469631335,-11.3633875692557,32.1));
#8171=CARTESIAN_POINT('Ctrl Pts',(-13.8243737521644,-11.1687583980092,32.1));
#8172=CARTESIAN_POINT('Ctrl Pts',(-13.8838003779325,-11.0706792845333,32.1));
#8173=CARTESIAN_POINT('',(-13.4146665240201,-11.5386186613643,31.6));
#8174=CARTESIAN_POINT('Ctrl Pts',(-12.7605055476102,-11.6914157642925,31.6));
#8175=CARTESIAN_POINT('Ctrl Pts',(-12.7605055476102,-11.6914157642925,32.1));
#8176=CARTESIAN_POINT('Ctrl Pts',(-12.8742148815844,-11.6850952496412,31.6));
#8177=CARTESIAN_POINT('Ctrl Pts',(-12.8742148815844,-11.6850952496412,32.1));
#8178=CARTESIAN_POINT('Ctrl Pts',(-13.1012263085683,-11.6724768567609,31.6));
#8179=CARTESIAN_POINT('Ctrl Pts',(-13.1012263085683,-11.6724768567609,32.1));
#8180=CARTESIAN_POINT('Ctrl Pts',(-13.3103114797516,-11.5831846653985,31.6));
#8181=CARTESIAN_POINT('Ctrl Pts',(-13.3103114797516,-11.5831846653985,32.1));
#8182=CARTESIAN_POINT('Ctrl Pts',(-13.4146665240201,-11.5386186613643,31.6));
#8183=CARTESIAN_POINT('Ctrl Pts',(-13.4146665240201,-11.5386186613643,32.1));
#8184=CARTESIAN_POINT('',(-12.7605055476102,-11.6914157642925,31.6));
#8185=CARTESIAN_POINT('Ctrl Pts',(-13.4146665240201,-11.5386186613643,31.6));
#8186=CARTESIAN_POINT('Ctrl Pts',(-13.3103114797516,-11.5831846653985,31.6));
#8187=CARTESIAN_POINT('Ctrl Pts',(-13.1012263085683,-11.6724768567609,31.6));
#8188=CARTESIAN_POINT('Ctrl Pts',(-12.8742148815844,-11.6850952496412,31.6));
#8189=CARTESIAN_POINT('Ctrl Pts',(-12.7605055476102,-11.6914157642925,31.6));
#8190=CARTESIAN_POINT('',(-12.7605055476102,-11.6914157642925,32.1));
#8191=CARTESIAN_POINT('Ctrl Pts',(-12.7605055476102,-11.6914157642925,32.1));
#8192=CARTESIAN_POINT('Ctrl Pts',(-12.8742148815844,-11.6850952496412,32.1));
#8193=CARTESIAN_POINT('Ctrl Pts',(-13.1012263085683,-11.6724768567609,32.1));
#8194=CARTESIAN_POINT('Ctrl Pts',(-13.3103114797516,-11.5831846653985,32.1));
#8195=CARTESIAN_POINT('Ctrl Pts',(-13.4146665240201,-11.5386186613643,32.1));
#8196=CARTESIAN_POINT('',(-12.7605055476102,-11.6914157642925,31.6));
#8197=CARTESIAN_POINT('Ctrl Pts',(-12.1731935645017,-11.5756242050731,31.6));
#8198=CARTESIAN_POINT('Ctrl Pts',(-12.1731935645017,-11.5756242050731,32.1));
#8199=CARTESIAN_POINT('Ctrl Pts',(-12.268937472818,-11.6093961303383,31.6));
#8200=CARTESIAN_POINT('Ctrl Pts',(-12.268937472818,-11.6093961303383,32.1));
#8201=CARTESIAN_POINT('Ctrl Pts',(-12.4591123154178,-11.676476853118,31.6));
#8202=CARTESIAN_POINT('Ctrl Pts',(-12.4591123154178,-11.676476853118,32.1));
#8203=CARTESIAN_POINT('Ctrl Pts',(-12.6605046101229,-11.6864590998325,31.6));
#8204=CARTESIAN_POINT('Ctrl Pts',(-12.6605046101229,-11.6864590998325,32.1));
#8205=CARTESIAN_POINT('Ctrl Pts',(-12.7605055476102,-11.6914157642925,31.6));
#8206=CARTESIAN_POINT('Ctrl Pts',(-12.7605055476102,-11.6914157642925,32.1));
#8207=CARTESIAN_POINT('',(-12.1731935645017,-11.5756242050731,31.6));
#8208=CARTESIAN_POINT('Ctrl Pts',(-12.7605055476102,-11.6914157642925,31.6));
#8209=CARTESIAN_POINT('Ctrl Pts',(-12.6605046101229,-11.6864590998325,31.6));
#8210=CARTESIAN_POINT('Ctrl Pts',(-12.4591123154178,-11.676476853118,31.6));
#8211=CARTESIAN_POINT('Ctrl Pts',(-12.268937472818,-11.6093961303383,31.6));
#8212=CARTESIAN_POINT('Ctrl Pts',(-12.1731935645017,-11.5756242050731,31.6));
#8213=CARTESIAN_POINT('',(-12.1731935645017,-11.5756242050731,32.1));
#8214=CARTESIAN_POINT('Ctrl Pts',(-12.1731935645017,-11.5756242050731,32.1));
#8215=CARTESIAN_POINT('Ctrl Pts',(-12.268937472818,-11.6093961303383,32.1));
#8216=CARTESIAN_POINT('Ctrl Pts',(-12.4591123154178,-11.676476853118,32.1));
#8217=CARTESIAN_POINT('Ctrl Pts',(-12.6605046101229,-11.6864590998325,32.1));
#8218=CARTESIAN_POINT('Ctrl Pts',(-12.7605055476102,-11.6914157642925,32.1));
#8219=CARTESIAN_POINT('',(-12.1731935645017,-11.5756242050731,31.6));
#8220=CARTESIAN_POINT('Ctrl Pts',(-11.7386774922284,-11.3285236134136,31.6));
#8221=CARTESIAN_POINT('Ctrl Pts',(-11.7386774922284,-11.3285236134136,32.1));
#8222=CARTESIAN_POINT('Ctrl Pts',(-11.7981875580638,-11.373357946477,31.6));
#8223=CARTESIAN_POINT('Ctrl Pts',(-11.7981875580638,-11.373357946477,32.1));
#8224=CARTESIAN_POINT('Ctrl Pts',(-11.9322143377903,-11.4743324824203,31.6));
#8225=CARTESIAN_POINT('Ctrl Pts',(-11.9322143377903,-11.4743324824203,32.1));
#8226=CARTESIAN_POINT('Ctrl Pts',(-12.0870869218102,-11.5394306696838,31.6));
#8227=CARTESIAN_POINT('Ctrl Pts',(-12.0870869218102,-11.5394306696838,32.1));
#8228=CARTESIAN_POINT('Ctrl Pts',(-12.1731935645017,-11.5756242050731,31.6));
#8229=CARTESIAN_POINT('Ctrl Pts',(-12.1731935645017,-11.5756242050731,32.1));
#8230=CARTESIAN_POINT('',(-11.7386774922284,-11.3285236134136,31.6));
#8231=CARTESIAN_POINT('Ctrl Pts',(-12.1731935645017,-11.5756242050731,31.6));
#8232=CARTESIAN_POINT('Ctrl Pts',(-12.0870869218102,-11.5394306696838,31.6));
#8233=CARTESIAN_POINT('Ctrl Pts',(-11.9322143377903,-11.4743324824203,31.6));
#8234=CARTESIAN_POINT('Ctrl Pts',(-11.7981875580638,-11.373357946477,31.6));
#8235=CARTESIAN_POINT('Ctrl Pts',(-11.7386774922284,-11.3285236134136,31.6));
#8236=CARTESIAN_POINT('',(-11.7386774922284,-11.3285236134136,32.1));
#8237=CARTESIAN_POINT('Ctrl Pts',(-11.7386774922284,-11.3285236134136,32.1));
#8238=CARTESIAN_POINT('Ctrl Pts',(-11.7981875580638,-11.373357946477,32.1));
#8239=CARTESIAN_POINT('Ctrl Pts',(-11.9322143377903,-11.4743324824203,32.1));
#8240=CARTESIAN_POINT('Ctrl Pts',(-12.0870869218102,-11.5394306696838,32.1));
#8241=CARTESIAN_POINT('Ctrl Pts',(-12.1731935645017,-11.5756242050731,32.1));
#8242=CARTESIAN_POINT('',(-11.7386774922284,-11.3285236134136,31.6));
#8243=CARTESIAN_POINT('Origin',(-11.7386774922284,-10.6767498030269,31.6));
#8244=CARTESIAN_POINT('',(-11.7386774922284,-10.6767498030269,31.6));
#8245=CARTESIAN_POINT('',(-11.7386774922284,-11.3285236134136,31.6));
#8246=CARTESIAN_POINT('',(-11.7386774922284,-10.6767498030269,32.1));
#8247=CARTESIAN_POINT('',(-11.7386774922284,-11.3285236134136,32.1));
#8248=CARTESIAN_POINT('',(-11.7386774922284,-10.6767498030269,31.6));
#8249=CARTESIAN_POINT('Origin',(-12.7676682377729,-10.6767498030269,31.6));
#8250=CARTESIAN_POINT('',(-11.7386774922284,-10.6767498030269,31.6));
#8251=CARTESIAN_POINT('',(-11.7386774922284,-10.6767498030269,32.1));
#8252=CARTESIAN_POINT('Origin',(0.119780132683824,-10.7841853870952,32.1));
#8253=CARTESIAN_POINT('Origin',(0.119780132683824,-10.7841853870952,31.6));
#8254=CARTESIAN_POINT('Origin',(-7.94263409623234,-9.51406226297259,31.6));
#8255=CARTESIAN_POINT('',(-7.94263409623234,-12.0495329870784,31.6));
#8256=CARTESIAN_POINT('',(-7.94263409623234,-9.51406226297259,31.6));
#8257=CARTESIAN_POINT('',(-7.94263409623234,-12.0495329870784,31.6));
#8258=CARTESIAN_POINT('',(-7.94263409623234,-12.0495329870784,32.1));
#8259=CARTESIAN_POINT('',(-7.94263409623234,-12.0495329870784,31.6));
#8260=CARTESIAN_POINT('',(-7.94263409623234,-9.51406226297259,32.1));
#8261=CARTESIAN_POINT('',(-7.94263409623234,-12.0495329870784,32.1));
#8262=CARTESIAN_POINT('',(-7.94263409623234,-9.51406226297259,31.6));
#8263=CARTESIAN_POINT('Origin',(-7.55586730488866,-9.51406226297259,31.6));
#8264=CARTESIAN_POINT('',(-7.55586730488866,-9.51406226297259,31.6));
#8265=CARTESIAN_POINT('',(-7.94263409623234,-9.51406226297259,31.6));
#8266=CARTESIAN_POINT('',(-7.55586730488866,-9.51406226297259,32.1));
#8267=CARTESIAN_POINT('',(-7.94263409623234,-9.51406226297259,32.1));
#8268=CARTESIAN_POINT('',(-7.55586730488866,-9.51406226297259,31.6));
#8269=CARTESIAN_POINT('Origin',(-7.55586730488866,-9.89844188829302,31.6));
#8270=CARTESIAN_POINT('',(-7.55586730488866,-9.89844188829302,31.6));
#8271=CARTESIAN_POINT('',(-7.55586730488866,-9.51406226297259,31.6));
#8272=CARTESIAN_POINT('',(-7.55586730488866,-9.89844188829302,32.1));
#8273=CARTESIAN_POINT('',(-7.55586730488866,-9.51406226297259,32.1));
#8274=CARTESIAN_POINT('',(-7.55586730488866,-9.89844188829302,31.6));
#8275=CARTESIAN_POINT('Ctrl Pts',(-7.28250431069463,-9.54271183153033,31.6));
#8276=CARTESIAN_POINT('Ctrl Pts',(-7.28250431069463,-9.54271183153033,32.1));
#8277=CARTESIAN_POINT('Ctrl Pts',(-7.32832034112106,-9.5849659428003,31.6));
#8278=CARTESIAN_POINT('Ctrl Pts',(-7.32832034112106,-9.5849659428003,32.1));
#8279=CARTESIAN_POINT('Ctrl Pts',(-7.43950603058251,-9.68750761763342,31.6));
#8280=CARTESIAN_POINT('Ctrl Pts',(-7.43950603058251,-9.68750761763342,32.1));
#8281=CARTESIAN_POINT('Ctrl Pts',(-7.51278451588765,-9.82034342529408,31.6));
#8282=CARTESIAN_POINT('Ctrl Pts',(-7.51278451588765,-9.82034342529408,32.1));
#8283=CARTESIAN_POINT('Ctrl Pts',(-7.55586730488866,-9.89844188829302,31.6));
#8284=CARTESIAN_POINT('Ctrl Pts',(-7.55586730488866,-9.89844188829302,32.1));
#8285=CARTESIAN_POINT('',(-7.28250431069463,-9.54271183153033,31.6));
#8286=CARTESIAN_POINT('Ctrl Pts',(-7.55586730488866,-9.89844188829302,31.6));
#8287=CARTESIAN_POINT('Ctrl Pts',(-7.51278451588765,-9.82034342529408,31.6));
#8288=CARTESIAN_POINT('Ctrl Pts',(-7.43950603058251,-9.68750761763342,31.6));
#8289=CARTESIAN_POINT('Ctrl Pts',(-7.32832034112106,-9.5849659428003,31.6));
#8290=CARTESIAN_POINT('Ctrl Pts',(-7.28250431069463,-9.54271183153033,31.6));
#8291=CARTESIAN_POINT('',(-7.28250431069463,-9.54271183153033,32.1));
#8292=CARTESIAN_POINT('Ctrl Pts',(-7.28250431069463,-9.54271183153033,32.1));
#8293=CARTESIAN_POINT('Ctrl Pts',(-7.32832034112106,-9.5849659428003,32.1));
#8294=CARTESIAN_POINT('Ctrl Pts',(-7.43950603058251,-9.68750761763342,32.1));
#8295=CARTESIAN_POINT('Ctrl Pts',(-7.51278451588765,-9.82034342529408,32.1));
#8296=CARTESIAN_POINT('Ctrl Pts',(-7.55586730488866,-9.89844188829302,32.1));
#8297=CARTESIAN_POINT('',(-7.28250431069463,-9.54271183153033,31.6));
#8298=CARTESIAN_POINT('Ctrl Pts',(-7.00675415047734,-9.45676372190356,31.6));
#8299=CARTESIAN_POINT('Ctrl Pts',(-7.00675415047734,-9.45676372190356,32.1));
#8300=CARTESIAN_POINT('Ctrl Pts',(-7.05590375147419,-9.46038443402653,31.6));
#8301=CARTESIAN_POINT('Ctrl Pts',(-7.05590375147419,-9.46038443402653,32.1));
#8302=CARTESIAN_POINT('Ctrl Pts',(-7.15447669643378,-9.46764602414269,31.6));
#8303=CARTESIAN_POINT('Ctrl Pts',(-7.15447669643378,-9.46764602414269,32.1));
#8304=CARTESIAN_POINT('Ctrl Pts',(-7.23974950337873,-9.51764361363531,31.6));
#8305=CARTESIAN_POINT('Ctrl Pts',(-7.23974950337873,-9.51764361363531,32.1));
#8306=CARTESIAN_POINT('Ctrl Pts',(-7.28250431069463,-9.54271183153033,31.6));
#8307=CARTESIAN_POINT('Ctrl Pts',(-7.28250431069463,-9.54271183153033,32.1));
#8308=CARTESIAN_POINT('',(-7.00675415047734,-9.45676372190356,31.6));
#8309=CARTESIAN_POINT('Ctrl Pts',(-7.28250431069463,-9.54271183153033,31.6));
#8310=CARTESIAN_POINT('Ctrl Pts',(-7.23974950337873,-9.51764361363531,31.6));
#8311=CARTESIAN_POINT('Ctrl Pts',(-7.15447669643378,-9.46764602414269,31.6));
#8312=CARTESIAN_POINT('Ctrl Pts',(-7.05590375147419,-9.46038443402653,31.6));
#8313=CARTESIAN_POINT('Ctrl Pts',(-7.00675415047734,-9.45676372190356,31.6));
#8314=CARTESIAN_POINT('',(-7.00675415047734,-9.45676372190356,32.1));
#8315=CARTESIAN_POINT('Ctrl Pts',(-7.00675415047734,-9.45676372190356,32.1));
#8316=CARTESIAN_POINT('Ctrl Pts',(-7.05590375147419,-9.46038443402653,32.1));
#8317=CARTESIAN_POINT('Ctrl Pts',(-7.15447669643378,-9.46764602414269,32.1));
#8318=CARTESIAN_POINT('Ctrl Pts',(-7.23974950337873,-9.51764361363531,32.1));
#8319=CARTESIAN_POINT('Ctrl Pts',(-7.28250431069463,-9.54271183153033,32.1));
#8320=CARTESIAN_POINT('',(-7.00675415047734,-9.45676372190356,31.6));
#8321=CARTESIAN_POINT('Ctrl Pts',(-6.56507598408787,-9.5952354445064,31.6));
#8322=CARTESIAN_POINT('Ctrl Pts',(-6.56507598408787,-9.5952354445064,32.1));
#8323=CARTESIAN_POINT('Ctrl Pts',(-6.63753224968155,-9.55487956052162,31.6));
#8324=CARTESIAN_POINT('Ctrl Pts',(-6.63753224968155,-9.55487956052162,32.1));
#8325=CARTESIAN_POINT('Ctrl Pts',(-6.7753972080965,-9.47809307115767,31.6));
#8326=CARTESIAN_POINT('Ctrl Pts',(-6.7753972080965,-9.47809307115767,32.1));
#8327=CARTESIAN_POINT('Ctrl Pts',(-6.93230891330948,-9.46362700617555,31.6));
#8328=CARTESIAN_POINT('Ctrl Pts',(-6.93230891330948,-9.46362700617555,32.1));
#8329=CARTESIAN_POINT('Ctrl Pts',(-7.00675415047734,-9.45676372190356,31.6));
#8330=CARTESIAN_POINT('Ctrl Pts',(-7.00675415047734,-9.45676372190356,32.1));
#8331=CARTESIAN_POINT('',(-6.56507598408787,-9.5952354445064,31.6));
#8332=CARTESIAN_POINT('Ctrl Pts',(-7.00675415047734,-9.45676372190356,31.6));
#8333=CARTESIAN_POINT('Ctrl Pts',(-6.93230891330948,-9.46362700617555,31.6));
#8334=CARTESIAN_POINT('Ctrl Pts',(-6.7753972080965,-9.47809307115767,31.6));
#8335=CARTESIAN_POINT('Ctrl Pts',(-6.63753224968155,-9.55487956052162,31.6));
#8336=CARTESIAN_POINT('Ctrl Pts',(-6.56507598408787,-9.5952354445064,31.6));
#8337=CARTESIAN_POINT('',(-6.56507598408787,-9.5952354445064,32.1));
#8338=CARTESIAN_POINT('Ctrl Pts',(-6.56507598408787,-9.5952354445064,32.1));
#8339=CARTESIAN_POINT('Ctrl Pts',(-6.63753224968155,-9.55487956052162,32.1));
#8340=CARTESIAN_POINT('Ctrl Pts',(-6.7753972080965,-9.47809307115767,32.1));
#8341=CARTESIAN_POINT('Ctrl Pts',(-6.93230891330948,-9.46362700617555,32.1));
#8342=CARTESIAN_POINT('Ctrl Pts',(-7.00675415047734,-9.45676372190356,32.1));
#8343=CARTESIAN_POINT('',(-6.56507598408787,-9.5952354445064,31.6));
#8344=CARTESIAN_POINT('Origin',(-6.71309815892308,-9.99393985410571,31.6));
#8345=CARTESIAN_POINT('',(-6.71309815892308,-9.99393985410571,31.6));
#8346=CARTESIAN_POINT('',(-6.56507598408787,-9.5952354445064,31.6));
#8347=CARTESIAN_POINT('',(-6.71309815892308,-9.99393985410571,32.1));
#8348=CARTESIAN_POINT('',(-6.56507598408787,-9.5952354445064,32.1));
#8349=CARTESIAN_POINT('',(-6.71309815892308,-9.99393985410571,31.6));
#8350=CARTESIAN_POINT('Ctrl Pts',(-7.02824102887242,-9.90082905431628,31.6));
#8351=CARTESIAN_POINT('Ctrl Pts',(-7.02824102887242,-9.90082905431628,32.1));
#8352=CARTESIAN_POINT('Ctrl Pts',(-6.97476061709354,-9.905285388861,31.6));
#8353=CARTESIAN_POINT('Ctrl Pts',(-6.97476061709354,-9.905285388861,32.1));
#8354=CARTESIAN_POINT('Ctrl Pts',(-6.86341099377567,-9.91456376119262,31.6));
#8355=CARTESIAN_POINT('Ctrl Pts',(-6.86341099377567,-9.91456376119262,32.1));
#8356=CARTESIAN_POINT('Ctrl Pts',(-6.7645019240209,-9.96679493305829,31.6));
#8357=CARTESIAN_POINT('Ctrl Pts',(-6.7645019240209,-9.96679493305829,32.1));
#8358=CARTESIAN_POINT('Ctrl Pts',(-6.71309815892308,-9.99393985410571,31.6));
#8359=CARTESIAN_POINT('Ctrl Pts',(-6.71309815892308,-9.99393985410571,32.1));
#8360=CARTESIAN_POINT('',(-7.02824102887242,-9.90082905431628,31.6));
#8361=CARTESIAN_POINT('Ctrl Pts',(-6.71309815892308,-9.99393985410571,31.6));
#8362=CARTESIAN_POINT('Ctrl Pts',(-6.7645019240209,-9.96679493305829,31.6));
#8363=CARTESIAN_POINT('Ctrl Pts',(-6.86341099377567,-9.91456376119262,31.6));
#8364=CARTESIAN_POINT('Ctrl Pts',(-6.97476061709354,-9.905285388861,31.6));
#8365=CARTESIAN_POINT('Ctrl Pts',(-7.02824102887242,-9.90082905431628,31.6));
#8366=CARTESIAN_POINT('',(-7.02824102887242,-9.90082905431628,32.1));
#8367=CARTESIAN_POINT('Ctrl Pts',(-7.02824102887242,-9.90082905431628,32.1));
#8368=CARTESIAN_POINT('Ctrl Pts',(-6.97476061709354,-9.905285388861,32.1));
#8369=CARTESIAN_POINT('Ctrl Pts',(-6.86341099377567,-9.91456376119262,32.1));
#8370=CARTESIAN_POINT('Ctrl Pts',(-6.7645019240209,-9.96679493305829,32.1));
#8371=CARTESIAN_POINT('Ctrl Pts',(-6.71309815892308,-9.99393985410571,32.1));
#8372=CARTESIAN_POINT('',(-7.02824102887242,-9.90082905431628,31.6));
#8373=CARTESIAN_POINT('Ctrl Pts',(-7.28131102570622,-9.98558387895465,31.6));
#8374=CARTESIAN_POINT('Ctrl Pts',(-7.28131102570622,-9.98558387895465,32.1));
#8375=CARTESIAN_POINT('Ctrl Pts',(-7.24270310545495,-9.96086379772312,31.6));
#8376=CARTESIAN_POINT('Ctrl Pts',(-7.24270310545495,-9.96086379772312,32.1));
#8377=CARTESIAN_POINT('Ctrl Pts',(-7.16545199575538,-9.91140105291401,31.6));
#8378=CARTESIAN_POINT('Ctrl Pts',(-7.16545199575538,-9.91140105291401,32.1));
#8379=CARTESIAN_POINT('Ctrl Pts',(-7.07399193661014,-9.90435412627981,31.6));
#8380=CARTESIAN_POINT('Ctrl Pts',(-7.07399193661014,-9.90435412627981,32.1));
#8381=CARTESIAN_POINT('Ctrl Pts',(-7.02824102887242,-9.90082905431628,31.6));
#8382=CARTESIAN_POINT('Ctrl Pts',(-7.02824102887242,-9.90082905431628,32.1));
#8383=CARTESIAN_POINT('',(-7.28131102570622,-9.98558387895465,31.6));
#8384=CARTESIAN_POINT('Ctrl Pts',(-7.02824102887242,-9.90082905431628,31.6));
#8385=CARTESIAN_POINT('Ctrl Pts',(-7.07399193661014,-9.90435412627981,31.6));
#8386=CARTESIAN_POINT('Ctrl Pts',(-7.16545199575538,-9.91140105291401,31.6));
#8387=CARTESIAN_POINT('Ctrl Pts',(-7.24270310545495,-9.96086379772312,31.6));
#8388=CARTESIAN_POINT('Ctrl Pts',(-7.28131102570622,-9.98558387895465,31.6));
#8389=CARTESIAN_POINT('',(-7.28131102570622,-9.98558387895465,32.1));
#8390=CARTESIAN_POINT('Ctrl Pts',(-7.28131102570622,-9.98558387895465,32.1));
#8391=CARTESIAN_POINT('Ctrl Pts',(-7.24270310545495,-9.96086379772312,32.1));
#8392=CARTESIAN_POINT('Ctrl Pts',(-7.16545199575538,-9.91140105291401,32.1));
#8393=CARTESIAN_POINT('Ctrl Pts',(-7.07399193661014,-9.90435412627981,32.1));
#8394=CARTESIAN_POINT('Ctrl Pts',(-7.02824102887242,-9.90082905431628,32.1));
#8395=CARTESIAN_POINT('',(-7.28131102570622,-9.98558387895465,31.6));
#8396=CARTESIAN_POINT('Ctrl Pts',(-7.44126962670415,-10.220747448405,31.6));
#8397=CARTESIAN_POINT('Ctrl Pts',(-7.44126962670415,-10.220747448405,32.1));
#8398=CARTESIAN_POINT('Ctrl Pts',(-7.42327740592848,-10.1738167716447,31.6));
#8399=CARTESIAN_POINT('Ctrl Pts',(-7.42327740592848,-10.1738167716447,32.1));
#8400=CARTESIAN_POINT('Ctrl Pts',(-7.38837229153248,-10.082770721164,31.6));
#8401=CARTESIAN_POINT('Ctrl Pts',(-7.38837229153248,-10.082770721164,32.1));
#8402=CARTESIAN_POINT('Ctrl Pts',(-7.31625478115137,-10.0173047186107,31.6));
#8403=CARTESIAN_POINT('Ctrl Pts',(-7.31625478115137,-10.0173047186107,32.1));
#8404=CARTESIAN_POINT('Ctrl Pts',(-7.28131102570622,-9.98558387895465,31.6));
#8405=CARTESIAN_POINT('Ctrl Pts',(-7.28131102570622,-9.98558387895465,32.1));
#8406=CARTESIAN_POINT('',(-7.44126962670415,-10.220747448405,31.6));
#8407=CARTESIAN_POINT('Ctrl Pts',(-7.28131102570622,-9.98558387895465,31.6));
#8408=CARTESIAN_POINT('Ctrl Pts',(-7.31625478115137,-10.0173047186107,31.6));
#8409=CARTESIAN_POINT('Ctrl Pts',(-7.38837229153248,-10.082770721164,31.6));
#8410=CARTESIAN_POINT('Ctrl Pts',(-7.42327740592848,-10.1738167716447,31.6));
#8411=CARTESIAN_POINT('Ctrl Pts',(-7.44126962670415,-10.220747448405,31.6));
#8412=CARTESIAN_POINT('',(-7.44126962670415,-10.220747448405,32.1));
#8413=CARTESIAN_POINT('Ctrl Pts',(-7.44126962670415,-10.220747448405,32.1));
#8414=CARTESIAN_POINT('Ctrl Pts',(-7.42327740592848,-10.1738167716447,32.1));
#8415=CARTESIAN_POINT('Ctrl Pts',(-7.38837229153248,-10.082770721164,32.1));
#8416=CARTESIAN_POINT('Ctrl Pts',(-7.31625478115137,-10.0173047186107,32.1));
#8417=CARTESIAN_POINT('Ctrl Pts',(-7.28131102570622,-9.98558387895465,32.1));
#8418=CARTESIAN_POINT('',(-7.44126962670415,-10.220747448405,31.6));
#8419=CARTESIAN_POINT('Ctrl Pts',(-7.51289354809849,-10.7221113218868,31.6));
#8420=CARTESIAN_POINT('Ctrl Pts',(-7.51289354809849,-10.7221113218868,32.1));
#8421=CARTESIAN_POINT('Ctrl Pts',(-7.51030773178157,-10.6344779050069,31.6));
#8422=CARTESIAN_POINT('Ctrl Pts',(-7.51030773178157,-10.6344779050069,32.1));
#8423=CARTESIAN_POINT('Ctrl Pts',(-7.50529556430683,-10.4646153517737,31.6));
#8424=CARTESIAN_POINT('Ctrl Pts',(-7.50529556430683,-10.4646153517737,32.1));
#8425=CARTESIAN_POINT('Ctrl Pts',(-7.46215408172889,-10.3002940891975,31.6));
#8426=CARTESIAN_POINT('Ctrl Pts',(-7.46215408172889,-10.3002940891975,32.1));
#8427=CARTESIAN_POINT('Ctrl Pts',(-7.44126962670415,-10.220747448405,31.6));
#8428=CARTESIAN_POINT('Ctrl Pts',(-7.44126962670415,-10.220747448405,32.1));
#8429=CARTESIAN_POINT('',(-7.51289354809849,-10.7221113218868,31.6));
#8430=CARTESIAN_POINT('Ctrl Pts',(-7.44126962670415,-10.220747448405,31.6));
#8431=CARTESIAN_POINT('Ctrl Pts',(-7.46215408172889,-10.3002940891975,31.6));
#8432=CARTESIAN_POINT('Ctrl Pts',(-7.50529556430683,-10.4646153517737,31.6));
#8433=CARTESIAN_POINT('Ctrl Pts',(-7.51030773178157,-10.6344779050069,31.6));
#8434=CARTESIAN_POINT('Ctrl Pts',(-7.51289354809849,-10.7221113218868,31.6));
#8435=CARTESIAN_POINT('',(-7.51289354809849,-10.7221113218868,32.1));
#8436=CARTESIAN_POINT('Ctrl Pts',(-7.51289354809849,-10.7221113218868,32.1));
#8437=CARTESIAN_POINT('Ctrl Pts',(-7.51030773178157,-10.6344779050069,32.1));
#8438=CARTESIAN_POINT('Ctrl Pts',(-7.50529556430683,-10.4646153517737,32.1));
#8439=CARTESIAN_POINT('Ctrl Pts',(-7.46215408172889,-10.3002940891975,32.1));
#8440=CARTESIAN_POINT('Ctrl Pts',(-7.44126962670415,-10.220747448405,32.1));
#8441=CARTESIAN_POINT('',(-7.51289354809849,-10.7221113218868,31.6));
#8442=CARTESIAN_POINT('Origin',(-7.51289354809849,-12.0495329870784,31.6));
#8443=CARTESIAN_POINT('',(-7.51289354809849,-12.0495329870784,31.6));
#8444=CARTESIAN_POINT('',(-7.51289354809849,-10.7221113218868,31.6));
#8445=CARTESIAN_POINT('',(-7.51289354809849,-12.0495329870784,32.1));
#8446=CARTESIAN_POINT('',(-7.51289354809849,-10.7221113218868,32.1));
#8447=CARTESIAN_POINT('',(-7.51289354809849,-12.0495329870784,31.6));
#8448=CARTESIAN_POINT('Origin',(-7.94263409623234,-12.0495329870784,31.6));
#8449=CARTESIAN_POINT('',(-7.51289354809849,-12.0495329870784,31.6));
#8450=CARTESIAN_POINT('',(-7.51289354809849,-12.0495329870784,32.1));
#8451=CARTESIAN_POINT('Origin',(0.119780132683824,-10.7841853870952,32.1));
#8452=CARTESIAN_POINT('Origin',(0.119780132683824,-10.7841853870952,31.6));
#8453=CARTESIAN_POINT('Ctrl Pts',(-3.11521219262212,-11.4646081699932,31.6));
#8454=CARTESIAN_POINT('Ctrl Pts',(-3.11521219262212,-11.4646081699932,32.1));
#8455=CARTESIAN_POINT('Ctrl Pts',(-3.17274757165486,-11.3681085949105,31.6));
#8456=CARTESIAN_POINT('Ctrl Pts',(-3.17274757165486,-11.3681085949105,32.1));
#8457=CARTESIAN_POINT('Ctrl Pts',(-3.30560638523795,-11.145274935477,31.6));
#8458=CARTESIAN_POINT('Ctrl Pts',(-3.30560638523795,-11.145274935477,32.1));
#8459=CARTESIAN_POINT('Ctrl Pts',(-3.3105619088104,-10.8843600770007,31.6));
#8460=CARTESIAN_POINT('Ctrl Pts',(-3.3105619088104,-10.8843600770007,32.1));
#8461=CARTESIAN_POINT('Ctrl Pts',(-3.31337141045659,-10.7364361061656,31.6));
#8462=CARTESIAN_POINT('Ctrl Pts',(-3.31337141045659,-10.7364361061656,32.1));
#8463=CARTESIAN_POINT('',(-3.31337141045659,-10.7364361061656,31.6));
#8464=CARTESIAN_POINT('',(-3.11521219262212,-11.4646081699932,31.6));
#8465=CARTESIAN_POINT('Ctrl Pts',(-3.31337141045659,-10.7364361061656,31.6));
#8466=CARTESIAN_POINT('Ctrl Pts',(-3.3105619088104,-10.8843600770007,31.6));
#8467=CARTESIAN_POINT('Ctrl Pts',(-3.30560638523795,-11.145274935477,31.6));
#8468=CARTESIAN_POINT('Ctrl Pts',(-3.17274757165486,-11.3681085949105,31.6));
#8469=CARTESIAN_POINT('Ctrl Pts',(-3.11521219262212,-11.4646081699932,31.6));
#8470=CARTESIAN_POINT('',(-3.31337141045659,-10.7364361061656,32.1));
#8471=CARTESIAN_POINT('',(-3.31337141045659,-10.7364361061656,31.6));
#8472=CARTESIAN_POINT('',(-3.11521219262212,-11.4646081699932,32.1));
#8473=CARTESIAN_POINT('Ctrl Pts',(-3.11521219262212,-11.4646081699932,32.1));
#8474=CARTESIAN_POINT('Ctrl Pts',(-3.17274757165486,-11.3681085949105,32.1));
#8475=CARTESIAN_POINT('Ctrl Pts',(-3.30560638523795,-11.145274935477,32.1));
#8476=CARTESIAN_POINT('Ctrl Pts',(-3.3105619088104,-10.8843600770007,32.1));
#8477=CARTESIAN_POINT('Ctrl Pts',(-3.31337141045659,-10.7364361061656,32.1));
#8478=CARTESIAN_POINT('',(-3.11521219262212,-11.4646081699932,31.6));
#8479=CARTESIAN_POINT('Ctrl Pts',(-2.61862324723332,-11.6938029303157,31.6));
#8480=CARTESIAN_POINT('Ctrl Pts',(-2.61862324723332,-11.6938029303157,32.1));
#8481=CARTESIAN_POINT('Ctrl Pts',(-2.71406431495631,-11.684088288687,31.6));
#8482=CARTESIAN_POINT('Ctrl Pts',(-2.71406431495631,-11.684088288687,32.1));
#8483=CARTESIAN_POINT('Ctrl Pts',(-2.90577963702136,-11.6645741980231,31.6));
#8484=CARTESIAN_POINT('Ctrl Pts',(-2.90577963702136,-11.6645741980231,32.1));
#8485=CARTESIAN_POINT('Ctrl Pts',(-3.04519937001595,-11.5314563541619,31.6));
#8486=CARTESIAN_POINT('Ctrl Pts',(-3.04519937001595,-11.5314563541619,32.1));
#8487=CARTESIAN_POINT('Ctrl Pts',(-3.11521219262212,-11.4646081699932,31.6));
#8488=CARTESIAN_POINT('Ctrl Pts',(-3.11521219262212,-11.4646081699932,32.1));
#8489=CARTESIAN_POINT('',(-2.61862324723332,-11.6938029303157,31.6));
#8490=CARTESIAN_POINT('Ctrl Pts',(-3.11521219262212,-11.4646081699932,31.6));
#8491=CARTESIAN_POINT('Ctrl Pts',(-3.04519937001595,-11.5314563541619,31.6));
#8492=CARTESIAN_POINT('Ctrl Pts',(-2.90577963702136,-11.6645741980231,31.6));
#8493=CARTESIAN_POINT('Ctrl Pts',(-2.71406431495631,-11.684088288687,31.6));
#8494=CARTESIAN_POINT('Ctrl Pts',(-2.61862324723332,-11.6938029303157,31.6));
#8495=CARTESIAN_POINT('',(-2.61862324723332,-11.6938029303157,32.1));
#8496=CARTESIAN_POINT('Ctrl Pts',(-2.61862324723332,-11.6938029303157,32.1));
#8497=CARTESIAN_POINT('Ctrl Pts',(-2.71406431495631,-11.684088288687,32.1));
#8498=CARTESIAN_POINT('Ctrl Pts',(-2.90577963702136,-11.6645741980231,32.1));
#8499=CARTESIAN_POINT('Ctrl Pts',(-3.04519937001595,-11.5314563541619,32.1));
#8500=CARTESIAN_POINT('Ctrl Pts',(-3.11521219262212,-11.4646081699932,32.1));
#8501=CARTESIAN_POINT('',(-2.61862324723332,-11.6938029303157,31.6));
#8502=CARTESIAN_POINT('Ctrl Pts',(-2.12203430184453,-11.465802051028,31.6));
#8503=CARTESIAN_POINT('Ctrl Pts',(-2.12203430184453,-11.465802051028,32.1));
#8504=CARTESIAN_POINT('Ctrl Pts',(-2.192498545533,-11.5323014463593,31.6));
#8505=CARTESIAN_POINT('Ctrl Pts',(-2.192498545533,-11.5323014463593,32.1));
#8506=CARTESIAN_POINT('Ctrl Pts',(-2.33241022396964,-11.6643406414005,31.6));
#8507=CARTESIAN_POINT('Ctrl Pts',(-2.33241022396964,-11.6643406414005,32.1));
#8508=CARTESIAN_POINT('Ctrl Pts',(-2.52368226303249,-11.6840298645253,31.6));
#8509=CARTESIAN_POINT('Ctrl Pts',(-2.52368226303249,-11.6840298645253,32.1));
#8510=CARTESIAN_POINT('Ctrl Pts',(-2.61862324723332,-11.6938029303157,31.6));
#8511=CARTESIAN_POINT('Ctrl Pts',(-2.61862324723332,-11.6938029303157,32.1));
#8512=CARTESIAN_POINT('',(-2.12203430184453,-11.465802051028,31.6));
#8513=CARTESIAN_POINT('Ctrl Pts',(-2.61862324723332,-11.6938029303157,31.6));
#8514=CARTESIAN_POINT('Ctrl Pts',(-2.52368226303249,-11.6840298645253,31.6));
#8515=CARTESIAN_POINT('Ctrl Pts',(-2.33241022396964,-11.6643406414005,31.6));
#8516=CARTESIAN_POINT('Ctrl Pts',(-2.192498545533,-11.5323014463593,31.6));
#8517=CARTESIAN_POINT('Ctrl Pts',(-2.12203430184453,-11.465802051028,31.6));
#8518=CARTESIAN_POINT('',(-2.12203430184453,-11.465802051028,32.1));
#8519=CARTESIAN_POINT('Ctrl Pts',(-2.12203430184453,-11.465802051028,32.1));
#8520=CARTESIAN_POINT('Ctrl Pts',(-2.192498545533,-11.5323014463593,32.1));
#8521=CARTESIAN_POINT('Ctrl Pts',(-2.33241022396964,-11.6643406414005,32.1));
#8522=CARTESIAN_POINT('Ctrl Pts',(-2.52368226303249,-11.6840298645253,32.1));
#8523=CARTESIAN_POINT('Ctrl Pts',(-2.61862324723332,-11.6938029303157,32.1));
#8524=CARTESIAN_POINT('',(-2.12203430184453,-11.465802051028,31.6));
#8525=CARTESIAN_POINT('Ctrl Pts',(-1.92148851403325,-10.7507608904445,31.6));
#8526=CARTESIAN_POINT('Ctrl Pts',(-1.92148851403325,-10.7507608904445,32.1));
#8527=CARTESIAN_POINT('Ctrl Pts',(-1.92465385996922,-10.8956577581852,31.6));
#8528=CARTESIAN_POINT('Ctrl Pts',(-1.92465385996922,-10.8956577581852,32.1));
#8529=CARTESIAN_POINT('Ctrl Pts',(-1.93026917123231,-11.152704232684,31.6));
#8530=CARTESIAN_POINT('Ctrl Pts',(-1.93026917123231,-11.152704232684,32.1));
#8531=CARTESIAN_POINT('Ctrl Pts',(-2.06378237263969,-11.370693248452,31.6));
#8532=CARTESIAN_POINT('Ctrl Pts',(-2.06378237263969,-11.370693248452,32.1));
#8533=CARTESIAN_POINT('Ctrl Pts',(-2.12203430184453,-11.465802051028,31.6));
#8534=CARTESIAN_POINT('Ctrl Pts',(-2.12203430184453,-11.465802051028,32.1));
#8535=CARTESIAN_POINT('',(-1.92148851403325,-10.7507608904445,31.6));
#8536=CARTESIAN_POINT('Ctrl Pts',(-2.12203430184453,-11.465802051028,31.6));
#8537=CARTESIAN_POINT('Ctrl Pts',(-2.06378237263969,-11.370693248452,31.6));
#8538=CARTESIAN_POINT('Ctrl Pts',(-1.93026917123231,-11.152704232684,31.6));
#8539=CARTESIAN_POINT('Ctrl Pts',(-1.92465385996922,-10.8956577581852,31.6));
#8540=CARTESIAN_POINT('Ctrl Pts',(-1.92148851403325,-10.7507608904445,31.6));
#8541=CARTESIAN_POINT('',(-1.92148851403325,-10.7507608904445,32.1));
#8542=CARTESIAN_POINT('Ctrl Pts',(-1.92148851403325,-10.7507608904445,32.1));
#8543=CARTESIAN_POINT('Ctrl Pts',(-1.92465385996922,-10.8956577581852,32.1));
#8544=CARTESIAN_POINT('Ctrl Pts',(-1.93026917123231,-11.152704232684,32.1));
#8545=CARTESIAN_POINT('Ctrl Pts',(-2.06378237263969,-11.370693248452,32.1));
#8546=CARTESIAN_POINT('Ctrl Pts',(-2.12203430184453,-11.465802051028,32.1));
#8547=CARTESIAN_POINT('',(-1.92148851403325,-10.7507608904445,31.6));
#8548=CARTESIAN_POINT('Ctrl Pts',(-2.12800311097233,-10.048850633105,31.6));
#8549=CARTESIAN_POINT('Ctrl Pts',(-2.12800311097233,-10.048850633105,32.1));
#8550=CARTESIAN_POINT('Ctrl Pts',(-2.06794746338491,-10.1440778136389,31.6));
#8551=CARTESIAN_POINT('Ctrl Pts',(-2.06794746338491,-10.1440778136389,32.1));
#8552=CARTESIAN_POINT('Ctrl Pts',(-1.93345437095127,-10.3573366578647,31.6));
#8553=CARTESIAN_POINT('Ctrl Pts',(-1.93345437095127,-10.3573366578647,32.1));
#8554=CARTESIAN_POINT('Ctrl Pts',(-1.92575169080946,-10.6105923205691,31.6));
#8555=CARTESIAN_POINT('Ctrl Pts',(-1.92575169080946,-10.6105923205691,32.1));
#8556=CARTESIAN_POINT('Ctrl Pts',(-1.92148851403325,-10.7507608904445,31.6));
#8557=CARTESIAN_POINT('Ctrl Pts',(-1.92148851403325,-10.7507608904445,32.1));
#8558=CARTESIAN_POINT('',(-2.12800311097233,-10.048850633105,31.6));
#8559=CARTESIAN_POINT('Ctrl Pts',(-1.92148851403325,-10.7507608904445,31.6));
#8560=CARTESIAN_POINT('Ctrl Pts',(-1.92575169080946,-10.6105923205691,31.6));
#8561=CARTESIAN_POINT('Ctrl Pts',(-1.93345437095127,-10.3573366578647,31.6));
#8562=CARTESIAN_POINT('Ctrl Pts',(-2.06794746338491,-10.1440778136389,31.6));
#8563=CARTESIAN_POINT('Ctrl Pts',(-2.12800311097233,-10.048850633105,31.6));
#8564=CARTESIAN_POINT('',(-2.12800311097233,-10.048850633105,32.1));
#8565=CARTESIAN_POINT('Ctrl Pts',(-2.12800311097233,-10.048850633105,32.1));
#8566=CARTESIAN_POINT('Ctrl Pts',(-2.06794746338491,-10.1440778136389,32.1));
#8567=CARTESIAN_POINT('Ctrl Pts',(-1.93345437095127,-10.3573366578647,32.1));
#8568=CARTESIAN_POINT('Ctrl Pts',(-1.92575169080946,-10.6105923205691,32.1));
#8569=CARTESIAN_POINT('Ctrl Pts',(-1.92148851403325,-10.7507608904445,32.1));
#8570=CARTESIAN_POINT('',(-2.12800311097233,-10.048850633105,31.6));
#8571=CARTESIAN_POINT('Ctrl Pts',(-2.62578534134953,-9.81249318261981,31.6));
#8572=CARTESIAN_POINT('Ctrl Pts',(-2.62578534134953,-9.81249318261981,32.1));
#8573=CARTESIAN_POINT('Ctrl Pts',(-2.53152417736058,-9.82315865973199,31.6));
#8574=CARTESIAN_POINT('Ctrl Pts',(-2.53152417736058,-9.82315865973199,32.1));
#8575=CARTESIAN_POINT('Ctrl Pts',(-2.3388761121305,-9.84495643352842,31.6));
#8576=CARTESIAN_POINT('Ctrl Pts',(-2.3388761121305,-9.84495643352842,32.1));
#8577=CARTESIAN_POINT('Ctrl Pts',(-2.19929056275494,-9.97992242588438,31.6));
#8578=CARTESIAN_POINT('Ctrl Pts',(-2.19929056275494,-9.97992242588438,32.1));
#8579=CARTESIAN_POINT('Ctrl Pts',(-2.12800311097233,-10.048850633105,31.6));
#8580=CARTESIAN_POINT('Ctrl Pts',(-2.12800311097233,-10.048850633105,32.1));
#8581=CARTESIAN_POINT('',(-2.62578534134953,-9.81249318261981,31.6));
#8582=CARTESIAN_POINT('Ctrl Pts',(-2.12800311097233,-10.048850633105,31.6));
#8583=CARTESIAN_POINT('Ctrl Pts',(-2.19929056275494,-9.97992242588438,31.6));
#8584=CARTESIAN_POINT('Ctrl Pts',(-2.3388761121305,-9.84495643352842,31.6));
#8585=CARTESIAN_POINT('Ctrl Pts',(-2.53152417736058,-9.82315865973199,31.6));
#8586=CARTESIAN_POINT('Ctrl Pts',(-2.62578534134953,-9.81249318261981,31.6));
#8587=CARTESIAN_POINT('',(-2.62578534134953,-9.81249318261981,32.1));
#8588=CARTESIAN_POINT('Ctrl Pts',(-2.62578534134953,-9.81249318261981,32.1));
#8589=CARTESIAN_POINT('Ctrl Pts',(-2.53152417736058,-9.82315865973199,32.1));
#8590=CARTESIAN_POINT('Ctrl Pts',(-2.3388761121305,-9.84495643352842,32.1));
#8591=CARTESIAN_POINT('Ctrl Pts',(-2.19929056275494,-9.97992242588438,32.1));
#8592=CARTESIAN_POINT('Ctrl Pts',(-2.12800311097233,-10.048850633105,32.1));
#8593=CARTESIAN_POINT('',(-2.62578534134953,-9.81249318261981,31.6));
#8594=CARTESIAN_POINT('Ctrl Pts',(-3.11282562264531,-10.0452695860469,31.6));
#8595=CARTESIAN_POINT('Ctrl Pts',(-3.11282562264531,-10.0452695860469,32.1));
#8596=CARTESIAN_POINT('Ctrl Pts',(-3.04339169568926,-9.97738461230399,31.6));
#8597=CARTESIAN_POINT('Ctrl Pts',(-3.04339169568926,-9.97738461230399,32.1));
#8598=CARTESIAN_POINT('Ctrl Pts',(-2.90725927697617,-9.84428907709465,31.6));
#8599=CARTESIAN_POINT('Ctrl Pts',(-2.90725927697617,-9.84428907709465,32.1));
#8600=CARTESIAN_POINT('Ctrl Pts',(-2.71834464077634,-9.82294887796044,31.6));
#8601=CARTESIAN_POINT('Ctrl Pts',(-2.71834464077634,-9.82294887796044,32.1));
#8602=CARTESIAN_POINT('Ctrl Pts',(-2.62578534134953,-9.81249318261981,31.6));
#8603=CARTESIAN_POINT('Ctrl Pts',(-2.62578534134953,-9.81249318261981,32.1));
#8604=CARTESIAN_POINT('',(-3.11282562264531,-10.0452695860469,31.6));
#8605=CARTESIAN_POINT('Ctrl Pts',(-2.62578534134953,-9.81249318261981,31.6));
#8606=CARTESIAN_POINT('Ctrl Pts',(-2.71834464077634,-9.82294887796044,31.6));
#8607=CARTESIAN_POINT('Ctrl Pts',(-2.90725927697617,-9.84428907709465,31.6));
#8608=CARTESIAN_POINT('Ctrl Pts',(-3.04339169568926,-9.97738461230399,31.6));
#8609=CARTESIAN_POINT('Ctrl Pts',(-3.11282562264531,-10.0452695860469,31.6));
#8610=CARTESIAN_POINT('',(-3.11282562264531,-10.0452695860469,32.1));
#8611=CARTESIAN_POINT('Ctrl Pts',(-3.11282562264531,-10.0452695860469,32.1));
#8612=CARTESIAN_POINT('Ctrl Pts',(-3.04339169568926,-9.97738461230399,32.1));
#8613=CARTESIAN_POINT('Ctrl Pts',(-2.90725927697617,-9.84428907709465,32.1));
#8614=CARTESIAN_POINT('Ctrl Pts',(-2.71834464077634,-9.82294887796044,32.1));
#8615=CARTESIAN_POINT('Ctrl Pts',(-2.62578534134953,-9.81249318261981,32.1));
#8616=CARTESIAN_POINT('',(-3.11282562264531,-10.0452695860469,31.6));
#8617=CARTESIAN_POINT('Ctrl Pts',(-3.31337141045659,-10.7364361061656,31.6));
#8618=CARTESIAN_POINT('Ctrl Pts',(-3.31337141045659,-10.7364361061656,32.1));
#8619=CARTESIAN_POINT('Ctrl Pts',(-3.30929280700356,-10.5985068714269,31.6));
#8620=CARTESIAN_POINT('Ctrl Pts',(-3.30929280700356,-10.5985068714269,32.1));
#8621=CARTESIAN_POINT('Ctrl Pts',(-3.30193243525037,-10.3495955823047,31.6));
#8622=CARTESIAN_POINT('Ctrl Pts',(-3.30193243525037,-10.3495955823047,32.1));
#8623=CARTESIAN_POINT('Ctrl Pts',(-3.17114140686174,-10.1391160682796,31.6));
#8624=CARTESIAN_POINT('Ctrl Pts',(-3.17114140686174,-10.1391160682796,32.1));
#8625=CARTESIAN_POINT('Ctrl Pts',(-3.11282562264531,-10.0452695860469,31.6));
#8626=CARTESIAN_POINT('Ctrl Pts',(-3.11282562264531,-10.0452695860469,32.1));
#8627=CARTESIAN_POINT('Ctrl Pts',(-3.11282562264531,-10.0452695860469,31.6));
#8628=CARTESIAN_POINT('Ctrl Pts',(-3.17114140686174,-10.1391160682796,31.6));
#8629=CARTESIAN_POINT('Ctrl Pts',(-3.30193243525037,-10.3495955823047,31.6));
#8630=CARTESIAN_POINT('Ctrl Pts',(-3.30929280700356,-10.5985068714269,31.6));
#8631=CARTESIAN_POINT('Ctrl Pts',(-3.31337141045659,-10.7364361061656,31.6));
#8632=CARTESIAN_POINT('Ctrl Pts',(-3.31337141045659,-10.7364361061656,32.1));
#8633=CARTESIAN_POINT('Ctrl Pts',(-3.30929280700356,-10.5985068714269,32.1));
#8634=CARTESIAN_POINT('Ctrl Pts',(-3.30193243525037,-10.3495955823047,32.1));
#8635=CARTESIAN_POINT('Ctrl Pts',(-3.17114140686174,-10.1391160682796,32.1));
#8636=CARTESIAN_POINT('Ctrl Pts',(-3.11282562264531,-10.0452695860469,32.1));
#8637=CARTESIAN_POINT('Origin',(-3.25129674920171,-12.3217021002376,31.6));
#8638=CARTESIAN_POINT('',(-3.66910027512639,-12.2596286310756,31.6));
#8639=CARTESIAN_POINT('',(-3.25129674920171,-12.3217021002376,31.6));
#8640=CARTESIAN_POINT('',(-3.66910027512639,-12.2596286310756,31.6));
#8641=CARTESIAN_POINT('',(-3.66910027512639,-12.2596286310756,32.1));
#8642=CARTESIAN_POINT('',(-3.66910027512639,-12.2596286310756,31.6));
#8643=CARTESIAN_POINT('',(-3.25129674920171,-12.3217021002376,32.1));
#8644=CARTESIAN_POINT('',(-3.66910027512639,-12.2596286310756,32.1));
#8645=CARTESIAN_POINT('',(-3.25129674920171,-12.3217021002376,31.6));
#8646=CARTESIAN_POINT('Ctrl Pts',(-3.1056623364362,-12.6034210695827,31.6));
#8647=CARTESIAN_POINT('Ctrl Pts',(-3.1056623364362,-12.6034210695827,32.1));
#8648=CARTESIAN_POINT('Ctrl Pts',(-3.14181851786138,-12.5674378993912,31.6));
#8649=CARTESIAN_POINT('Ctrl Pts',(-3.14181851786138,-12.5674378993912,32.1));
#8650=CARTESIAN_POINT('Ctrl Pts',(-3.22011552654656,-12.4895155503501,31.6));
#8651=CARTESIAN_POINT('Ctrl Pts',(-3.22011552654656,-12.4895155503501,32.1));
#8652=CARTESIAN_POINT('Ctrl Pts',(-3.24038653558525,-12.3804195087463,31.6));
#8653=CARTESIAN_POINT('Ctrl Pts',(-3.24038653558525,-12.3804195087463,32.1));
#8654=CARTESIAN_POINT('Ctrl Pts',(-3.25129674920171,-12.3217021002376,31.6));
#8655=CARTESIAN_POINT('Ctrl Pts',(-3.25129674920171,-12.3217021002376,32.1));
#8656=CARTESIAN_POINT('',(-3.1056623364362,-12.6034210695827,31.6));
#8657=CARTESIAN_POINT('Ctrl Pts',(-3.25129674920171,-12.3217021002376,31.6));
#8658=CARTESIAN_POINT('Ctrl Pts',(-3.24038653558525,-12.3804195087463,31.6));
#8659=CARTESIAN_POINT('Ctrl Pts',(-3.22011552654656,-12.4895155503501,31.6));
#8660=CARTESIAN_POINT('Ctrl Pts',(-3.14181851786138,-12.5674378993912,31.6));
#8661=CARTESIAN_POINT('Ctrl Pts',(-3.1056623364362,-12.6034210695827,31.6));
#8662=CARTESIAN_POINT('',(-3.1056623364362,-12.6034210695827,32.1));
#8663=CARTESIAN_POINT('Ctrl Pts',(-3.1056623364362,-12.6034210695827,32.1));
#8664=CARTESIAN_POINT('Ctrl Pts',(-3.14181851786138,-12.5674378993912,32.1));
#8665=CARTESIAN_POINT('Ctrl Pts',(-3.22011552654656,-12.4895155503501,32.1));
#8666=CARTESIAN_POINT('Ctrl Pts',(-3.24038653558525,-12.3804195087463,32.1));
#8667=CARTESIAN_POINT('Ctrl Pts',(-3.25129674920171,-12.3217021002376,32.1));
#8668=CARTESIAN_POINT('',(-3.1056623364362,-12.6034210695827,31.6));
#8669=CARTESIAN_POINT('Ctrl Pts',(-2.66876029023259,-12.7227936758602,31.6));
#8670=CARTESIAN_POINT('Ctrl Pts',(-2.66876029023259,-12.7227936758602,32.1));
#8671=CARTESIAN_POINT('Ctrl Pts',(-2.75333634023816,-12.7198123305954,31.6));
#8672=CARTESIAN_POINT('Ctrl Pts',(-2.75333634023816,-12.7198123305954,32.1));
#8673=CARTESIAN_POINT('Ctrl Pts',(-2.90887063055997,-12.7143296742176,31.6));
#8674=CARTESIAN_POINT('Ctrl Pts',(-2.90887063055997,-12.7143296742176,32.1));
#8675=CARTESIAN_POINT('Ctrl Pts',(-3.04400911935893,-12.6381678199442,31.6));
#8676=CARTESIAN_POINT('Ctrl Pts',(-3.04400911935893,-12.6381678199442,32.1));
#8677=CARTESIAN_POINT('Ctrl Pts',(-3.1056623364362,-12.6034210695827,31.6));
#8678=CARTESIAN_POINT('Ctrl Pts',(-3.1056623364362,-12.6034210695827,32.1));
#8679=CARTESIAN_POINT('',(-2.66876029023259,-12.7227936758602,31.6));
#8680=CARTESIAN_POINT('Ctrl Pts',(-3.1056623364362,-12.6034210695827,31.6));
#8681=CARTESIAN_POINT('Ctrl Pts',(-3.04400911935893,-12.6381678199442,31.6));
#8682=CARTESIAN_POINT('Ctrl Pts',(-2.90887063055997,-12.7143296742176,31.6));
#8683=CARTESIAN_POINT('Ctrl Pts',(-2.75333634023816,-12.7198123305954,31.6));
#8684=CARTESIAN_POINT('Ctrl Pts',(-2.66876029023259,-12.7227936758602,31.6));
#8685=CARTESIAN_POINT('',(-2.66876029023259,-12.7227936758602,32.1));
#8686=CARTESIAN_POINT('Ctrl Pts',(-2.66876029023259,-12.7227936758602,32.1));
#8687=CARTESIAN_POINT('Ctrl Pts',(-2.75333634023816,-12.7198123305954,32.1));
#8688=CARTESIAN_POINT('Ctrl Pts',(-2.90887063055997,-12.7143296742176,32.1));
#8689=CARTESIAN_POINT('Ctrl Pts',(-3.04400911935893,-12.6381678199442,32.1));
#8690=CARTESIAN_POINT('Ctrl Pts',(-3.1056623364362,-12.6034210695827,32.1));
#8691=CARTESIAN_POINT('',(-2.66876029023259,-12.7227936758602,31.6));
#8692=CARTESIAN_POINT('Ctrl Pts',(-2.20798181542485,-12.6034210695827,31.6));
#8693=CARTESIAN_POINT('Ctrl Pts',(-2.20798181542485,-12.6034210695827,32.1));
#8694=CARTESIAN_POINT('Ctrl Pts',(-2.27208788681443,-12.6381401780637,31.6));
#8695=CARTESIAN_POINT('Ctrl Pts',(-2.27208788681443,-12.6381401780637,32.1));
#8696=CARTESIAN_POINT('Ctrl Pts',(-2.4152338352038,-12.7156663718081,31.6));
#8697=CARTESIAN_POINT('Ctrl Pts',(-2.4152338352038,-12.7156663718081,32.1));
#8698=CARTESIAN_POINT('Ctrl Pts',(-2.57857136937515,-12.7202582250292,31.6));
#8699=CARTESIAN_POINT('Ctrl Pts',(-2.57857136937515,-12.7202582250292,32.1));
#8700=CARTESIAN_POINT('Ctrl Pts',(-2.66876029023259,-12.7227936758602,31.6));
#8701=CARTESIAN_POINT('Ctrl Pts',(-2.66876029023259,-12.7227936758602,32.1));
#8702=CARTESIAN_POINT('',(-2.20798181542485,-12.6034210695827,31.6));
#8703=CARTESIAN_POINT('Ctrl Pts',(-2.66876029023259,-12.7227936758602,31.6));
#8704=CARTESIAN_POINT('Ctrl Pts',(-2.57857136937515,-12.7202582250292,31.6));
#8705=CARTESIAN_POINT('Ctrl Pts',(-2.4152338352038,-12.7156663718081,31.6));
#8706=CARTESIAN_POINT('Ctrl Pts',(-2.27208788681443,-12.6381401780637,31.6));
#8707=CARTESIAN_POINT('Ctrl Pts',(-2.20798181542485,-12.6034210695827,31.6));
#8708=CARTESIAN_POINT('',(-2.20798181542485,-12.6034210695827,32.1));
#8709=CARTESIAN_POINT('Ctrl Pts',(-2.20798181542485,-12.6034210695827,32.1));
#8710=CARTESIAN_POINT('Ctrl Pts',(-2.27208788681443,-12.6381401780637,32.1));
#8711=CARTESIAN_POINT('Ctrl Pts',(-2.4152338352038,-12.7156663718081,32.1));
#8712=CARTESIAN_POINT('Ctrl Pts',(-2.57857136937515,-12.7202582250292,32.1));
#8713=CARTESIAN_POINT('Ctrl Pts',(-2.66876029023259,-12.7227936758602,32.1));
#8714=CARTESIAN_POINT('',(-2.20798181542485,-12.6034210695827,31.6));
#8715=CARTESIAN_POINT('Ctrl Pts',(-1.98833750733464,-12.2691784872615,31.6));
#8716=CARTESIAN_POINT('Ctrl Pts',(-1.98833750733464,-12.2691784872615,32.1));
#8717=CARTESIAN_POINT('Ctrl Pts',(-2.01105450262445,-12.3362536232616,31.6));
#8718=CARTESIAN_POINT('Ctrl Pts',(-2.01105450262445,-12.3362536232616,32.1));
#8719=CARTESIAN_POINT('Ctrl Pts',(-2.05530160553144,-12.4668994418319,31.6));
#8720=CARTESIAN_POINT('Ctrl Pts',(-2.05530160553144,-12.4668994418319,32.1));
#8721=CARTESIAN_POINT('Ctrl Pts',(-2.15800673554804,-12.5587349949662,31.6));
#8722=CARTESIAN_POINT('Ctrl Pts',(-2.15800673554804,-12.5587349949662,32.1));
#8723=CARTESIAN_POINT('Ctrl Pts',(-2.20798181542485,-12.6034210695827,31.6));
#8724=CARTESIAN_POINT('Ctrl Pts',(-2.20798181542485,-12.6034210695827,32.1));
#8725=CARTESIAN_POINT('',(-1.98833750733464,-12.2691784872615,31.6));
#8726=CARTESIAN_POINT('Ctrl Pts',(-2.20798181542485,-12.6034210695827,31.6));
#8727=CARTESIAN_POINT('Ctrl Pts',(-2.15800673554804,-12.5587349949662,31.6));
#8728=CARTESIAN_POINT('Ctrl Pts',(-2.05530160553144,-12.4668994418319,31.6));
#8729=CARTESIAN_POINT('Ctrl Pts',(-2.01105450262445,-12.3362536232616,31.6));
#8730=CARTESIAN_POINT('Ctrl Pts',(-1.98833750733464,-12.2691784872615,31.6));
#8731=CARTESIAN_POINT('',(-1.98833750733464,-12.2691784872615,32.1));
#8732=CARTESIAN_POINT('Ctrl Pts',(-1.98833750733464,-12.2691784872615,32.1));
#8733=CARTESIAN_POINT('Ctrl Pts',(-2.01105450262445,-12.3362536232616,32.1));
#8734=CARTESIAN_POINT('Ctrl Pts',(-2.05530160553144,-12.4668994418319,32.1));
#8735=CARTESIAN_POINT('Ctrl Pts',(-2.15800673554804,-12.5587349949662,32.1));
#8736=CARTESIAN_POINT('Ctrl Pts',(-2.20798181542485,-12.6034210695827,32.1));
#8737=CARTESIAN_POINT('',(-1.98833750733464,-12.2691784872615,31.6));
#8738=CARTESIAN_POINT('Ctrl Pts',(-1.9573001767072,-11.7176775707805,31.6));
#8739=CARTESIAN_POINT('Ctrl Pts',(-1.9573001767072,-11.7176775707805,32.1));
#8740=CARTESIAN_POINT('Ctrl Pts',(-1.9558195364956,-11.8339223579885,31.6));
#8741=CARTESIAN_POINT('Ctrl Pts',(-1.9558195364956,-11.8339223579885,32.1));
#8742=CARTESIAN_POINT('Ctrl Pts',(-1.95346677838606,-12.0186369589121,31.6));
#8743=CARTESIAN_POINT('Ctrl Pts',(-1.95346677838606,-12.0186369589121,32.1));
#8744=CARTESIAN_POINT('Ctrl Pts',(-1.97890725737775,-12.2014234013154,31.6));
#8745=CARTESIAN_POINT('Ctrl Pts',(-1.97890725737775,-12.2014234013154,32.1));
#8746=CARTESIAN_POINT('Ctrl Pts',(-1.98833750733464,-12.2691784872615,31.6));
#8747=CARTESIAN_POINT('Ctrl Pts',(-1.98833750733464,-12.2691784872615,32.1));
#8748=CARTESIAN_POINT('',(-1.9573001767072,-11.7176775707805,31.6));
#8749=CARTESIAN_POINT('Ctrl Pts',(-1.98833750733464,-12.2691784872615,31.6));
#8750=CARTESIAN_POINT('Ctrl Pts',(-1.97890725737775,-12.2014234013154,31.6));
#8751=CARTESIAN_POINT('Ctrl Pts',(-1.95346677838606,-12.0186369589121,31.6));
#8752=CARTESIAN_POINT('Ctrl Pts',(-1.9558195364956,-11.8339223579885,31.6));
#8753=CARTESIAN_POINT('Ctrl Pts',(-1.9573001767072,-11.7176775707805,31.6));
#8754=CARTESIAN_POINT('',(-1.9573001767072,-11.7176775707805,32.1));
#8755=CARTESIAN_POINT('Ctrl Pts',(-1.9573001767072,-11.7176775707805,32.1));
#8756=CARTESIAN_POINT('Ctrl Pts',(-1.9558195364956,-11.8339223579885,32.1));
#8757=CARTESIAN_POINT('Ctrl Pts',(-1.95346677838606,-12.0186369589121,32.1));
#8758=CARTESIAN_POINT('Ctrl Pts',(-1.97890725737775,-12.2014234013154,32.1));
#8759=CARTESIAN_POINT('Ctrl Pts',(-1.98833750733464,-12.2691784872615,32.1));
#8760=CARTESIAN_POINT('',(-1.9573001767072,-11.7176775707805,31.6));
#8761=CARTESIAN_POINT('Ctrl Pts',(-2.65921043404668,-12.0495329870784,31.6));
#8762=CARTESIAN_POINT('Ctrl Pts',(-2.65921043404668,-12.0495329870784,32.1));
#8763=CARTESIAN_POINT('Ctrl Pts',(-2.52444907504316,-12.0351510828666,31.6));
#8764=CARTESIAN_POINT('Ctrl Pts',(-2.52444907504316,-12.0351510828666,32.1));
#8765=CARTESIAN_POINT('Ctrl Pts',(-2.25215371886802,-12.0060913749592,31.6));
#8766=CARTESIAN_POINT('Ctrl Pts',(-2.25215371886802,-12.0060913749592,32.1));
#8767=CARTESIAN_POINT('Ctrl Pts',(-2.0562496196947,-11.8144659120846,31.6));
#8768=CARTESIAN_POINT('Ctrl Pts',(-2.0562496196947,-11.8144659120846,32.1));
#8769=CARTESIAN_POINT('Ctrl Pts',(-1.9573001767072,-11.7176775707805,31.6));
#8770=CARTESIAN_POINT('Ctrl Pts',(-1.9573001767072,-11.7176775707805,32.1));
#8771=CARTESIAN_POINT('',(-2.65921043404668,-12.0495329870784,31.6));
#8772=CARTESIAN_POINT('Ctrl Pts',(-1.9573001767072,-11.7176775707805,31.6));
#8773=CARTESIAN_POINT('Ctrl Pts',(-2.0562496196947,-11.8144659120846,31.6));
#8774=CARTESIAN_POINT('Ctrl Pts',(-2.25215371886802,-12.0060913749592,31.6));
#8775=CARTESIAN_POINT('Ctrl Pts',(-2.52444907504316,-12.0351510828666,31.6));
#8776=CARTESIAN_POINT('Ctrl Pts',(-2.65921043404668,-12.0495329870784,31.6));
#8777=CARTESIAN_POINT('',(-2.65921043404668,-12.0495329870784,32.1));
#8778=CARTESIAN_POINT('Ctrl Pts',(-2.65921043404668,-12.0495329870784,32.1));
#8779=CARTESIAN_POINT('Ctrl Pts',(-2.52444907504316,-12.0351510828666,32.1));
#8780=CARTESIAN_POINT('Ctrl Pts',(-2.25215371886802,-12.0060913749592,32.1));
#8781=CARTESIAN_POINT('Ctrl Pts',(-2.0562496196947,-11.8144659120846,32.1));
#8782=CARTESIAN_POINT('Ctrl Pts',(-1.9573001767072,-11.7176775707805,32.1));
#8783=CARTESIAN_POINT('',(-2.65921043404668,-12.0495329870784,31.6));
#8784=CARTESIAN_POINT('Ctrl Pts',(-3.468555679408,-11.6723160519206,31.6));
#8785=CARTESIAN_POINT('Ctrl Pts',(-3.468555679408,-11.6723160519206,32.1));
#8786=CARTESIAN_POINT('Ctrl Pts',(-3.36081211768546,-11.782312118395,31.6));
#8787=CARTESIAN_POINT('Ctrl Pts',(-3.36081211768546,-11.782312118395,32.1));
#8788=CARTESIAN_POINT('Ctrl Pts',(-3.13889955320448,-12.0088640237144,31.6));
#8789=CARTESIAN_POINT('Ctrl Pts',(-3.13889955320448,-12.0088640237144,32.1));
#8790=CARTESIAN_POINT('Ctrl Pts',(-2.82216381711426,-12.035717486786,31.6));
#8791=CARTESIAN_POINT('Ctrl Pts',(-2.82216381711426,-12.035717486786,32.1));
#8792=CARTESIAN_POINT('Ctrl Pts',(-2.65921043404668,-12.0495329870784,31.6));
#8793=CARTESIAN_POINT('Ctrl Pts',(-2.65921043404668,-12.0495329870784,32.1));
#8794=CARTESIAN_POINT('',(-3.468555679408,-11.6723160519206,31.6));
#8795=CARTESIAN_POINT('Ctrl Pts',(-2.65921043404668,-12.0495329870784,31.6));
#8796=CARTESIAN_POINT('Ctrl Pts',(-2.82216381711426,-12.035717486786,31.6));
#8797=CARTESIAN_POINT('Ctrl Pts',(-3.13889955320448,-12.0088640237144,31.6));
#8798=CARTESIAN_POINT('Ctrl Pts',(-3.36081211768546,-11.782312118395,31.6));
#8799=CARTESIAN_POINT('Ctrl Pts',(-3.468555679408,-11.6723160519206,31.6));
#8800=CARTESIAN_POINT('',(-3.468555679408,-11.6723160519206,32.1));
#8801=CARTESIAN_POINT('Ctrl Pts',(-3.468555679408,-11.6723160519206,32.1));
#8802=CARTESIAN_POINT('Ctrl Pts',(-3.36081211768546,-11.782312118395,32.1));
#8803=CARTESIAN_POINT('Ctrl Pts',(-3.13889955320448,-12.0088640237144,32.1));
#8804=CARTESIAN_POINT('Ctrl Pts',(-2.82216381711426,-12.035717486786,32.1));
#8805=CARTESIAN_POINT('Ctrl Pts',(-2.65921043404668,-12.0495329870784,32.1));
#8806=CARTESIAN_POINT('',(-3.468555679408,-11.6723160519206,31.6));
#8807=CARTESIAN_POINT('Ctrl Pts',(-3.75504898079961,-10.7674728407466,31.6));
#8808=CARTESIAN_POINT('Ctrl Pts',(-3.75504898079961,-10.7674728407466,32.1));
#8809=CARTESIAN_POINT('Ctrl Pts',(-3.74456692096572,-10.9351268066684,31.6));
#8810=CARTESIAN_POINT('Ctrl Pts',(-3.74456692096572,-10.9351268066684,32.1));
#8811=CARTESIAN_POINT('Ctrl Pts',(-3.72419682179114,-11.260933753677,31.6));
#8812=CARTESIAN_POINT('Ctrl Pts',(-3.72419682179114,-11.260933753677,32.1));
#8813=CARTESIAN_POINT('Ctrl Pts',(-3.55209649840812,-11.5378806719304,31.6));
#8814=CARTESIAN_POINT('Ctrl Pts',(-3.55209649840812,-11.5378806719304,32.1));
#8815=CARTESIAN_POINT('Ctrl Pts',(-3.468555679408,-11.6723160519206,31.6));
#8816=CARTESIAN_POINT('Ctrl Pts',(-3.468555679408,-11.6723160519206,32.1));
#8817=CARTESIAN_POINT('',(-3.75504898079961,-10.7674728407466,31.6));
#8818=CARTESIAN_POINT('Ctrl Pts',(-3.468555679408,-11.6723160519206,31.6));
#8819=CARTESIAN_POINT('Ctrl Pts',(-3.55209649840812,-11.5378806719304,31.6));
#8820=CARTESIAN_POINT('Ctrl Pts',(-3.72419682179114,-11.260933753677,31.6));
#8821=CARTESIAN_POINT('Ctrl Pts',(-3.74456692096572,-10.9351268066684,31.6));
#8822=CARTESIAN_POINT('Ctrl Pts',(-3.75504898079961,-10.7674728407466,31.6));
#8823=CARTESIAN_POINT('',(-3.75504898079961,-10.7674728407466,32.1));
#8824=CARTESIAN_POINT('Ctrl Pts',(-3.75504898079961,-10.7674728407466,32.1));
#8825=CARTESIAN_POINT('Ctrl Pts',(-3.74456692096572,-10.9351268066684,32.1));
#8826=CARTESIAN_POINT('Ctrl Pts',(-3.72419682179114,-11.260933753677,32.1));
#8827=CARTESIAN_POINT('Ctrl Pts',(-3.55209649840812,-11.5378806719304,32.1));
#8828=CARTESIAN_POINT('Ctrl Pts',(-3.468555679408,-11.6723160519206,32.1));
#8829=CARTESIAN_POINT('',(-3.75504898079961,-10.7674728407466,31.6));
#8830=CARTESIAN_POINT('Ctrl Pts',(-3.62373875626652,-10.0977937950695,31.6));
#8831=CARTESIAN_POINT('Ctrl Pts',(-3.62373875626652,-10.0977937950695,32.1));
#8832=CARTESIAN_POINT('Ctrl Pts',(-3.66203257385457,-10.2036471032607,31.6));
#8833=CARTESIAN_POINT('Ctrl Pts',(-3.66203257385457,-10.2036471032607,32.1));
#8834=CARTESIAN_POINT('Ctrl Pts',(-3.7403111114478,-10.4200277799996,31.6));
#8835=CARTESIAN_POINT('Ctrl Pts',(-3.7403111114478,-10.4200277799996,32.1));
#8836=CARTESIAN_POINT('Ctrl Pts',(-3.75006611806208,-10.6500019224473,31.6));
#8837=CARTESIAN_POINT('Ctrl Pts',(-3.75006611806208,-10.6500019224473,32.1));
#8838=CARTESIAN_POINT('Ctrl Pts',(-3.75504898079961,-10.7674728407466,31.6));
#8839=CARTESIAN_POINT('Ctrl Pts',(-3.75504898079961,-10.7674728407466,32.1));
#8840=CARTESIAN_POINT('',(-3.62373875626652,-10.0977937950695,31.6));
#8841=CARTESIAN_POINT('Ctrl Pts',(-3.75504898079961,-10.7674728407466,31.6));
#8842=CARTESIAN_POINT('Ctrl Pts',(-3.75006611806208,-10.6500019224473,31.6));
#8843=CARTESIAN_POINT('Ctrl Pts',(-3.7403111114478,-10.4200277799996,31.6));
#8844=CARTESIAN_POINT('Ctrl Pts',(-3.66203257385457,-10.2036471032607,31.6));
#8845=CARTESIAN_POINT('Ctrl Pts',(-3.62373875626652,-10.0977937950695,31.6));
#8846=CARTESIAN_POINT('',(-3.62373875626652,-10.0977937950695,32.1));
#8847=CARTESIAN_POINT('Ctrl Pts',(-3.62373875626652,-10.0977937950695,32.1));
#8848=CARTESIAN_POINT('Ctrl Pts',(-3.66203257385457,-10.2036471032607,32.1));
#8849=CARTESIAN_POINT('Ctrl Pts',(-3.7403111114478,-10.4200277799996,32.1));
#8850=CARTESIAN_POINT('Ctrl Pts',(-3.75006611806208,-10.6500019224473,32.1));
#8851=CARTESIAN_POINT('Ctrl Pts',(-3.75504898079961,-10.7674728407466,32.1));
#8852=CARTESIAN_POINT('',(-3.62373875626652,-10.0977937950695,31.6));
#8853=CARTESIAN_POINT('Ctrl Pts',(-3.24294137009709,-9.62388501306414,31.6));
#8854=CARTESIAN_POINT('Ctrl Pts',(-3.24294137009709,-9.62388501306414,32.1));
#8855=CARTESIAN_POINT('Ctrl Pts',(-3.32175281724402,-9.68677654810647,31.6));
#8856=CARTESIAN_POINT('Ctrl Pts',(-3.32175281724402,-9.68677654810647,32.1));
#8857=CARTESIAN_POINT('Ctrl Pts',(-3.48392434039983,-9.81618942403559,31.6));
#8858=CARTESIAN_POINT('Ctrl Pts',(-3.48392434039983,-9.81618942403559,32.1));
#8859=CARTESIAN_POINT('Ctrl Pts',(-3.57627056735139,-10.0021867047655,31.6));
#8860=CARTESIAN_POINT('Ctrl Pts',(-3.57627056735139,-10.0021867047655,32.1));
#8861=CARTESIAN_POINT('Ctrl Pts',(-3.62373875626652,-10.0977937950695,31.6));
#8862=CARTESIAN_POINT('Ctrl Pts',(-3.62373875626652,-10.0977937950695,32.1));
#8863=CARTESIAN_POINT('',(-3.24294137009709,-9.62388501306414,31.6));
#8864=CARTESIAN_POINT('Ctrl Pts',(-3.62373875626652,-10.0977937950695,31.6));
#8865=CARTESIAN_POINT('Ctrl Pts',(-3.57627056735139,-10.0021867047655,31.6));
#8866=CARTESIAN_POINT('Ctrl Pts',(-3.48392434039983,-9.81618942403559,31.6));
#8867=CARTESIAN_POINT('Ctrl Pts',(-3.32175281724402,-9.68677654810647,31.6));
#8868=CARTESIAN_POINT('Ctrl Pts',(-3.24294137009709,-9.62388501306414,31.6));
#8869=CARTESIAN_POINT('',(-3.24294137009709,-9.62388501306414,32.1));
#8870=CARTESIAN_POINT('Ctrl Pts',(-3.24294137009709,-9.62388501306414,32.1));
#8871=CARTESIAN_POINT('Ctrl Pts',(-3.32175281724402,-9.68677654810647,32.1));
#8872=CARTESIAN_POINT('Ctrl Pts',(-3.48392434039983,-9.81618942403559,32.1));
#8873=CARTESIAN_POINT('Ctrl Pts',(-3.57627056735139,-10.0021867047655,32.1));
#8874=CARTESIAN_POINT('Ctrl Pts',(-3.62373875626652,-10.0977937950695,32.1));
#8875=CARTESIAN_POINT('',(-3.24294137009709,-9.62388501306414,31.6));
#8876=CARTESIAN_POINT('Ctrl Pts',(-2.65682267197697,-9.45676372190356,31.6));
#8877=CARTESIAN_POINT('Ctrl Pts',(-2.65682267197697,-9.45676372190356,32.1));
#8878=CARTESIAN_POINT('Ctrl Pts',(-2.76404895831538,-9.46283890623826,31.6));
#8879=CARTESIAN_POINT('Ctrl Pts',(-2.76404895831538,-9.46283890623826,32.1));
#8880=CARTESIAN_POINT('Ctrl Pts',(-2.97216320532215,-9.4746301605698,31.6));
#8881=CARTESIAN_POINT('Ctrl Pts',(-2.97216320532215,-9.4746301605698,32.1));
#8882=CARTESIAN_POINT('Ctrl Pts',(-3.15453340355471,-9.57515391239886,31.6));
#8883=CARTESIAN_POINT('Ctrl Pts',(-3.15453340355471,-9.57515391239886,32.1));
#8884=CARTESIAN_POINT('Ctrl Pts',(-3.24294137009709,-9.62388501306414,31.6));
#8885=CARTESIAN_POINT('Ctrl Pts',(-3.24294137009709,-9.62388501306414,32.1));
#8886=CARTESIAN_POINT('',(-2.65682267197697,-9.45676372190356,31.6));
#8887=CARTESIAN_POINT('Ctrl Pts',(-3.24294137009709,-9.62388501306414,31.6));
#8888=CARTESIAN_POINT('Ctrl Pts',(-3.15453340355471,-9.57515391239886,31.6));
#8889=CARTESIAN_POINT('Ctrl Pts',(-2.97216320532215,-9.4746301605698,31.6));
#8890=CARTESIAN_POINT('Ctrl Pts',(-2.76404895831538,-9.46283890623826,31.6));
#8891=CARTESIAN_POINT('Ctrl Pts',(-2.65682267197697,-9.45676372190356,31.6));
#8892=CARTESIAN_POINT('',(-2.65682267197697,-9.45676372190356,32.1));
#8893=CARTESIAN_POINT('Ctrl Pts',(-2.65682267197697,-9.45676372190356,32.1));
#8894=CARTESIAN_POINT('Ctrl Pts',(-2.76404895831538,-9.46283890623826,32.1));
#8895=CARTESIAN_POINT('Ctrl Pts',(-2.97216320532215,-9.4746301605698,32.1));
#8896=CARTESIAN_POINT('Ctrl Pts',(-3.15453340355471,-9.57515391239886,32.1));
#8897=CARTESIAN_POINT('Ctrl Pts',(-3.24294137009709,-9.62388501306414,32.1));
#8898=CARTESIAN_POINT('',(-2.65682267197697,-9.45676372190356,31.6));
#8899=CARTESIAN_POINT('Ctrl Pts',(-1.91671298989384,-9.81965587278247,31.6));
#8900=CARTESIAN_POINT('Ctrl Pts',(-1.91671298989384,-9.81965587278247,32.1));
#8901=CARTESIAN_POINT('Ctrl Pts',(-2.01956841943687,-9.71381568994575,31.6));
#8902=CARTESIAN_POINT('Ctrl Pts',(-2.01956841943687,-9.71381568994575,32.1));
#8903=CARTESIAN_POINT('Ctrl Pts',(-2.22314434582522,-9.50433221040729,31.6));
#8904=CARTESIAN_POINT('Ctrl Pts',(-2.22314434582522,-9.50433221040729,32.1));
#8905=CARTESIAN_POINT('Ctrl Pts',(-2.51327745374248,-9.47250863847327,31.6));
#8906=CARTESIAN_POINT('Ctrl Pts',(-2.51327745374248,-9.47250863847327,32.1));
#8907=CARTESIAN_POINT('Ctrl Pts',(-2.65682267197697,-9.45676372190356,31.6));
#8908=CARTESIAN_POINT('Ctrl Pts',(-2.65682267197697,-9.45676372190356,32.1));
#8909=CARTESIAN_POINT('',(-1.91671298989384,-9.81965587278247,31.6));
#8910=CARTESIAN_POINT('Ctrl Pts',(-2.65682267197697,-9.45676372190356,31.6));
#8911=CARTESIAN_POINT('Ctrl Pts',(-2.51327745374248,-9.47250863847327,31.6));
#8912=CARTESIAN_POINT('Ctrl Pts',(-2.22314434582522,-9.50433221040729,31.6));
#8913=CARTESIAN_POINT('Ctrl Pts',(-2.01956841943687,-9.71381568994575,31.6));
#8914=CARTESIAN_POINT('Ctrl Pts',(-1.91671298989384,-9.81965587278247,31.6));
#8915=CARTESIAN_POINT('',(-1.91671298989384,-9.81965587278247,32.1));
#8916=CARTESIAN_POINT('Ctrl Pts',(-1.91671298989384,-9.81965587278247,32.1));
#8917=CARTESIAN_POINT('Ctrl Pts',(-2.01956841943687,-9.71381568994575,32.1));
#8918=CARTESIAN_POINT('Ctrl Pts',(-2.22314434582522,-9.50433221040729,32.1));
#8919=CARTESIAN_POINT('Ctrl Pts',(-2.51327745374248,-9.47250863847327,32.1));
#8920=CARTESIAN_POINT('Ctrl Pts',(-2.65682267197697,-9.45676372190356,32.1));
#8921=CARTESIAN_POINT('',(-1.91671298989384,-9.81965587278247,31.6));
#8922=CARTESIAN_POINT('Origin',(-1.91671298989384,-9.51406226297259,31.6));
#8923=CARTESIAN_POINT('',(-1.91671298989384,-9.51406226297259,31.6));
#8924=CARTESIAN_POINT('',(-1.91671298989384,-9.81965587278247,31.6));
#8925=CARTESIAN_POINT('',(-1.91671298989384,-9.51406226297259,32.1));
#8926=CARTESIAN_POINT('',(-1.91671298989384,-9.81965587278247,32.1));
#8927=CARTESIAN_POINT('',(-1.91671298989384,-9.51406226297259,31.6));
#8928=CARTESIAN_POINT('Origin',(-1.52039693841069,-9.51406226297259,31.6));
#8929=CARTESIAN_POINT('',(-1.52039693841069,-9.51406226297259,31.6));
#8930=CARTESIAN_POINT('',(-1.91671298989384,-9.51406226297259,31.6));
#8931=CARTESIAN_POINT('',(-1.52039693841069,-9.51406226297259,32.1));
#8932=CARTESIAN_POINT('',(-1.91671298989384,-9.51406226297259,32.1));
#8933=CARTESIAN_POINT('',(-1.52039693841069,-9.51406226297259,31.6));
#8934=CARTESIAN_POINT('Origin',(-1.52039693841069,-11.7057405485713,31.6));
#8935=CARTESIAN_POINT('',(-1.52039693841069,-11.7057405485713,31.6));
#8936=CARTESIAN_POINT('',(-1.52039693841069,-9.51406226297259,31.6));
#8937=CARTESIAN_POINT('',(-1.52039693841069,-11.7057405485713,32.1));
#8938=CARTESIAN_POINT('',(-1.52039693841069,-9.51406226297259,32.1));
#8939=CARTESIAN_POINT('',(-1.52039693841069,-11.7057405485713,31.6));
#8940=CARTESIAN_POINT('Ctrl Pts',(-1.64096282967656,-12.5449286474788,31.6));
#8941=CARTESIAN_POINT('Ctrl Pts',(-1.64096282967656,-12.5449286474788,32.1));
#8942=CARTESIAN_POINT('Ctrl Pts',(-1.60610062470125,-12.4345851733833,31.6));
#8943=CARTESIAN_POINT('Ctrl Pts',(-1.60610062470125,-12.4345851733833,32.1));
#8944=CARTESIAN_POINT('Ctrl Pts',(-1.52009116714698,-12.1623539029192,31.6));
#8945=CARTESIAN_POINT('Ctrl Pts',(-1.52009116714698,-12.1623539029192,32.1));
#8946=CARTESIAN_POINT('Ctrl Pts',(-1.52028291292815,-11.8760167132816,31.6));
#8947=CARTESIAN_POINT('Ctrl Pts',(-1.52028291292815,-11.8760167132816,32.1));
#8948=CARTESIAN_POINT('Ctrl Pts',(-1.52039693841069,-11.7057405485713,31.6));
#8949=CARTESIAN_POINT('Ctrl Pts',(-1.52039693841069,-11.7057405485713,32.1));
#8950=CARTESIAN_POINT('',(-1.64096282967656,-12.5449286474788,31.6));
#8951=CARTESIAN_POINT('Ctrl Pts',(-1.52039693841069,-11.7057405485713,31.6));
#8952=CARTESIAN_POINT('Ctrl Pts',(-1.52028291292815,-11.8760167132816,31.6));
#8953=CARTESIAN_POINT('Ctrl Pts',(-1.52009116714698,-12.1623539029192,31.6));
#8954=CARTESIAN_POINT('Ctrl Pts',(-1.60610062470125,-12.4345851733833,31.6));
#8955=CARTESIAN_POINT('Ctrl Pts',(-1.64096282967656,-12.5449286474788,31.6));
#8956=CARTESIAN_POINT('',(-1.64096282967656,-12.5449286474788,32.1));
#8957=CARTESIAN_POINT('Ctrl Pts',(-1.64096282967656,-12.5449286474788,32.1));
#8958=CARTESIAN_POINT('Ctrl Pts',(-1.60610062470125,-12.4345851733833,32.1));
#8959=CARTESIAN_POINT('Ctrl Pts',(-1.52009116714698,-12.1623539029192,32.1));
#8960=CARTESIAN_POINT('Ctrl Pts',(-1.52028291292815,-11.8760167132816,32.1));
#8961=CARTESIAN_POINT('Ctrl Pts',(-1.52039693841069,-11.7057405485713,32.1));
#8962=CARTESIAN_POINT('',(-1.64096282967656,-12.5449286474788,31.6));
#8963=CARTESIAN_POINT('Ctrl Pts',(-2.02295469292729,-12.9352764858806,31.6));
#8964=CARTESIAN_POINT('Ctrl Pts',(-2.02295469292729,-12.9352764858806,32.1));
#8965=CARTESIAN_POINT('Ctrl Pts',(-1.94214305167474,-12.8841290920705,31.6));
#8966=CARTESIAN_POINT('Ctrl Pts',(-1.94214305167474,-12.8841290920705,32.1));
#8967=CARTESIAN_POINT('Ctrl Pts',(-1.78395137193039,-12.784006238284,31.6));
#8968=CARTESIAN_POINT('Ctrl Pts',(-1.78395137193039,-12.784006238284,32.1));
#8969=CARTESIAN_POINT('Ctrl Pts',(-1.68793136641914,-12.6234602866652,31.6));
#8970=CARTESIAN_POINT('Ctrl Pts',(-1.68793136641914,-12.6234602866652,32.1));
#8971=CARTESIAN_POINT('Ctrl Pts',(-1.64096282967656,-12.5449286474788,31.6));
#8972=CARTESIAN_POINT('Ctrl Pts',(-1.64096282967656,-12.5449286474788,32.1));
#8973=CARTESIAN_POINT('',(-2.02295469292729,-12.9352764858806,31.6));
#8974=CARTESIAN_POINT('Ctrl Pts',(-1.64096282967656,-12.5449286474788,31.6));
#8975=CARTESIAN_POINT('Ctrl Pts',(-1.68793136641914,-12.6234602866652,31.6));
#8976=CARTESIAN_POINT('Ctrl Pts',(-1.78395137193039,-12.784006238284,31.6));
#8977=CARTESIAN_POINT('Ctrl Pts',(-1.94214305167474,-12.8841290920705,31.6));
#8978=CARTESIAN_POINT('Ctrl Pts',(-2.02295469292729,-12.9352764858806,31.6));
#8979=CARTESIAN_POINT('',(-2.02295469292729,-12.9352764858806,32.1));
#8980=CARTESIAN_POINT('Ctrl Pts',(-2.02295469292729,-12.9352764858806,32.1));
#8981=CARTESIAN_POINT('Ctrl Pts',(-1.94214305167474,-12.8841290920705,32.1));
#8982=CARTESIAN_POINT('Ctrl Pts',(-1.78395137193039,-12.784006238284,32.1));
#8983=CARTESIAN_POINT('Ctrl Pts',(-1.68793136641914,-12.6234602866652,32.1));
#8984=CARTESIAN_POINT('Ctrl Pts',(-1.64096282967656,-12.5449286474788,32.1));
#8985=CARTESIAN_POINT('',(-2.02295469292729,-12.9352764858806,31.6));
#8986=CARTESIAN_POINT('Ctrl Pts',(-2.66637252816289,-13.0785237326229,31.6));
#8987=CARTESIAN_POINT('Ctrl Pts',(-2.66637252816289,-13.0785237326229,32.1));
#8988=CARTESIAN_POINT('Ctrl Pts',(-2.54731520360924,-13.0742579643392,31.6));
#8989=CARTESIAN_POINT('Ctrl Pts',(-2.54731520360924,-13.0742579643392,32.1));
#8990=CARTESIAN_POINT('Ctrl Pts',(-2.32365461502342,-13.0662443100037,31.6));
#8991=CARTESIAN_POINT('Ctrl Pts',(-2.32365461502342,-13.0662443100037,32.1));
#8992=CARTESIAN_POINT('Ctrl Pts',(-2.11877454361941,-12.977010175951,31.6));
#8993=CARTESIAN_POINT('Ctrl Pts',(-2.11877454361941,-12.977010175951,32.1));
#8994=CARTESIAN_POINT('Ctrl Pts',(-2.02295469292729,-12.9352764858806,31.6));
#8995=CARTESIAN_POINT('Ctrl Pts',(-2.02295469292729,-12.9352764858806,32.1));
#8996=CARTESIAN_POINT('',(-2.66637252816289,-13.0785237326229,31.6));
#8997=CARTESIAN_POINT('Ctrl Pts',(-2.02295469292729,-12.9352764858806,31.6));
#8998=CARTESIAN_POINT('Ctrl Pts',(-2.11877454361941,-12.977010175951,31.6));
#8999=CARTESIAN_POINT('Ctrl Pts',(-2.32365461502342,-13.0662443100037,31.6));
#9000=CARTESIAN_POINT('Ctrl Pts',(-2.54731520360924,-13.0742579643392,31.6));
#9001=CARTESIAN_POINT('Ctrl Pts',(-2.66637252816289,-13.0785237326229,31.6));
#9002=CARTESIAN_POINT('',(-2.66637252816289,-13.0785237326229,32.1));
#9003=CARTESIAN_POINT('Ctrl Pts',(-2.66637252816289,-13.0785237326229,32.1));
#9004=CARTESIAN_POINT('Ctrl Pts',(-2.54731520360924,-13.0742579643392,32.1));
#9005=CARTESIAN_POINT('Ctrl Pts',(-2.32365461502342,-13.0662443100037,32.1));
#9006=CARTESIAN_POINT('Ctrl Pts',(-2.11877454361941,-12.977010175951,32.1));
#9007=CARTESIAN_POINT('Ctrl Pts',(-2.02295469292729,-12.9352764858806,32.1));
#9008=CARTESIAN_POINT('',(-2.66637252816289,-13.0785237326229,31.6));
#9009=CARTESIAN_POINT('Ctrl Pts',(-3.39931892403691,-12.8743968977535,31.6));
#9010=CARTESIAN_POINT('Ctrl Pts',(-3.39931892403691,-12.8743968977535,32.1));
#9011=CARTESIAN_POINT('Ctrl Pts',(-3.29413651630206,-12.9338505676365,31.6));
#9012=CARTESIAN_POINT('Ctrl Pts',(-3.29413651630206,-12.9338505676365,32.1));
#9013=CARTESIAN_POINT('Ctrl Pts',(-3.06733293601216,-13.0620498119896,31.6));
#9014=CARTESIAN_POINT('Ctrl Pts',(-3.06733293601216,-13.0620498119896,32.1));
#9015=CARTESIAN_POINT('Ctrl Pts',(-2.8063318007249,-13.0727733445473,31.6));
#9016=CARTESIAN_POINT('Ctrl Pts',(-2.8063318007249,-13.0727733445473,32.1));
#9017=CARTESIAN_POINT('Ctrl Pts',(-2.66637252816289,-13.0785237326229,31.6));
#9018=CARTESIAN_POINT('Ctrl Pts',(-2.66637252816289,-13.0785237326229,32.1));
#9019=CARTESIAN_POINT('',(-3.39931892403691,-12.8743968977535,31.6));
#9020=CARTESIAN_POINT('Ctrl Pts',(-2.66637252816289,-13.0785237326229,31.6));
#9021=CARTESIAN_POINT('Ctrl Pts',(-2.8063318007249,-13.0727733445473,31.6));
#9022=CARTESIAN_POINT('Ctrl Pts',(-3.06733293601216,-13.0620498119896,31.6));
#9023=CARTESIAN_POINT('Ctrl Pts',(-3.29413651630206,-12.9338505676365,31.6));
#9024=CARTESIAN_POINT('Ctrl Pts',(-3.39931892403691,-12.8743968977535,31.6));
#9025=CARTESIAN_POINT('',(-3.39931892403691,-12.8743968977535,32.1));
#9026=CARTESIAN_POINT('Ctrl Pts',(-3.39931892403691,-12.8743968977535,32.1));
#9027=CARTESIAN_POINT('Ctrl Pts',(-3.29413651630206,-12.9338505676365,32.1));
#9028=CARTESIAN_POINT('Ctrl Pts',(-3.06733293601216,-13.0620498119896,32.1));
#9029=CARTESIAN_POINT('Ctrl Pts',(-2.8063318007249,-13.0727733445473,32.1));
#9030=CARTESIAN_POINT('Ctrl Pts',(-2.66637252816289,-13.0785237326229,32.1));
#9031=CARTESIAN_POINT('',(-3.39931892403691,-12.8743968977535,31.6));
#9032=CARTESIAN_POINT('Ctrl Pts',(-3.66910027512639,-12.2596286310756,31.6));
#9033=CARTESIAN_POINT('Ctrl Pts',(-3.66910027512639,-12.2596286310756,32.1));
#9034=CARTESIAN_POINT('Ctrl Pts',(-3.66280828663757,-12.3859374313445,31.6));
#9035=CARTESIAN_POINT('Ctrl Pts',(-3.66280828663757,-12.3859374313445,32.1));
#9036=CARTESIAN_POINT('Ctrl Pts',(-3.65083450959273,-12.6263055464339,31.6));
#9037=CARTESIAN_POINT('Ctrl Pts',(-3.65083450959273,-12.6263055464339,32.1));
#9038=CARTESIAN_POINT('Ctrl Pts',(-3.4802598810121,-12.7945579034872,31.6));
#9039=CARTESIAN_POINT('Ctrl Pts',(-3.4802598810121,-12.7945579034872,32.1));
#9040=CARTESIAN_POINT('Ctrl Pts',(-3.39931892403691,-12.8743968977535,31.6));
#9041=CARTESIAN_POINT('Ctrl Pts',(-3.39931892403691,-12.8743968977535,32.1));
#9042=CARTESIAN_POINT('Ctrl Pts',(-3.39931892403691,-12.8743968977535,31.6));
#9043=CARTESIAN_POINT('Ctrl Pts',(-3.4802598810121,-12.7945579034872,31.6));
#9044=CARTESIAN_POINT('Ctrl Pts',(-3.65083450959273,-12.6263055464339,31.6));
#9045=CARTESIAN_POINT('Ctrl Pts',(-3.66280828663757,-12.3859374313445,31.6));
#9046=CARTESIAN_POINT('Ctrl Pts',(-3.66910027512639,-12.2596286310756,31.6));
#9047=CARTESIAN_POINT('Ctrl Pts',(-3.66910027512639,-12.2596286310756,32.1));
#9048=CARTESIAN_POINT('Ctrl Pts',(-3.66280828663757,-12.3859374313445,32.1));
#9049=CARTESIAN_POINT('Ctrl Pts',(-3.65083450959273,-12.6263055464339,32.1));
#9050=CARTESIAN_POINT('Ctrl Pts',(-3.4802598810121,-12.7945579034872,32.1));
#9051=CARTESIAN_POINT('Ctrl Pts',(-3.39931892403691,-12.8743968977535,32.1));
#9052=CARTESIAN_POINT('Origin',(0.119780132683824,-10.7841853870952,32.1));
#9053=CARTESIAN_POINT('Origin',(0.119780132683824,-10.7841853870952,31.6));
#9054=CARTESIAN_POINT('Origin',(0.869439372929642,-10.5382780804241,31.6));
#9055=CARTESIAN_POINT('',(-0.546317567912032,-10.5382780804241,31.6));
#9056=CARTESIAN_POINT('',(0.869439372929642,-10.5382780804241,31.6));
#9057=CARTESIAN_POINT('',(-0.546317567912032,-10.5382780804241,31.6));
#9058=CARTESIAN_POINT('',(-0.546317567912032,-10.5382780804241,32.1));
#9059=CARTESIAN_POINT('',(-0.546317567912032,-10.5382780804241,31.6));
#9060=CARTESIAN_POINT('',(0.869439372929642,-10.5382780804241,32.1));
#9061=CARTESIAN_POINT('',(-0.546317567912032,-10.5382780804241,32.1));
#9062=CARTESIAN_POINT('',(0.869439372929642,-10.5382780804241,31.6));
#9063=CARTESIAN_POINT('Ctrl Pts',(0.70709181776912,-10.0584004892909,31.6));
#9064=CARTESIAN_POINT('Ctrl Pts',(0.70709181776912,-10.0584004892909,32.1));
#9065=CARTESIAN_POINT('Ctrl Pts',(0.747611463050317,-10.1233668415369,31.6));
#9066=CARTESIAN_POINT('Ctrl Pts',(0.747611463050317,-10.1233668415369,32.1));
#9067=CARTESIAN_POINT('Ctrl Pts',(0.839054389121547,-10.2699800042216,31.6));
#9068=CARTESIAN_POINT('Ctrl Pts',(0.839054389121547,-10.2699800042216,32.1));
#9069=CARTESIAN_POINT('Ctrl Pts',(0.858570901426654,-10.4423099530777,31.6));
#9070=CARTESIAN_POINT('Ctrl Pts',(0.858570901426654,-10.4423099530777,32.1));
#9071=CARTESIAN_POINT('Ctrl Pts',(0.869439372929642,-10.5382780804241,31.6));
#9072=CARTESIAN_POINT('Ctrl Pts',(0.869439372929642,-10.5382780804241,32.1));
#9073=CARTESIAN_POINT('',(0.70709181776912,-10.0584004892909,31.6));
#9074=CARTESIAN_POINT('Ctrl Pts',(0.869439372929642,-10.5382780804241,31.6));
#9075=CARTESIAN_POINT('Ctrl Pts',(0.858570901426654,-10.4423099530777,31.6));
#9076=CARTESIAN_POINT('Ctrl Pts',(0.839054389121547,-10.2699800042216,31.6));
#9077=CARTESIAN_POINT('Ctrl Pts',(0.747611463050317,-10.1233668415369,31.6));
#9078=CARTESIAN_POINT('Ctrl Pts',(0.70709181776912,-10.0584004892909,31.6));
#9079=CARTESIAN_POINT('',(0.70709181776912,-10.0584004892909,32.1));
#9080=CARTESIAN_POINT('Ctrl Pts',(0.70709181776912,-10.0584004892909,32.1));
#9081=CARTESIAN_POINT('Ctrl Pts',(0.747611463050317,-10.1233668415369,32.1));
#9082=CARTESIAN_POINT('Ctrl Pts',(0.839054389121547,-10.2699800042216,32.1));
#9083=CARTESIAN_POINT('Ctrl Pts',(0.858570901426654,-10.4423099530777,32.1));
#9084=CARTESIAN_POINT('Ctrl Pts',(0.869439372929642,-10.5382780804241,32.1));
#9085=CARTESIAN_POINT('',(0.70709181776912,-10.0584004892909,31.6));
#9086=CARTESIAN_POINT('Ctrl Pts',(0.174691209706376,-9.81010601659655,31.6));
#9087=CARTESIAN_POINT('Ctrl Pts',(0.174691209706376,-9.81010601659655,32.1));
#9088=CARTESIAN_POINT('Ctrl Pts',(0.278494035420985,-9.82026998613965,31.6));
#9089=CARTESIAN_POINT('Ctrl Pts',(0.278494035420985,-9.82026998613965,32.1));
#9090=CARTESIAN_POINT('Ctrl Pts',(0.485198719254317,-9.84050970597805,31.6));
#9091=CARTESIAN_POINT('Ctrl Pts',(0.485198719254317,-9.84050970597805,32.1));
#9092=CARTESIAN_POINT('Ctrl Pts',(0.633342690903352,-9.98598158519262,31.6));
#9093=CARTESIAN_POINT('Ctrl Pts',(0.633342690903352,-9.98598158519262,32.1));
#9094=CARTESIAN_POINT('Ctrl Pts',(0.70709181776912,-10.0584004892909,31.6));
#9095=CARTESIAN_POINT('Ctrl Pts',(0.70709181776912,-10.0584004892909,32.1));
#9096=CARTESIAN_POINT('',(0.174691209706376,-9.81010601659655,31.6));
#9097=CARTESIAN_POINT('Ctrl Pts',(0.70709181776912,-10.0584004892909,31.6));
#9098=CARTESIAN_POINT('Ctrl Pts',(0.633342690903352,-9.98598158519262,31.6));
#9099=CARTESIAN_POINT('Ctrl Pts',(0.485198719254317,-9.84050970597805,31.6));
#9100=CARTESIAN_POINT('Ctrl Pts',(0.278494035420985,-9.82026998613965,31.6));
#9101=CARTESIAN_POINT('Ctrl Pts',(0.174691209706376,-9.81010601659655,31.6));
#9102=CARTESIAN_POINT('',(0.174691209706376,-9.81010601659655,32.1));
#9103=CARTESIAN_POINT('Ctrl Pts',(0.174691209706376,-9.81010601659655,32.1));
#9104=CARTESIAN_POINT('Ctrl Pts',(0.278494035420985,-9.82026998613965,32.1));
#9105=CARTESIAN_POINT('Ctrl Pts',(0.485198719254317,-9.84050970597805,32.1));
#9106=CARTESIAN_POINT('Ctrl Pts',(0.633342690903352,-9.98598158519262,32.1));
#9107=CARTESIAN_POINT('Ctrl Pts',(0.70709181776912,-10.0584004892909,32.1));
#9108=CARTESIAN_POINT('',(0.174691209706376,-9.81010601659655,31.6));
#9109=CARTESIAN_POINT('Ctrl Pts',(-0.323092212763717,-10.0082646383846,
31.6));
#9110=CARTESIAN_POINT('Ctrl Pts',(-0.323092212763717,-10.0082646383846,
32.1));
#9111=CARTESIAN_POINT('Ctrl Pts',(-0.251297619835531,-9.95047113246591,
31.6));
#9112=CARTESIAN_POINT('Ctrl Pts',(-0.251297619835531,-9.95047113246591,
32.1));
#9113=CARTESIAN_POINT('Ctrl Pts',(-0.105841850449434,-9.83338155056204,
31.6));
#9114=CARTESIAN_POINT('Ctrl Pts',(-0.105841850449434,-9.83338155056204,
32.1));
#9115=CARTESIAN_POINT('Ctrl Pts',(0.0803836007406766,-9.81793062006563,
31.6));
#9116=CARTESIAN_POINT('Ctrl Pts',(0.0803836007406767,-9.81793062006563,
32.1));
#9117=CARTESIAN_POINT('Ctrl Pts',(0.174691209706376,-9.81010601659655,31.6));
#9118=CARTESIAN_POINT('Ctrl Pts',(0.174691209706376,-9.81010601659655,32.1));
#9119=CARTESIAN_POINT('',(-0.323092212763717,-10.0082646383846,31.6));
#9120=CARTESIAN_POINT('Ctrl Pts',(0.174691209706376,-9.81010601659655,31.6));
#9121=CARTESIAN_POINT('Ctrl Pts',(0.0803836007406766,-9.81793062006563,
31.6));
#9122=CARTESIAN_POINT('Ctrl Pts',(-0.105841850449434,-9.83338155056204,
31.6));
#9123=CARTESIAN_POINT('Ctrl Pts',(-0.251297619835531,-9.95047113246591,
31.6));
#9124=CARTESIAN_POINT('Ctrl Pts',(-0.323092212763717,-10.0082646383846,
31.6));
#9125=CARTESIAN_POINT('',(-0.323092212763717,-10.0082646383846,32.1));
#9126=CARTESIAN_POINT('Ctrl Pts',(-0.323092212763717,-10.0082646383846,
32.1));
#9127=CARTESIAN_POINT('Ctrl Pts',(-0.251297619835531,-9.95047113246591,
32.1));
#9128=CARTESIAN_POINT('Ctrl Pts',(-0.105841850449434,-9.83338155056204,
32.1));
#9129=CARTESIAN_POINT('Ctrl Pts',(0.0803836007406767,-9.81793062006563,
32.1));
#9130=CARTESIAN_POINT('Ctrl Pts',(0.174691209706376,-9.81010601659655,32.1));
#9131=CARTESIAN_POINT('',(-0.323092212763717,-10.0082646383846,31.6));
#9132=CARTESIAN_POINT('Ctrl Pts',(-0.546317567912032,-10.5382780804241,
31.6));
#9133=CARTESIAN_POINT('Ctrl Pts',(-0.546317567912032,-10.5382780804241,
32.1));
#9134=CARTESIAN_POINT('Ctrl Pts',(-0.533256491009561,-10.4348676366051,
31.6));
#9135=CARTESIAN_POINT('Ctrl Pts',(-0.53325649100956,-10.4348676366051,32.1));
#9136=CARTESIAN_POINT('Ctrl Pts',(-0.508251735249079,-10.2368936938679,
31.6));
#9137=CARTESIAN_POINT('Ctrl Pts',(-0.508251735249079,-10.2368936938679,
32.1));
#9138=CARTESIAN_POINT('Ctrl Pts',(-0.382945516344833,-10.0821695830595,
31.6));
#9139=CARTESIAN_POINT('Ctrl Pts',(-0.382945516344832,-10.0821695830595,
32.1));
#9140=CARTESIAN_POINT('Ctrl Pts',(-0.323092212763717,-10.0082646383846,
31.6));
#9141=CARTESIAN_POINT('Ctrl Pts',(-0.323092212763717,-10.0082646383846,
32.1));
#9142=CARTESIAN_POINT('Ctrl Pts',(-0.323092212763717,-10.0082646383846,
31.6));
#9143=CARTESIAN_POINT('Ctrl Pts',(-0.382945516344833,-10.0821695830595,
31.6));
#9144=CARTESIAN_POINT('Ctrl Pts',(-0.508251735249079,-10.2368936938679,
31.6));
#9145=CARTESIAN_POINT('Ctrl Pts',(-0.533256491009561,-10.4348676366051,
31.6));
#9146=CARTESIAN_POINT('Ctrl Pts',(-0.546317567912032,-10.5382780804241,
31.6));
#9147=CARTESIAN_POINT('Ctrl Pts',(-0.546317567912032,-10.5382780804241,
32.1));
#9148=CARTESIAN_POINT('Ctrl Pts',(-0.53325649100956,-10.4348676366051,32.1));
#9149=CARTESIAN_POINT('Ctrl Pts',(-0.508251735249079,-10.2368936938679,
32.1));
#9150=CARTESIAN_POINT('Ctrl Pts',(-0.382945516344832,-10.0821695830595,
32.1));
#9151=CARTESIAN_POINT('Ctrl Pts',(-0.323092212763717,-10.0082646383846,
32.1));
#9152=CARTESIAN_POINT('Origin',(1.30872918120296,-11.2879370226467,31.6));
#9153=CARTESIAN_POINT('',(0.864663848790238,-11.2330256476009,31.6));
#9154=CARTESIAN_POINT('',(1.30872918120296,-11.2879370226467,31.6));
#9155=CARTESIAN_POINT('',(0.864663848790238,-11.2330256476009,31.6));
#9156=CARTESIAN_POINT('',(0.864663848790238,-11.2330256476009,32.1));
#9157=CARTESIAN_POINT('',(0.864663848790238,-11.2330256476009,31.6));
#9158=CARTESIAN_POINT('',(1.30872918120296,-11.2879370226467,32.1));
#9159=CARTESIAN_POINT('',(0.864663848790238,-11.2330256476009,32.1));
#9160=CARTESIAN_POINT('',(1.30872918120296,-11.2879370226467,31.6));
#9161=CARTESIAN_POINT('Ctrl Pts',(0.919575223836014,-11.8919615521038,31.6));
#9162=CARTESIAN_POINT('Ctrl Pts',(0.919575223836014,-11.8919615521038,32.1));
#9163=CARTESIAN_POINT('Ctrl Pts',(1.00734885826298,-11.8110290892734,31.6));
#9164=CARTESIAN_POINT('Ctrl Pts',(1.00734885826298,-11.8110290892734,32.1));
#9165=CARTESIAN_POINT('Ctrl Pts',(1.18897968606948,-11.6435547637967,31.6));
#9166=CARTESIAN_POINT('Ctrl Pts',(1.18897968606948,-11.6435547637967,32.1));
#9167=CARTESIAN_POINT('Ctrl Pts',(1.26793121302468,-11.4090939533786,31.6));
#9168=CARTESIAN_POINT('Ctrl Pts',(1.26793121302468,-11.4090939533786,32.1));
#9169=CARTESIAN_POINT('Ctrl Pts',(1.30872918120296,-11.2879370226467,31.6));
#9170=CARTESIAN_POINT('Ctrl Pts',(1.30872918120296,-11.2879370226467,32.1));
#9171=CARTESIAN_POINT('',(0.919575223836014,-11.8919615521038,31.6));
#9172=CARTESIAN_POINT('Ctrl Pts',(1.30872918120296,-11.2879370226467,31.6));
#9173=CARTESIAN_POINT('Ctrl Pts',(1.26793121302468,-11.4090939533786,31.6));
#9174=CARTESIAN_POINT('Ctrl Pts',(1.18897968606948,-11.6435547637967,31.6));
#9175=CARTESIAN_POINT('Ctrl Pts',(1.00734885826298,-11.8110290892734,31.6));
#9176=CARTESIAN_POINT('Ctrl Pts',(0.919575223836014,-11.8919615521038,31.6));
#9177=CARTESIAN_POINT('',(0.919575223836014,-11.8919615521038,32.1));
#9178=CARTESIAN_POINT('Ctrl Pts',(0.919575223836014,-11.8919615521038,32.1));
#9179=CARTESIAN_POINT('Ctrl Pts',(1.00734885826298,-11.8110290892734,32.1));
#9180=CARTESIAN_POINT('Ctrl Pts',(1.18897968606948,-11.6435547637967,32.1));
#9181=CARTESIAN_POINT('Ctrl Pts',(1.26793121302468,-11.4090939533786,32.1));
#9182=CARTESIAN_POINT('Ctrl Pts',(1.30872918120296,-11.2879370226467,32.1));
#9183=CARTESIAN_POINT('',(0.919575223836014,-11.8919615521038,31.6));
#9184=CARTESIAN_POINT('Ctrl Pts',(0.193790922078202,-12.1068315281475,31.6));
#9185=CARTESIAN_POINT('Ctrl Pts',(0.193790922078202,-12.1068315281475,32.1));
#9186=CARTESIAN_POINT('Ctrl Pts',(0.331324884920469,-12.1001440226917,31.6));
#9187=CARTESIAN_POINT('Ctrl Pts',(0.331324884920469,-12.1001440226917,32.1));
#9188=CARTESIAN_POINT('Ctrl Pts',(0.59133364102765,-12.0875012547594,31.6));
#9189=CARTESIAN_POINT('Ctrl Pts',(0.591333641027651,-12.0875012547594,32.1));
#9190=CARTESIAN_POINT('Ctrl Pts',(0.814469213233993,-11.9545751852839,31.6));
#9191=CARTESIAN_POINT('Ctrl Pts',(0.814469213233993,-11.9545751852839,32.1));
#9192=CARTESIAN_POINT('Ctrl Pts',(0.919575223836014,-11.8919615521038,31.6));
#9193=CARTESIAN_POINT('Ctrl Pts',(0.919575223836014,-11.8919615521038,32.1));
#9194=CARTESIAN_POINT('',(0.193790922078202,-12.1068315281475,31.6));
#9195=CARTESIAN_POINT('Ctrl Pts',(0.919575223836014,-11.8919615521038,31.6));
#9196=CARTESIAN_POINT('Ctrl Pts',(0.814469213233993,-11.9545751852839,31.6));
#9197=CARTESIAN_POINT('Ctrl Pts',(0.59133364102765,-12.0875012547594,31.6));
#9198=CARTESIAN_POINT('Ctrl Pts',(0.331324884920469,-12.1001440226917,31.6));
#9199=CARTESIAN_POINT('Ctrl Pts',(0.193790922078202,-12.1068315281475,31.6));
#9200=CARTESIAN_POINT('',(0.193790922078202,-12.1068315281475,32.1));
#9201=CARTESIAN_POINT('Ctrl Pts',(0.193790922078202,-12.1068315281475,32.1));
#9202=CARTESIAN_POINT('Ctrl Pts',(0.331324884920469,-12.1001440226917,32.1));
#9203=CARTESIAN_POINT('Ctrl Pts',(0.591333641027651,-12.0875012547594,32.1));
#9204=CARTESIAN_POINT('Ctrl Pts',(0.814469213233993,-11.9545751852839,32.1));
#9205=CARTESIAN_POINT('Ctrl Pts',(0.919575223836014,-11.8919615521038,32.1));
#9206=CARTESIAN_POINT('',(0.193790922078202,-12.1068315281475,31.6));
#9207=CARTESIAN_POINT('Ctrl Pts',(-0.68837093361943,-11.7642329706752,31.6));
#9208=CARTESIAN_POINT('Ctrl Pts',(-0.68837093361943,-11.7642329706752,32.1));
#9209=CARTESIAN_POINT('Ctrl Pts',(-0.566225371317061,-11.8640999237806,
31.6));
#9210=CARTESIAN_POINT('Ctrl Pts',(-0.566225371317061,-11.8640999237806,
32.1));
#9211=CARTESIAN_POINT('Ctrl Pts',(-0.310192837027242,-12.0734336778146,
31.6));
#9212=CARTESIAN_POINT('Ctrl Pts',(-0.310192837027242,-12.0734336778146,
32.1));
#9213=CARTESIAN_POINT('Ctrl Pts',(0.0207376165851991,-12.0953636816305,
31.6));
#9214=CARTESIAN_POINT('Ctrl Pts',(0.0207376165851992,-12.0953636816305,
32.1));
#9215=CARTESIAN_POINT('Ctrl Pts',(0.193790922078202,-12.1068315281475,31.6));
#9216=CARTESIAN_POINT('Ctrl Pts',(0.193790922078202,-12.1068315281475,32.1));
#9217=CARTESIAN_POINT('',(-0.68837093361943,-11.7642329706752,31.6));
#9218=CARTESIAN_POINT('Ctrl Pts',(0.193790922078202,-12.1068315281475,31.6));
#9219=CARTESIAN_POINT('Ctrl Pts',(0.0207376165851991,-12.0953636816305,
31.6));
#9220=CARTESIAN_POINT('Ctrl Pts',(-0.310192837027242,-12.0734336778146,
31.6));
#9221=CARTESIAN_POINT('Ctrl Pts',(-0.566225371317061,-11.8640999237806,
31.6));
#9222=CARTESIAN_POINT('Ctrl Pts',(-0.68837093361943,-11.7642329706752,31.6));
#9223=CARTESIAN_POINT('',(-0.68837093361943,-11.7642329706752,32.1));
#9224=CARTESIAN_POINT('Ctrl Pts',(-0.68837093361943,-11.7642329706752,32.1));
#9225=CARTESIAN_POINT('Ctrl Pts',(-0.566225371317061,-11.8640999237806,
32.1));
#9226=CARTESIAN_POINT('Ctrl Pts',(-0.310192837027242,-12.0734336778146,
32.1));
#9227=CARTESIAN_POINT('Ctrl Pts',(0.0207376165851992,-12.0953636816305,
32.1));
#9228=CARTESIAN_POINT('Ctrl Pts',(0.193790922078202,-12.1068315281475,32.1));
#9229=CARTESIAN_POINT('',(-0.68837093361943,-11.7642329706752,31.6));
#9230=CARTESIAN_POINT('Ctrl Pts',(-1.01425813683598,-10.8032845034206,31.6));
#9231=CARTESIAN_POINT('Ctrl Pts',(-1.01425813683598,-10.8032845034206,32.1));
#9232=CARTESIAN_POINT('Ctrl Pts',(-1.00519721185438,-10.9928551420231,31.6));
#9233=CARTESIAN_POINT('Ctrl Pts',(-1.00519721185438,-10.9928551420231,32.1));
#9234=CARTESIAN_POINT('Ctrl Pts',(-0.988327831480513,-11.3457925316162,
31.6));
#9235=CARTESIAN_POINT('Ctrl Pts',(-0.988327831480513,-11.3457925316162,
32.1));
#9236=CARTESIAN_POINT('Ctrl Pts',(-0.783282014102664,-11.6318318341381,
31.6));
#9237=CARTESIAN_POINT('Ctrl Pts',(-0.783282014102664,-11.6318318341381,
32.1));
#9238=CARTESIAN_POINT('Ctrl Pts',(-0.68837093361943,-11.7642329706752,31.6));
#9239=CARTESIAN_POINT('Ctrl Pts',(-0.68837093361943,-11.7642329706752,32.1));
#9240=CARTESIAN_POINT('',(-1.01425813683598,-10.8032845034206,31.6));
#9241=CARTESIAN_POINT('Ctrl Pts',(-0.68837093361943,-11.7642329706752,31.6));
#9242=CARTESIAN_POINT('Ctrl Pts',(-0.783282014102664,-11.6318318341381,
31.6));
#9243=CARTESIAN_POINT('Ctrl Pts',(-0.988327831480513,-11.3457925316162,
31.6));
#9244=CARTESIAN_POINT('Ctrl Pts',(-1.00519721185438,-10.9928551420231,31.6));
#9245=CARTESIAN_POINT('Ctrl Pts',(-1.01425813683598,-10.8032845034206,31.6));
#9246=CARTESIAN_POINT('',(-1.01425813683598,-10.8032845034206,32.1));
#9247=CARTESIAN_POINT('Ctrl Pts',(-1.01425813683598,-10.8032845034206,32.1));
#9248=CARTESIAN_POINT('Ctrl Pts',(-1.00519721185438,-10.9928551420231,32.1));
#9249=CARTESIAN_POINT('Ctrl Pts',(-0.988327831480513,-11.3457925316162,
32.1));
#9250=CARTESIAN_POINT('Ctrl Pts',(-0.783282014102664,-11.6318318341381,
32.1));
#9251=CARTESIAN_POINT('Ctrl Pts',(-0.68837093361943,-11.7642329706752,32.1));
#9252=CARTESIAN_POINT('',(-1.01425813683598,-10.8032845034206,31.6));
#9253=CARTESIAN_POINT('Ctrl Pts',(-0.684789886561324,-9.81010601659655,
31.6));
#9254=CARTESIAN_POINT('Ctrl Pts',(-0.684789886561324,-9.81010601659655,
32.1));
#9255=CARTESIAN_POINT('Ctrl Pts',(-0.780731843660522,-9.94703070447878,
31.6));
#9256=CARTESIAN_POINT('Ctrl Pts',(-0.780731843660522,-9.94703070447878,
32.1));
#9257=CARTESIAN_POINT('Ctrl Pts',(-0.988730429151349,-10.2438783221361,
31.6));
#9258=CARTESIAN_POINT('Ctrl Pts',(-0.988730429151349,-10.2438783221361,
32.1));
#9259=CARTESIAN_POINT('Ctrl Pts',(-1.00532046380449,-10.6074271392622,31.6));
#9260=CARTESIAN_POINT('Ctrl Pts',(-1.00532046380449,-10.6074271392622,32.1));
#9261=CARTESIAN_POINT('Ctrl Pts',(-1.01425813683598,-10.8032845034206,31.6));
#9262=CARTESIAN_POINT('Ctrl Pts',(-1.01425813683598,-10.8032845034206,32.1));
#9263=CARTESIAN_POINT('',(-0.684789886561324,-9.81010601659655,31.6));
#9264=CARTESIAN_POINT('Ctrl Pts',(-1.01425813683598,-10.8032845034206,31.6));
#9265=CARTESIAN_POINT('Ctrl Pts',(-1.00532046380449,-10.6074271392622,31.6));
#9266=CARTESIAN_POINT('Ctrl Pts',(-0.988730429151349,-10.2438783221361,
31.6));
#9267=CARTESIAN_POINT('Ctrl Pts',(-0.780731843660522,-9.94703070447878,
31.6));
#9268=CARTESIAN_POINT('Ctrl Pts',(-0.684789886561324,-9.81010601659655,
31.6));
#9269=CARTESIAN_POINT('',(-0.684789886561324,-9.81010601659655,32.1));
#9270=CARTESIAN_POINT('Ctrl Pts',(-0.684789886561324,-9.81010601659655,
32.1));
#9271=CARTESIAN_POINT('Ctrl Pts',(-0.780731843660522,-9.94703070447878,
32.1));
#9272=CARTESIAN_POINT('Ctrl Pts',(-0.988730429151349,-10.2438783221361,
32.1));
#9273=CARTESIAN_POINT('Ctrl Pts',(-1.00532046380449,-10.6074271392622,32.1));
#9274=CARTESIAN_POINT('Ctrl Pts',(-1.01425813683598,-10.8032845034206,32.1));
#9275=CARTESIAN_POINT('',(-0.684789886561324,-9.81010601659655,31.6));
#9276=CARTESIAN_POINT('Ctrl Pts',(0.169916877659867,-9.45676372190356,31.6));
#9277=CARTESIAN_POINT('Ctrl Pts',(0.169916877659867,-9.45676372190356,32.1));
#9278=CARTESIAN_POINT('Ctrl Pts',(0.00436892970450024,-9.47003912169878,
31.6));
#9279=CARTESIAN_POINT('Ctrl Pts',(0.00436892970450031,-9.47003912169878,
32.1));
#9280=CARTESIAN_POINT('Ctrl Pts',(-0.319057546634945,-9.49597490544477,
31.6));
#9281=CARTESIAN_POINT('Ctrl Pts',(-0.319057546634945,-9.49597490544477,
32.1));
#9282=CARTESIAN_POINT('Ctrl Pts',(-0.564821710366665,-9.70706416774483,
31.6));
#9283=CARTESIAN_POINT('Ctrl Pts',(-0.564821710366665,-9.70706416774483,
32.1));
#9284=CARTESIAN_POINT('Ctrl Pts',(-0.684789886561324,-9.81010601659655,
31.6));
#9285=CARTESIAN_POINT('Ctrl Pts',(-0.684789886561324,-9.81010601659655,
32.1));
#9286=CARTESIAN_POINT('',(0.169916877659867,-9.45676372190356,31.6));
#9287=CARTESIAN_POINT('Ctrl Pts',(-0.684789886561324,-9.81010601659655,
31.6));
#9288=CARTESIAN_POINT('Ctrl Pts',(-0.564821710366665,-9.70706416774483,
31.6));
#9289=CARTESIAN_POINT('Ctrl Pts',(-0.319057546634945,-9.49597490544477,
31.6));
#9290=CARTESIAN_POINT('Ctrl Pts',(0.0043689297045002,-9.47003912169878,
31.6));
#9291=CARTESIAN_POINT('Ctrl Pts',(0.169916877659867,-9.45676372190356,31.6));
#9292=CARTESIAN_POINT('',(0.169916877659867,-9.45676372190356,32.1));
#9293=CARTESIAN_POINT('Ctrl Pts',(0.169916877659867,-9.45676372190356,32.1));
#9294=CARTESIAN_POINT('Ctrl Pts',(0.00436892970450027,-9.47003912169878,
32.1));
#9295=CARTESIAN_POINT('Ctrl Pts',(-0.319057546634945,-9.49597490544477,
32.1));
#9296=CARTESIAN_POINT('Ctrl Pts',(-0.564821710366665,-9.70706416774483,
32.1));
#9297=CARTESIAN_POINT('Ctrl Pts',(-0.684789886561324,-9.81010601659655,
32.1));
#9298=CARTESIAN_POINT('',(0.169916877659867,-9.45676372190356,31.6));
#9299=CARTESIAN_POINT('Ctrl Pts',(1.00074840536983,-9.80294392248034,31.6));
#9300=CARTESIAN_POINT('Ctrl Pts',(1.00074840536983,-9.80294392248034,32.1));
#9301=CARTESIAN_POINT('Ctrl Pts',(0.883875800055629,-9.70198649359304,31.6));
#9302=CARTESIAN_POINT('Ctrl Pts',(0.883875800055629,-9.70198649359304,32.1));
#9303=CARTESIAN_POINT('Ctrl Pts',(0.645225098510172,-9.4958341522004,31.6));
#9304=CARTESIAN_POINT('Ctrl Pts',(0.645225098510172,-9.4958341522004,32.1));
#9305=CARTESIAN_POINT('Ctrl Pts',(0.330509290406182,-9.46996445017454,31.6));
#9306=CARTESIAN_POINT('Ctrl Pts',(0.330509290406182,-9.46996445017454,32.1));
#9307=CARTESIAN_POINT('Ctrl Pts',(0.169916877659867,-9.45676372190356,31.6));
#9308=CARTESIAN_POINT('Ctrl Pts',(0.169916877659867,-9.45676372190356,32.1));
#9309=CARTESIAN_POINT('',(1.00074840536983,-9.80294392248034,31.6));
#9310=CARTESIAN_POINT('Ctrl Pts',(0.169916877659867,-9.45676372190356,31.6));
#9311=CARTESIAN_POINT('Ctrl Pts',(0.330509290406182,-9.46996445017454,31.6));
#9312=CARTESIAN_POINT('Ctrl Pts',(0.645225098510172,-9.4958341522004,31.6));
#9313=CARTESIAN_POINT('Ctrl Pts',(0.883875800055629,-9.70198649359304,31.6));
#9314=CARTESIAN_POINT('Ctrl Pts',(1.00074840536983,-9.80294392248034,31.6));
#9315=CARTESIAN_POINT('',(1.00074840536983,-9.80294392248034,32.1));
#9316=CARTESIAN_POINT('Ctrl Pts',(1.00074840536983,-9.80294392248034,32.1));
#9317=CARTESIAN_POINT('Ctrl Pts',(0.883875800055629,-9.70198649359304,32.1));
#9318=CARTESIAN_POINT('Ctrl Pts',(0.645225098510172,-9.4958341522004,32.1));
#9319=CARTESIAN_POINT('Ctrl Pts',(0.330509290406182,-9.46996445017454,32.1));
#9320=CARTESIAN_POINT('Ctrl Pts',(0.169916877659867,-9.45676372190356,32.1));
#9321=CARTESIAN_POINT('',(1.00074840536983,-9.80294392248034,31.6));
#9322=CARTESIAN_POINT('Ctrl Pts',(1.32305456152828,-10.7770226969326,31.6));
#9323=CARTESIAN_POINT('Ctrl Pts',(1.32305456152828,-10.7770226969326,32.1));
#9324=CARTESIAN_POINT('Ctrl Pts',(1.31435346938309,-10.5848857288942,31.6));
#9325=CARTESIAN_POINT('Ctrl Pts',(1.31435346938309,-10.5848857288942,32.1));
#9326=CARTESIAN_POINT('Ctrl Pts',(1.29821183773596,-10.2284472367917,31.6));
#9327=CARTESIAN_POINT('Ctrl Pts',(1.29821183773596,-10.2284472367917,32.1));
#9328=CARTESIAN_POINT('Ctrl Pts',(1.09460271610799,-9.93719679505642,31.6));
#9329=CARTESIAN_POINT('Ctrl Pts',(1.09460271610799,-9.93719679505642,32.1));
#9330=CARTESIAN_POINT('Ctrl Pts',(1.00074840536983,-9.80294392248034,31.6));
#9331=CARTESIAN_POINT('Ctrl Pts',(1.00074840536983,-9.80294392248034,32.1));
#9332=CARTESIAN_POINT('',(1.32305456152828,-10.7770226969326,31.6));
#9333=CARTESIAN_POINT('Ctrl Pts',(1.00074840536983,-9.80294392248034,31.6));
#9334=CARTESIAN_POINT('Ctrl Pts',(1.09460271610799,-9.93719679505642,31.6));
#9335=CARTESIAN_POINT('Ctrl Pts',(1.29821183773596,-10.2284472367917,31.6));
#9336=CARTESIAN_POINT('Ctrl Pts',(1.31435346938309,-10.5848857288942,31.6));
#9337=CARTESIAN_POINT('Ctrl Pts',(1.32305456152828,-10.7770226969326,31.6));
#9338=CARTESIAN_POINT('',(1.32305456152828,-10.7770226969326,32.1));
#9339=CARTESIAN_POINT('Ctrl Pts',(1.32305456152828,-10.7770226969326,32.1));
#9340=CARTESIAN_POINT('Ctrl Pts',(1.31435346938309,-10.5848857288942,32.1));
#9341=CARTESIAN_POINT('Ctrl Pts',(1.29821183773596,-10.2284472367917,32.1));
#9342=CARTESIAN_POINT('Ctrl Pts',(1.09460271610799,-9.93719679505642,32.1));
#9343=CARTESIAN_POINT('Ctrl Pts',(1.00074840536983,-9.80294392248034,32.1));
#9344=CARTESIAN_POINT('',(1.32305456152828,-10.7770226969326,31.6));
#9345=CARTESIAN_POINT('Ctrl Pts',(1.32066679945857,-10.8916203751171,31.6));
#9346=CARTESIAN_POINT('Ctrl Pts',(1.32066679945857,-10.8916203751171,32.1));
#9347=CARTESIAN_POINT('Ctrl Pts',(1.32135641601965,-10.8693391999482,31.6));
#9348=CARTESIAN_POINT('Ctrl Pts',(1.32135641601965,-10.8693391999482,32.1));
#9349=CARTESIAN_POINT('Ctrl Pts',(1.32253847161006,-10.8311475596142,31.6));
#9350=CARTESIAN_POINT('Ctrl Pts',(1.32253847161006,-10.8311475596142,32.1));
#9351=CARTESIAN_POINT('Ctrl Pts',(1.32290278867969,-10.7929398545795,31.6));
#9352=CARTESIAN_POINT('Ctrl Pts',(1.32290278867969,-10.7929398545795,32.1));
#9353=CARTESIAN_POINT('Ctrl Pts',(1.32305456152828,-10.7770226969326,31.6));
#9354=CARTESIAN_POINT('Ctrl Pts',(1.32305456152828,-10.7770226969326,32.1));
#9355=CARTESIAN_POINT('',(1.32066679945857,-10.8916203751171,31.6));
#9356=CARTESIAN_POINT('Ctrl Pts',(1.32305456152828,-10.7770226969326,31.6));
#9357=CARTESIAN_POINT('Ctrl Pts',(1.32290278867969,-10.7929398545795,31.6));
#9358=CARTESIAN_POINT('Ctrl Pts',(1.32253847161006,-10.8311475596142,31.6));
#9359=CARTESIAN_POINT('Ctrl Pts',(1.32135641601965,-10.8693391999482,31.6));
#9360=CARTESIAN_POINT('Ctrl Pts',(1.32066679945857,-10.8916203751171,31.6));
#9361=CARTESIAN_POINT('',(1.32066679945857,-10.8916203751171,32.1));
#9362=CARTESIAN_POINT('Ctrl Pts',(1.32066679945857,-10.8916203751171,32.1));
#9363=CARTESIAN_POINT('Ctrl Pts',(1.32135641601965,-10.8693391999482,32.1));
#9364=CARTESIAN_POINT('Ctrl Pts',(1.32253847161006,-10.8311475596142,32.1));
#9365=CARTESIAN_POINT('Ctrl Pts',(1.32290278867969,-10.7929398545795,32.1));
#9366=CARTESIAN_POINT('Ctrl Pts',(1.32305456152828,-10.7770226969326,32.1));
#9367=CARTESIAN_POINT('',(1.32066679945857,-10.8916203751171,31.6));
#9368=CARTESIAN_POINT('Origin',(-0.570192804423263,-10.8916203751171,31.6));
#9369=CARTESIAN_POINT('',(-0.570192804423263,-10.8916203751171,31.6));
#9370=CARTESIAN_POINT('',(1.32066679945857,-10.8916203751171,31.6));
#9371=CARTESIAN_POINT('',(-0.570192804423263,-10.8916203751171,32.1));
#9372=CARTESIAN_POINT('',(1.32066679945857,-10.8916203751171,32.1));
#9373=CARTESIAN_POINT('',(-0.570192804423263,-10.8916203751171,31.6));
#9374=CARTESIAN_POINT('Ctrl Pts',(-0.333835353938033,-11.5314565672481,
31.6));
#9375=CARTESIAN_POINT('Ctrl Pts',(-0.333835353938033,-11.5314565672481,
32.1));
#9376=CARTESIAN_POINT('Ctrl Pts',(-0.396984129674635,-11.4442404682856,
31.6));
#9377=CARTESIAN_POINT('Ctrl Pts',(-0.396984129674635,-11.4442404682856,
32.1));
#9378=CARTESIAN_POINT('Ctrl Pts',(-0.534861338335612,-11.25381536289,31.6));
#9379=CARTESIAN_POINT('Ctrl Pts',(-0.534861338335611,-11.25381536289,32.1));
#9380=CARTESIAN_POINT('Ctrl Pts',(-0.5577742012575,-11.0189277393408,31.6));
#9381=CARTESIAN_POINT('Ctrl Pts',(-0.5577742012575,-11.0189277393408,32.1));
#9382=CARTESIAN_POINT('Ctrl Pts',(-0.570192804423263,-10.8916203751171,
31.6));
#9383=CARTESIAN_POINT('Ctrl Pts',(-0.570192804423263,-10.8916203751171,
32.1));
#9384=CARTESIAN_POINT('',(-0.333835353938033,-11.5314565672481,31.6));
#9385=CARTESIAN_POINT('Ctrl Pts',(-0.570192804423263,-10.8916203751171,
31.6));
#9386=CARTESIAN_POINT('Ctrl Pts',(-0.5577742012575,-11.0189277393408,31.6));
#9387=CARTESIAN_POINT('Ctrl Pts',(-0.534861338335612,-11.25381536289,31.6));
#9388=CARTESIAN_POINT('Ctrl Pts',(-0.396984129674635,-11.4442404682856,
31.6));
#9389=CARTESIAN_POINT('Ctrl Pts',(-0.333835353938033,-11.5314565672481,
31.6));
#9390=CARTESIAN_POINT('',(-0.333835353938033,-11.5314565672481,32.1));
#9391=CARTESIAN_POINT('Ctrl Pts',(-0.333835353938033,-11.5314565672481,
32.1));
#9392=CARTESIAN_POINT('Ctrl Pts',(-0.396984129674635,-11.4442404682856,
32.1));
#9393=CARTESIAN_POINT('Ctrl Pts',(-0.534861338335611,-11.25381536289,32.1));
#9394=CARTESIAN_POINT('Ctrl Pts',(-0.5577742012575,-11.0189277393408,32.1));
#9395=CARTESIAN_POINT('Ctrl Pts',(-0.570192804423263,-10.8916203751171,
32.1));
#9396=CARTESIAN_POINT('',(-0.333835353938033,-11.5314565672481,31.6));
#9397=CARTESIAN_POINT('Ctrl Pts',(0.196178684147904,-11.7534892334545,31.6));
#9398=CARTESIAN_POINT('Ctrl Pts',(0.196178684147904,-11.7534892334545,32.1));
#9399=CARTESIAN_POINT('Ctrl Pts',(0.0950460758746196,-11.7445842432563,
31.6));
#9400=CARTESIAN_POINT('Ctrl Pts',(0.0950460758746197,-11.7445842432563,
32.1));
#9401=CARTESIAN_POINT('Ctrl Pts',(-0.105367936047227,-11.7269372662603,
31.6));
#9402=CARTESIAN_POINT('Ctrl Pts',(-0.105367936047227,-11.7269372662603,
32.1));
#9403=CARTESIAN_POINT('Ctrl Pts',(-0.258149958841181,-11.5962143085275,
31.6));
#9404=CARTESIAN_POINT('Ctrl Pts',(-0.258149958841181,-11.5962143085275,
32.1));
#9405=CARTESIAN_POINT('Ctrl Pts',(-0.333835353938033,-11.5314565672481,
31.6));
#9406=CARTESIAN_POINT('Ctrl Pts',(-0.333835353938033,-11.5314565672481,
32.1));
#9407=CARTESIAN_POINT('',(0.196178684147904,-11.7534892334545,31.6));
#9408=CARTESIAN_POINT('Ctrl Pts',(-0.333835353938033,-11.5314565672481,
31.6));
#9409=CARTESIAN_POINT('Ctrl Pts',(-0.258149958841181,-11.5962143085275,
31.6));
#9410=CARTESIAN_POINT('Ctrl Pts',(-0.105367936047227,-11.7269372662603,
31.6));
#9411=CARTESIAN_POINT('Ctrl Pts',(0.0950460758746197,-11.7445842432563,
31.6));
#9412=CARTESIAN_POINT('Ctrl Pts',(0.196178684147904,-11.7534892334545,31.6));
#9413=CARTESIAN_POINT('',(0.196178684147904,-11.7534892334545,32.1));
#9414=CARTESIAN_POINT('Ctrl Pts',(0.196178684147904,-11.7534892334545,32.1));
#9415=CARTESIAN_POINT('Ctrl Pts',(0.0950460758746197,-11.7445842432563,
32.1));
#9416=CARTESIAN_POINT('Ctrl Pts',(-0.105367936047227,-11.7269372662603,
32.1));
#9417=CARTESIAN_POINT('Ctrl Pts',(-0.258149958841181,-11.5962143085275,
32.1));
#9418=CARTESIAN_POINT('Ctrl Pts',(-0.333835353938033,-11.5314565672481,
32.1));
#9419=CARTESIAN_POINT('',(0.196178684147904,-11.7534892334545,31.6));
#9420=CARTESIAN_POINT('Ctrl Pts',(0.599656829747269,-11.629341699084,31.6));
#9421=CARTESIAN_POINT('Ctrl Pts',(0.599656829747269,-11.629341699084,32.1));
#9422=CARTESIAN_POINT('Ctrl Pts',(0.539800163449448,-11.6655397642285,31.6));
#9423=CARTESIAN_POINT('Ctrl Pts',(0.539800163449448,-11.6655397642285,32.1));
#9424=CARTESIAN_POINT('Ctrl Pts',(0.415846751088799,-11.7405000647769,31.6));
#9425=CARTESIAN_POINT('Ctrl Pts',(0.415846751088799,-11.7405000647769,32.1));
#9426=CARTESIAN_POINT('Ctrl Pts',(0.271052369035293,-11.7490618857017,31.6));
#9427=CARTESIAN_POINT('Ctrl Pts',(0.271052369035293,-11.7490618857017,32.1));
#9428=CARTESIAN_POINT('Ctrl Pts',(0.196178684147904,-11.7534892334545,31.6));
#9429=CARTESIAN_POINT('Ctrl Pts',(0.196178684147904,-11.7534892334545,32.1));
#9430=CARTESIAN_POINT('',(0.599656829747269,-11.629341699084,31.6));
#9431=CARTESIAN_POINT('Ctrl Pts',(0.196178684147904,-11.7534892334545,31.6));
#9432=CARTESIAN_POINT('Ctrl Pts',(0.271052369035293,-11.7490618857017,31.6));
#9433=CARTESIAN_POINT('Ctrl Pts',(0.415846751088799,-11.7405000647769,31.6));
#9434=CARTESIAN_POINT('Ctrl Pts',(0.539800163449448,-11.6655397642285,31.6));
#9435=CARTESIAN_POINT('Ctrl Pts',(0.599656829747269,-11.629341699084,31.6));
#9436=CARTESIAN_POINT('',(0.599656829747269,-11.629341699084,32.1));
#9437=CARTESIAN_POINT('Ctrl Pts',(0.599656829747269,-11.629341699084,32.1));
#9438=CARTESIAN_POINT('Ctrl Pts',(0.539800163449448,-11.6655397642285,32.1));
#9439=CARTESIAN_POINT('Ctrl Pts',(0.415846751088799,-11.7405000647769,32.1));
#9440=CARTESIAN_POINT('Ctrl Pts',(0.271052369035293,-11.7490618857017,32.1));
#9441=CARTESIAN_POINT('Ctrl Pts',(0.196178684147904,-11.7534892334545,32.1));
#9442=CARTESIAN_POINT('',(0.599656829747269,-11.629341699084,31.6));
#9443=CARTESIAN_POINT('Ctrl Pts',(0.864663848790238,-11.2330256476009,31.6));
#9444=CARTESIAN_POINT('Ctrl Pts',(0.864663848790238,-11.2330256476009,32.1));
#9445=CARTESIAN_POINT('Ctrl Pts',(0.831980444762591,-11.315341798479,31.6));
#9446=CARTESIAN_POINT('Ctrl Pts',(0.831980444762591,-11.315341798479,32.1));
#9447=CARTESIAN_POINT('Ctrl Pts',(0.771834522230684,-11.4668248211669,31.6));
#9448=CARTESIAN_POINT('Ctrl Pts',(0.771834522230684,-11.4668248211669,32.1));
#9449=CARTESIAN_POINT('Ctrl Pts',(0.65362917544732,-11.5783977179532,31.6));
#9450=CARTESIAN_POINT('Ctrl Pts',(0.65362917544732,-11.5783977179532,32.1));
#9451=CARTESIAN_POINT('Ctrl Pts',(0.599656829747269,-11.629341699084,31.6));
#9452=CARTESIAN_POINT('Ctrl Pts',(0.599656829747269,-11.629341699084,32.1));
#9453=CARTESIAN_POINT('Ctrl Pts',(0.599656829747269,-11.629341699084,31.6));
#9454=CARTESIAN_POINT('Ctrl Pts',(0.65362917544732,-11.5783977179532,31.6));
#9455=CARTESIAN_POINT('Ctrl Pts',(0.771834522230684,-11.4668248211669,31.6));
#9456=CARTESIAN_POINT('Ctrl Pts',(0.831980444762591,-11.315341798479,31.6));
#9457=CARTESIAN_POINT('Ctrl Pts',(0.864663848790238,-11.2330256476009,31.6));
#9458=CARTESIAN_POINT('Ctrl Pts',(0.864663848790238,-11.2330256476009,32.1));
#9459=CARTESIAN_POINT('Ctrl Pts',(0.831980444762591,-11.315341798479,32.1));
#9460=CARTESIAN_POINT('Ctrl Pts',(0.771834522230684,-11.4668248211669,32.1));
#9461=CARTESIAN_POINT('Ctrl Pts',(0.65362917544732,-11.5783977179532,32.1));
#9462=CARTESIAN_POINT('Ctrl Pts',(0.599656829747269,-11.629341699084,32.1));
#9463=CARTESIAN_POINT('Origin',(0.119780132683824,-10.7841853870952,32.1));
#9464=CARTESIAN_POINT('Origin',(0.119780132683824,-10.7841853870952,31.6));
#9465=CARTESIAN_POINT('Origin',(7.31316281309993,-11.6770909800136,31.6));
#9466=CARTESIAN_POINT('',(7.31316281309993,-12.0495329870784,31.6));
#9467=CARTESIAN_POINT('',(7.31316281309993,-11.6770909800136,31.6));
#9468=CARTESIAN_POINT('',(7.31316281309993,-12.0495329870784,31.6));
#9469=CARTESIAN_POINT('',(7.31316281309993,-12.0495329870784,32.1));
#9470=CARTESIAN_POINT('',(7.31316281309993,-12.0495329870784,31.6));
#9471=CARTESIAN_POINT('',(7.31316281309993,-11.6770909800136,32.1));
#9472=CARTESIAN_POINT('',(7.31316281309993,-12.0495329870784,32.1));
#9473=CARTESIAN_POINT('',(7.31316281309993,-11.6770909800136,31.6));
#9474=CARTESIAN_POINT('Ctrl Pts',(6.50859309187801,-12.1068315281475,31.6));
#9475=CARTESIAN_POINT('Ctrl Pts',(6.50859309187801,-12.1068315281475,32.1));
#9476=CARTESIAN_POINT('Ctrl Pts',(6.66962214745509,-12.0883796809396,31.6));
#9477=CARTESIAN_POINT('Ctrl Pts',(6.66962214745509,-12.0883796809396,32.1));
#9478=CARTESIAN_POINT('Ctrl Pts',(6.99418348951083,-12.0511891486364,31.6));
#9479=CARTESIAN_POINT('Ctrl Pts',(6.99418348951083,-12.0511891486364,32.1));
#9480=CARTESIAN_POINT('Ctrl Pts',(7.20629106744209,-11.80242990129,31.6));
#9481=CARTESIAN_POINT('Ctrl Pts',(7.20629106744209,-11.80242990129,32.1));
#9482=CARTESIAN_POINT('Ctrl Pts',(7.31316281309993,-11.6770909800136,31.6));
#9483=CARTESIAN_POINT('Ctrl Pts',(7.31316281309993,-11.6770909800136,32.1));
#9484=CARTESIAN_POINT('',(6.50859309187801,-12.1068315281475,31.6));
#9485=CARTESIAN_POINT('Ctrl Pts',(7.31316281309993,-11.6770909800136,31.6));
#9486=CARTESIAN_POINT('Ctrl Pts',(7.20629106744209,-11.80242990129,31.6));
#9487=CARTESIAN_POINT('Ctrl Pts',(6.99418348951083,-12.0511891486364,31.6));
#9488=CARTESIAN_POINT('Ctrl Pts',(6.66962214745509,-12.0883796809396,31.6));
#9489=CARTESIAN_POINT('Ctrl Pts',(6.50859309187801,-12.1068315281475,31.6));
#9490=CARTESIAN_POINT('',(6.50859309187801,-12.1068315281475,32.1));
#9491=CARTESIAN_POINT('Ctrl Pts',(6.50859309187801,-12.1068315281475,32.1));
#9492=CARTESIAN_POINT('Ctrl Pts',(6.66962214745509,-12.0883796809396,32.1));
#9493=CARTESIAN_POINT('Ctrl Pts',(6.99418348951083,-12.0511891486364,32.1));
#9494=CARTESIAN_POINT('Ctrl Pts',(7.20629106744209,-11.80242990129,32.1));
#9495=CARTESIAN_POINT('Ctrl Pts',(7.31316281309993,-11.6770909800136,32.1));
#9496=CARTESIAN_POINT('',(6.50859309187801,-12.1068315281475,31.6));
#9497=CARTESIAN_POINT('Ctrl Pts',(6.08959628096492,-12.0208834185207,31.6));
#9498=CARTESIAN_POINT('Ctrl Pts',(6.08959628096492,-12.0208834185207,32.1));
#9499=CARTESIAN_POINT('Ctrl Pts',(6.15620220861915,-12.0459503390107,31.6));
#9500=CARTESIAN_POINT('Ctrl Pts',(6.15620220861915,-12.0459503390107,32.1));
#9501=CARTESIAN_POINT('Ctrl Pts',(6.29128273813362,-12.0967874493452,31.6));
#9502=CARTESIAN_POINT('Ctrl Pts',(6.29128273813362,-12.0967874493452,32.1));
#9503=CARTESIAN_POINT('Ctrl Pts',(6.43549132405589,-12.1034527663722,31.6));
#9504=CARTESIAN_POINT('Ctrl Pts',(6.43549132405589,-12.1034527663722,32.1));
#9505=CARTESIAN_POINT('Ctrl Pts',(6.50859309187801,-12.1068315281475,31.6));
#9506=CARTESIAN_POINT('Ctrl Pts',(6.50859309187801,-12.1068315281475,32.1));
#9507=CARTESIAN_POINT('',(6.08959628096492,-12.0208834185207,31.6));
#9508=CARTESIAN_POINT('Ctrl Pts',(6.50859309187801,-12.1068315281475,31.6));
#9509=CARTESIAN_POINT('Ctrl Pts',(6.43549132405589,-12.1034527663722,31.6));
#9510=CARTESIAN_POINT('Ctrl Pts',(6.29128273813362,-12.0967874493452,31.6));
#9511=CARTESIAN_POINT('Ctrl Pts',(6.15620220861915,-12.0459503390107,31.6));
#9512=CARTESIAN_POINT('Ctrl Pts',(6.08959628096492,-12.0208834185207,31.6));
#9513=CARTESIAN_POINT('',(6.08959628096492,-12.0208834185207,32.1));
#9514=CARTESIAN_POINT('Ctrl Pts',(6.08959628096492,-12.0208834185207,32.1));
#9515=CARTESIAN_POINT('Ctrl Pts',(6.15620220861915,-12.0459503390107,32.1));
#9516=CARTESIAN_POINT('Ctrl Pts',(6.29128273813362,-12.0967874493452,32.1));
#9517=CARTESIAN_POINT('Ctrl Pts',(6.43549132405589,-12.1034527663722,32.1));
#9518=CARTESIAN_POINT('Ctrl Pts',(6.50859309187801,-12.1068315281475,32.1));
#9519=CARTESIAN_POINT('',(6.08959628096492,-12.0208834185207,31.6));
#9520=CARTESIAN_POINT('Ctrl Pts',(5.80071402541072,-11.8048195614421,31.6));
#9521=CARTESIAN_POINT('Ctrl Pts',(5.80071402541072,-11.8048195614421,32.1));
#9522=CARTESIAN_POINT('Ctrl Pts',(5.83842205460796,-11.8472397910686,31.6));
#9523=CARTESIAN_POINT('Ctrl Pts',(5.83842205460796,-11.8472397910686,32.1));
#9524=CARTESIAN_POINT('Ctrl Pts',(5.91980689067165,-11.9387949189135,31.6));
#9525=CARTESIAN_POINT('Ctrl Pts',(5.91980689067165,-11.9387949189135,32.1));
#9526=CARTESIAN_POINT('Ctrl Pts',(6.03029865593728,-11.9922146479904,31.6));
#9527=CARTESIAN_POINT('Ctrl Pts',(6.03029865593728,-11.9922146479904,32.1));
#9528=CARTESIAN_POINT('Ctrl Pts',(6.08959628096492,-12.0208834185207,31.6));
#9529=CARTESIAN_POINT('Ctrl Pts',(6.08959628096492,-12.0208834185207,32.1));
#9530=CARTESIAN_POINT('',(5.80071402541072,-11.8048195614421,31.6));
#9531=CARTESIAN_POINT('Ctrl Pts',(6.08959628096492,-12.0208834185207,31.6));
#9532=CARTESIAN_POINT('Ctrl Pts',(6.03029865593728,-11.9922146479904,31.6));
#9533=CARTESIAN_POINT('Ctrl Pts',(5.91980689067165,-11.9387949189135,31.6));
#9534=CARTESIAN_POINT('Ctrl Pts',(5.83842205460796,-11.8472397910686,31.6));
#9535=CARTESIAN_POINT('Ctrl Pts',(5.80071402541072,-11.8048195614421,31.6));
#9536=CARTESIAN_POINT('',(5.80071402541072,-11.8048195614421,32.1));
#9537=CARTESIAN_POINT('Ctrl Pts',(5.80071402541072,-11.8048195614421,32.1));
#9538=CARTESIAN_POINT('Ctrl Pts',(5.83842205460796,-11.8472397910686,32.1));
#9539=CARTESIAN_POINT('Ctrl Pts',(5.91980689067165,-11.9387949189135,32.1));
#9540=CARTESIAN_POINT('Ctrl Pts',(6.03029865593728,-11.9922146479904,32.1));
#9541=CARTESIAN_POINT('Ctrl Pts',(6.08959628096492,-12.0208834185207,32.1));
#9542=CARTESIAN_POINT('',(5.80071402541072,-11.8048195614421,31.6));
#9543=CARTESIAN_POINT('Ctrl Pts',(5.66821051588924,-11.4860950483882,31.6));
#9544=CARTESIAN_POINT('Ctrl Pts',(5.66821051588924,-11.4860950483882,32.1));
#9545=CARTESIAN_POINT('Ctrl Pts',(5.68248980092915,-11.5454095284139,31.6));
#9546=CARTESIAN_POINT('Ctrl Pts',(5.68248980092915,-11.5454095284139,32.1));
#9547=CARTESIAN_POINT('Ctrl Pts',(5.70977938739134,-11.6587672789311,31.6));
#9548=CARTESIAN_POINT('Ctrl Pts',(5.70977938739134,-11.6587672789311,32.1));
#9549=CARTESIAN_POINT('Ctrl Pts',(5.77135694497046,-11.7576684570935,31.6));
#9550=CARTESIAN_POINT('Ctrl Pts',(5.77135694497046,-11.7576684570935,32.1));
#9551=CARTESIAN_POINT('Ctrl Pts',(5.80071402541072,-11.8048195614421,31.6));
#9552=CARTESIAN_POINT('Ctrl Pts',(5.80071402541072,-11.8048195614421,32.1));
#9553=CARTESIAN_POINT('',(5.66821051588924,-11.4860950483882,31.6));
#9554=CARTESIAN_POINT('Ctrl Pts',(5.80071402541072,-11.8048195614421,31.6));
#9555=CARTESIAN_POINT('Ctrl Pts',(5.77135694497046,-11.7576684570935,31.6));
#9556=CARTESIAN_POINT('Ctrl Pts',(5.70977938739134,-11.6587672789311,31.6));
#9557=CARTESIAN_POINT('Ctrl Pts',(5.68248980092915,-11.5454095284139,31.6));
#9558=CARTESIAN_POINT('Ctrl Pts',(5.66821051588924,-11.4860950483882,31.6));
#9559=CARTESIAN_POINT('',(5.66821051588924,-11.4860950483882,32.1));
#9560=CARTESIAN_POINT('Ctrl Pts',(5.66821051588924,-11.4860950483882,32.1));
#9561=CARTESIAN_POINT('Ctrl Pts',(5.68248980092915,-11.5454095284139,32.1));
#9562=CARTESIAN_POINT('Ctrl Pts',(5.70977938739134,-11.6587672789311,32.1));
#9563=CARTESIAN_POINT('Ctrl Pts',(5.77135694497046,-11.7576684570935,32.1));
#9564=CARTESIAN_POINT('Ctrl Pts',(5.80071402541072,-11.8048195614421,32.1));
#9565=CARTESIAN_POINT('',(5.66821051588924,-11.4860950483882,31.6));
#9566=CARTESIAN_POINT('Ctrl Pts',(5.6419487094012,-11.0850034727657,31.6));
#9567=CARTESIAN_POINT('Ctrl Pts',(5.6419487094012,-11.0850034727657,32.1));
#9568=CARTESIAN_POINT('Ctrl Pts',(5.64198669453544,-11.1643461412232,31.6));
#9569=CARTESIAN_POINT('Ctrl Pts',(5.64198669453544,-11.1643461412232,32.1));
#9570=CARTESIAN_POINT('Ctrl Pts',(5.64205100912912,-11.2986853132338,31.6));
#9571=CARTESIAN_POINT('Ctrl Pts',(5.64205100912912,-11.2986853132338,32.1));
#9572=CARTESIAN_POINT('Ctrl Pts',(5.6606119404903,-11.4316579744738,31.6));
#9573=CARTESIAN_POINT('Ctrl Pts',(5.6606119404903,-11.4316579744738,32.1));
#9574=CARTESIAN_POINT('Ctrl Pts',(5.66821051588924,-11.4860950483882,31.6));
#9575=CARTESIAN_POINT('Ctrl Pts',(5.66821051588924,-11.4860950483882,32.1));
#9576=CARTESIAN_POINT('',(5.6419487094012,-11.0850034727657,31.6));
#9577=CARTESIAN_POINT('Ctrl Pts',(5.66821051588924,-11.4860950483882,31.6));
#9578=CARTESIAN_POINT('Ctrl Pts',(5.6606119404903,-11.4316579744738,31.6));
#9579=CARTESIAN_POINT('Ctrl Pts',(5.64205100912912,-11.2986853132338,31.6));
#9580=CARTESIAN_POINT('Ctrl Pts',(5.64198669453544,-11.1643461412232,31.6));
#9581=CARTESIAN_POINT('Ctrl Pts',(5.6419487094012,-11.0850034727657,31.6));
#9582=CARTESIAN_POINT('',(5.6419487094012,-11.0850034727657,32.1));
#9583=CARTESIAN_POINT('Ctrl Pts',(5.6419487094012,-11.0850034727657,32.1));
#9584=CARTESIAN_POINT('Ctrl Pts',(5.64198669453544,-11.1643461412232,32.1));
#9585=CARTESIAN_POINT('Ctrl Pts',(5.64205100912912,-11.2986853132338,32.1));
#9586=CARTESIAN_POINT('Ctrl Pts',(5.6606119404903,-11.4316579744738,32.1));
#9587=CARTESIAN_POINT('Ctrl Pts',(5.66821051588924,-11.4860950483882,32.1));
#9588=CARTESIAN_POINT('',(5.6419487094012,-11.0850034727657,31.6));
#9589=CARTESIAN_POINT('Origin',(5.6419487094012,-9.51406226297259,31.6));
#9590=CARTESIAN_POINT('',(5.6419487094012,-9.51406226297259,31.6));
#9591=CARTESIAN_POINT('',(5.6419487094012,-11.0850034727657,31.6));
#9592=CARTESIAN_POINT('',(5.6419487094012,-9.51406226297259,32.1));
#9593=CARTESIAN_POINT('',(5.6419487094012,-11.0850034727657,32.1));
#9594=CARTESIAN_POINT('',(5.6419487094012,-9.51406226297259,31.6));
#9595=CARTESIAN_POINT('Origin',(6.0716886614886,-9.51406226297259,31.6));
#9596=CARTESIAN_POINT('',(6.0716886614886,-9.51406226297259,31.6));
#9597=CARTESIAN_POINT('',(5.6419487094012,-9.51406226297259,31.6));
#9598=CARTESIAN_POINT('',(6.0716886614886,-9.51406226297259,32.1));
#9599=CARTESIAN_POINT('',(5.6419487094012,-9.51406226297259,32.1));
#9600=CARTESIAN_POINT('',(6.0716886614886,-9.51406226297259,31.6));
#9601=CARTESIAN_POINT('Origin',(6.0716886614886,-10.9202699436748,31.6));
#9602=CARTESIAN_POINT('',(6.0716886614886,-10.9202699436748,31.6));
#9603=CARTESIAN_POINT('',(6.0716886614886,-9.51406226297259,31.6));
#9604=CARTESIAN_POINT('',(6.0716886614886,-10.9202699436748,32.1));
#9605=CARTESIAN_POINT('',(6.0716886614886,-9.51406226297259,32.1));
#9606=CARTESIAN_POINT('',(6.0716886614886,-10.9202699436748,31.6));
#9607=CARTESIAN_POINT('Ctrl Pts',(6.09795046797664,-11.3738851322734,31.6));
#9608=CARTESIAN_POINT('Ctrl Pts',(6.09795046797664,-11.3738851322734,32.1));
#9609=CARTESIAN_POINT('Ctrl Pts',(6.09039205191981,-11.316654722751,31.6));
#9610=CARTESIAN_POINT('Ctrl Pts',(6.09039205191981,-11.316654722751,32.1));
#9611=CARTESIAN_POINT('Ctrl Pts',(6.070523403918,-11.16621435889,31.6));
#9612=CARTESIAN_POINT('Ctrl Pts',(6.070523403918,-11.16621435889,32.1));
#9613=CARTESIAN_POINT('Ctrl Pts',(6.07124288491113,-11.0143575191864,31.6));
#9614=CARTESIAN_POINT('Ctrl Pts',(6.07124288491113,-11.0143575191864,32.1));
#9615=CARTESIAN_POINT('Ctrl Pts',(6.0716886614886,-10.9202699436748,31.6));
#9616=CARTESIAN_POINT('Ctrl Pts',(6.0716886614886,-10.9202699436748,32.1));
#9617=CARTESIAN_POINT('',(6.09795046797664,-11.3738851322734,31.6));
#9618=CARTESIAN_POINT('Ctrl Pts',(6.0716886614886,-10.9202699436748,31.6));
#9619=CARTESIAN_POINT('Ctrl Pts',(6.07124288491113,-11.0143575191864,31.6));
#9620=CARTESIAN_POINT('Ctrl Pts',(6.070523403918,-11.16621435889,31.6));
#9621=CARTESIAN_POINT('Ctrl Pts',(6.09039205191981,-11.316654722751,31.6));
#9622=CARTESIAN_POINT('Ctrl Pts',(6.09795046797664,-11.3738851322734,31.6));
#9623=CARTESIAN_POINT('',(6.09795046797664,-11.3738851322734,32.1));
#9624=CARTESIAN_POINT('Ctrl Pts',(6.09795046797664,-11.3738851322734,32.1));
#9625=CARTESIAN_POINT('Ctrl Pts',(6.09039205191981,-11.316654722751,32.1));
#9626=CARTESIAN_POINT('Ctrl Pts',(6.070523403918,-11.16621435889,32.1));
#9627=CARTESIAN_POINT('Ctrl Pts',(6.07124288491113,-11.0143575191864,32.1));
#9628=CARTESIAN_POINT('Ctrl Pts',(6.0716886614886,-10.9202699436748,32.1));
#9629=CARTESIAN_POINT('',(6.09795046797664,-11.3738851322734,31.6));
#9630=CARTESIAN_POINT('Ctrl Pts',(6.26984787932307,-11.6400854363048,31.6));
#9631=CARTESIAN_POINT('Ctrl Pts',(6.26984787932307,-11.6400854363048,32.1));
#9632=CARTESIAN_POINT('Ctrl Pts',(6.22974188852535,-11.6043215127715,31.6));
#9633=CARTESIAN_POINT('Ctrl Pts',(6.22974188852535,-11.6043215127715,32.1));
#9634=CARTESIAN_POINT('Ctrl Pts',(6.14803776179792,-11.5314630673743,31.6));
#9635=CARTESIAN_POINT('Ctrl Pts',(6.14803776179792,-11.5314630673743,32.1));
#9636=CARTESIAN_POINT('Ctrl Pts',(6.11484827675832,-11.4270467549606,31.6));
#9637=CARTESIAN_POINT('Ctrl Pts',(6.11484827675832,-11.4270467549606,32.1));
#9638=CARTESIAN_POINT('Ctrl Pts',(6.09795046797664,-11.3738851322734,31.6));
#9639=CARTESIAN_POINT('Ctrl Pts',(6.09795046797664,-11.3738851322734,32.1));
#9640=CARTESIAN_POINT('',(6.26984787932307,-11.6400854363048,31.6));
#9641=CARTESIAN_POINT('Ctrl Pts',(6.09795046797664,-11.3738851322734,31.6));
#9642=CARTESIAN_POINT('Ctrl Pts',(6.11484827675832,-11.4270467549606,31.6));
#9643=CARTESIAN_POINT('Ctrl Pts',(6.14803776179792,-11.5314630673743,31.6));
#9644=CARTESIAN_POINT('Ctrl Pts',(6.22974188852535,-11.6043215127715,31.6));
#9645=CARTESIAN_POINT('Ctrl Pts',(6.26984787932307,-11.6400854363048,31.6));
#9646=CARTESIAN_POINT('',(6.26984787932307,-11.6400854363048,32.1));
#9647=CARTESIAN_POINT('Ctrl Pts',(6.26984787932307,-11.6400854363048,32.1));
#9648=CARTESIAN_POINT('Ctrl Pts',(6.22974188852535,-11.6043215127715,32.1));
#9649=CARTESIAN_POINT('Ctrl Pts',(6.14803776179792,-11.5314630673743,32.1));
#9650=CARTESIAN_POINT('Ctrl Pts',(6.11484827675832,-11.4270467549606,32.1));
#9651=CARTESIAN_POINT('Ctrl Pts',(6.09795046797664,-11.3738851322734,32.1));
#9652=CARTESIAN_POINT('',(6.26984787932307,-11.6400854363048,31.6));
#9653=CARTESIAN_POINT('Ctrl Pts',(6.59454060545833,-11.7367772831523,31.6));
#9654=CARTESIAN_POINT('Ctrl Pts',(6.59454060545833,-11.7367772831523,32.1));
#9655=CARTESIAN_POINT('Ctrl Pts',(6.53377718027394,-11.7335408316927,31.6));
#9656=CARTESIAN_POINT('Ctrl Pts',(6.53377718027394,-11.7335408316927,32.1));
#9657=CARTESIAN_POINT('Ctrl Pts',(6.41757851604005,-11.7273517247533,31.6));
#9658=CARTESIAN_POINT('Ctrl Pts',(6.41757851604005,-11.7273517247533,32.1));
#9659=CARTESIAN_POINT('Ctrl Pts',(6.31756271307488,-11.6682711704084,31.6));
#9660=CARTESIAN_POINT('Ctrl Pts',(6.31756271307488,-11.6682711704084,32.1));
#9661=CARTESIAN_POINT('Ctrl Pts',(6.26984787932307,-11.6400854363048,31.6));
#9662=CARTESIAN_POINT('Ctrl Pts',(6.26984787932307,-11.6400854363048,32.1));
#9663=CARTESIAN_POINT('',(6.59454060545833,-11.7367772831523,31.6));
#9664=CARTESIAN_POINT('Ctrl Pts',(6.26984787932307,-11.6400854363048,31.6));
#9665=CARTESIAN_POINT('Ctrl Pts',(6.31756271307488,-11.6682711704084,31.6));
#9666=CARTESIAN_POINT('Ctrl Pts',(6.41757851604005,-11.7273517247533,31.6));
#9667=CARTESIAN_POINT('Ctrl Pts',(6.53377718027394,-11.7335408316927,31.6));
#9668=CARTESIAN_POINT('Ctrl Pts',(6.59454060545833,-11.7367772831523,31.6));
#9669=CARTESIAN_POINT('',(6.59454060545833,-11.7367772831523,32.1));
#9670=CARTESIAN_POINT('Ctrl Pts',(6.59454060545833,-11.7367772831523,32.1));
#9671=CARTESIAN_POINT('Ctrl Pts',(6.53377718027394,-11.7335408316927,32.1));
#9672=CARTESIAN_POINT('Ctrl Pts',(6.41757851604005,-11.7273517247533,32.1));
#9673=CARTESIAN_POINT('Ctrl Pts',(6.31756271307488,-11.6682711704084,32.1));
#9674=CARTESIAN_POINT('Ctrl Pts',(6.26984787932307,-11.6400854363048,32.1));
#9675=CARTESIAN_POINT('',(6.59454060545833,-11.7367772831523,31.6));
#9676=CARTESIAN_POINT('Ctrl Pts',(6.95743275633723,-11.6376982702816,31.6));
#9677=CARTESIAN_POINT('Ctrl Pts',(6.95743275633723,-11.6376982702816,32.1));
#9678=CARTESIAN_POINT('Ctrl Pts',(6.90006502114042,-11.6665961084436,31.6));
#9679=CARTESIAN_POINT('Ctrl Pts',(6.90006502114042,-11.6665961084436,32.1));
#9680=CARTESIAN_POINT('Ctrl Pts',(6.78578652286815,-11.7241615942892,31.6));
#9681=CARTESIAN_POINT('Ctrl Pts',(6.78578652286815,-11.7241615942892,32.1));
#9682=CARTESIAN_POINT('Ctrl Pts',(6.65811907416117,-11.7325832789591,31.6));
#9683=CARTESIAN_POINT('Ctrl Pts',(6.65811907416117,-11.7325832789591,32.1));
#9684=CARTESIAN_POINT('Ctrl Pts',(6.59454060545833,-11.7367772831523,31.6));
#9685=CARTESIAN_POINT('Ctrl Pts',(6.59454060545833,-11.7367772831523,32.1));
#9686=CARTESIAN_POINT('',(6.95743275633723,-11.6376982702816,31.6));
#9687=CARTESIAN_POINT('Ctrl Pts',(6.59454060545833,-11.7367772831523,31.6));
#9688=CARTESIAN_POINT('Ctrl Pts',(6.65811907416117,-11.7325832789591,31.6));
#9689=CARTESIAN_POINT('Ctrl Pts',(6.78578652286815,-11.7241615942892,31.6));
#9690=CARTESIAN_POINT('Ctrl Pts',(6.90006502114042,-11.6665961084436,31.6));
#9691=CARTESIAN_POINT('Ctrl Pts',(6.95743275633723,-11.6376982702816,31.6));
#9692=CARTESIAN_POINT('',(6.95743275633723,-11.6376982702816,32.1));
#9693=CARTESIAN_POINT('Ctrl Pts',(6.95743275633723,-11.6376982702816,32.1));
#9694=CARTESIAN_POINT('Ctrl Pts',(6.90006502114042,-11.6665961084436,32.1));
#9695=CARTESIAN_POINT('Ctrl Pts',(6.78578652286815,-11.7241615942892,32.1));
#9696=CARTESIAN_POINT('Ctrl Pts',(6.65811907416117,-11.7325832789591,32.1));
#9697=CARTESIAN_POINT('Ctrl Pts',(6.59454060545833,-11.7367772831523,32.1));
#9698=CARTESIAN_POINT('',(6.95743275633723,-11.6376982702816,31.6));
#9699=CARTESIAN_POINT('Ctrl Pts',(7.19737244597346,-11.3679163231456,31.6));
#9700=CARTESIAN_POINT('Ctrl Pts',(7.19737244597346,-11.3679163231456,32.1));
#9701=CARTESIAN_POINT('Ctrl Pts',(7.16931135497985,-11.4220965363887,31.6));
#9702=CARTESIAN_POINT('Ctrl Pts',(7.16931135497985,-11.4220965363887,32.1));
#9703=CARTESIAN_POINT('Ctrl Pts',(7.11224203591885,-11.5322856903695,31.6));
#9704=CARTESIAN_POINT('Ctrl Pts',(7.11224203591885,-11.5322856903695,32.1));
#9705=CARTESIAN_POINT('Ctrl Pts',(7.00960365384613,-11.6021741148976,31.6));
#9706=CARTESIAN_POINT('Ctrl Pts',(7.00960365384613,-11.6021741148976,32.1));
#9707=CARTESIAN_POINT('Ctrl Pts',(6.95743275633723,-11.6376982702816,31.6));
#9708=CARTESIAN_POINT('Ctrl Pts',(6.95743275633723,-11.6376982702816,32.1));
#9709=CARTESIAN_POINT('',(7.19737244597346,-11.3679163231456,31.6));
#9710=CARTESIAN_POINT('Ctrl Pts',(6.95743275633723,-11.6376982702816,31.6));
#9711=CARTESIAN_POINT('Ctrl Pts',(7.00960365384613,-11.6021741148976,31.6));
#9712=CARTESIAN_POINT('Ctrl Pts',(7.11224203591885,-11.5322856903695,31.6));
#9713=CARTESIAN_POINT('Ctrl Pts',(7.16931135497985,-11.4220965363887,31.6));
#9714=CARTESIAN_POINT('Ctrl Pts',(7.19737244597346,-11.3679163231456,31.6));
#9715=CARTESIAN_POINT('',(7.19737244597346,-11.3679163231456,32.1));
#9716=CARTESIAN_POINT('Ctrl Pts',(7.19737244597346,-11.3679163231456,32.1));
#9717=CARTESIAN_POINT('Ctrl Pts',(7.16931135497985,-11.4220965363887,32.1));
#9718=CARTESIAN_POINT('Ctrl Pts',(7.11224203591885,-11.5322856903695,32.1));
#9719=CARTESIAN_POINT('Ctrl Pts',(7.00960365384613,-11.6021741148976,32.1));
#9720=CARTESIAN_POINT('Ctrl Pts',(6.95743275633723,-11.6376982702816,32.1));
#9721=CARTESIAN_POINT('',(7.19737244597346,-11.3679163231456,31.6));
#9722=CARTESIAN_POINT('Ctrl Pts',(7.26780129424007,-10.8725206627452,31.6));
#9723=CARTESIAN_POINT('Ctrl Pts',(7.26780129424007,-10.8725206627452,32.1));
#9724=CARTESIAN_POINT('Ctrl Pts',(7.26693355865274,-10.9686974080696,31.6));
#9725=CARTESIAN_POINT('Ctrl Pts',(7.26693355865274,-10.9686974080696,32.1));
#9726=CARTESIAN_POINT('Ctrl Pts',(7.26541286178564,-11.1372460736296,31.6));
#9727=CARTESIAN_POINT('Ctrl Pts',(7.26541286178564,-11.1372460736296,32.1));
#9728=CARTESIAN_POINT('Ctrl Pts',(7.21781161072852,-11.2986235773905,31.6));
#9729=CARTESIAN_POINT('Ctrl Pts',(7.21781161072852,-11.2986235773905,32.1));
#9730=CARTESIAN_POINT('Ctrl Pts',(7.19737244597346,-11.3679163231456,31.6));
#9731=CARTESIAN_POINT('Ctrl Pts',(7.19737244597346,-11.3679163231456,32.1));
#9732=CARTESIAN_POINT('',(7.26780129424007,-10.8725206627452,31.6));
#9733=CARTESIAN_POINT('Ctrl Pts',(7.19737244597346,-11.3679163231456,31.6));
#9734=CARTESIAN_POINT('Ctrl Pts',(7.21781161072852,-11.2986235773905,31.6));
#9735=CARTESIAN_POINT('Ctrl Pts',(7.26541286178564,-11.1372460736296,31.6));
#9736=CARTESIAN_POINT('Ctrl Pts',(7.26693355865274,-10.9686974080696,31.6));
#9737=CARTESIAN_POINT('Ctrl Pts',(7.26780129424007,-10.8725206627452,31.6));
#9738=CARTESIAN_POINT('',(7.26780129424007,-10.8725206627452,32.1));
#9739=CARTESIAN_POINT('Ctrl Pts',(7.26780129424007,-10.8725206627452,32.1));
#9740=CARTESIAN_POINT('Ctrl Pts',(7.26693355865274,-10.9686974080696,32.1));
#9741=CARTESIAN_POINT('Ctrl Pts',(7.26541286178564,-11.1372460736296,32.1));
#9742=CARTESIAN_POINT('Ctrl Pts',(7.21781161072852,-11.2986235773905,32.1));
#9743=CARTESIAN_POINT('Ctrl Pts',(7.19737244597346,-11.3679163231456,32.1));
#9744=CARTESIAN_POINT('',(7.26780129424007,-10.8725206627452,31.6));
#9745=CARTESIAN_POINT('Origin',(7.26780129424007,-9.51406226297259,31.6));
#9746=CARTESIAN_POINT('',(7.26780129424007,-9.51406226297259,31.6));
#9747=CARTESIAN_POINT('',(7.26780129424007,-10.8725206627452,31.6));
#9748=CARTESIAN_POINT('',(7.26780129424007,-9.51406226297259,32.1));
#9749=CARTESIAN_POINT('',(7.26780129424007,-10.8725206627452,32.1));
#9750=CARTESIAN_POINT('',(7.26780129424007,-9.51406226297259,31.6));
#9751=CARTESIAN_POINT('Origin',(7.69754124632747,-9.51406226297259,31.6));
#9752=CARTESIAN_POINT('',(7.69754124632747,-9.51406226297259,31.6));
#9753=CARTESIAN_POINT('',(7.26780129424007,-9.51406226297259,31.6));
#9754=CARTESIAN_POINT('',(7.69754124632747,-9.51406226297259,32.1));
#9755=CARTESIAN_POINT('',(7.26780129424007,-9.51406226297259,32.1));
#9756=CARTESIAN_POINT('',(7.69754124632747,-9.51406226297259,31.6));
#9757=CARTESIAN_POINT('Origin',(7.69754124632747,-12.0495329870784,31.6));
#9758=CARTESIAN_POINT('',(7.69754124632747,-12.0495329870784,31.6));
#9759=CARTESIAN_POINT('',(7.69754124632747,-9.51406226297259,31.6));
#9760=CARTESIAN_POINT('',(7.69754124632747,-12.0495329870784,32.1));
#9761=CARTESIAN_POINT('',(7.69754124632747,-9.51406226297259,32.1));
#9762=CARTESIAN_POINT('',(7.69754124632747,-12.0495329870784,31.6));
#9763=CARTESIAN_POINT('Origin',(7.31316281309993,-12.0495329870784,31.6));
#9764=CARTESIAN_POINT('',(7.69754124632747,-12.0495329870784,31.6));
#9765=CARTESIAN_POINT('',(7.69754124632747,-12.0495329870784,32.1));
#9766=CARTESIAN_POINT('Origin',(0.119780132683824,-10.7841853870952,32.1));
#9767=CARTESIAN_POINT('Origin',(0.119780132683824,-10.7841853870952,31.6));
#9768=CARTESIAN_POINT('Origin',(11.0853333567706,-9.51406226297259,31.6));
#9769=CARTESIAN_POINT('',(11.0853333567706,-12.0495329870784,31.6));
#9770=CARTESIAN_POINT('',(11.0853333567706,-9.51406226297259,31.6));
#9771=CARTESIAN_POINT('',(11.0853333567706,-12.0495329870784,31.6));
#9772=CARTESIAN_POINT('',(11.0853333567706,-12.0495329870784,32.1));
#9773=CARTESIAN_POINT('',(11.0853333567706,-12.0495329870784,31.6));
#9774=CARTESIAN_POINT('',(11.0853333567706,-9.51406226297259,32.1));
#9775=CARTESIAN_POINT('',(11.0853333567706,-12.0495329870784,32.1));
#9776=CARTESIAN_POINT('',(11.0853333567706,-9.51406226297259,31.6));
#9777=CARTESIAN_POINT('Origin',(11.4721007441607,-9.51406226297259,31.6));
#9778=CARTESIAN_POINT('',(11.4721007441607,-9.51406226297259,31.6));
#9779=CARTESIAN_POINT('',(11.0853333567706,-9.51406226297259,31.6));
#9780=CARTESIAN_POINT('',(11.4721007441607,-9.51406226297259,32.1));
#9781=CARTESIAN_POINT('',(11.0853333567706,-9.51406226297259,32.1));
#9782=CARTESIAN_POINT('',(11.4721007441607,-9.51406226297259,31.6));
#9783=CARTESIAN_POINT('Origin',(11.4721007441607,-9.89844188829303,31.6));
#9784=CARTESIAN_POINT('',(11.4721007441607,-9.89844188829303,31.6));
#9785=CARTESIAN_POINT('',(11.4721007441607,-9.51406226297259,31.6));
#9786=CARTESIAN_POINT('',(11.4721007441607,-9.89844188829303,32.1));
#9787=CARTESIAN_POINT('',(11.4721007441607,-9.51406226297259,32.1));
#9788=CARTESIAN_POINT('',(11.4721007441607,-9.89844188829303,31.6));
#9789=CARTESIAN_POINT('Ctrl Pts',(11.7454619502154,-9.54271183153033,31.6));
#9790=CARTESIAN_POINT('Ctrl Pts',(11.7454619502154,-9.54271183153033,32.1));
#9791=CARTESIAN_POINT('Ctrl Pts',(11.6996465385146,-9.58496601244926,31.6));
#9792=CARTESIAN_POINT('Ctrl Pts',(11.6996465385146,-9.58496601244926,32.1));
#9793=CARTESIAN_POINT('Ctrl Pts',(11.5884619641316,-9.68750821270375,31.6));
#9794=CARTESIAN_POINT('Ctrl Pts',(11.5884619641316,-9.68750821270375,32.1));
#9795=CARTESIAN_POINT('Ctrl Pts',(11.5151835791356,-9.82034352581177,31.6));
#9796=CARTESIAN_POINT('Ctrl Pts',(11.5151835791356,-9.82034352581177,32.1));
#9797=CARTESIAN_POINT('Ctrl Pts',(11.4721007441607,-9.89844188829303,31.6));
#9798=CARTESIAN_POINT('Ctrl Pts',(11.4721007441607,-9.89844188829303,32.1));
#9799=CARTESIAN_POINT('',(11.7454619502154,-9.54271183153033,31.6));
#9800=CARTESIAN_POINT('Ctrl Pts',(11.4721007441607,-9.89844188829303,31.6));
#9801=CARTESIAN_POINT('Ctrl Pts',(11.5151835791356,-9.82034352581177,31.6));
#9802=CARTESIAN_POINT('Ctrl Pts',(11.5884619641316,-9.68750821270375,31.6));
#9803=CARTESIAN_POINT('Ctrl Pts',(11.6996465385146,-9.58496601244926,31.6));
#9804=CARTESIAN_POINT('Ctrl Pts',(11.7454619502154,-9.54271183153033,31.6));
#9805=CARTESIAN_POINT('',(11.7454619502154,-9.54271183153033,32.1));
#9806=CARTESIAN_POINT('Ctrl Pts',(11.7454619502154,-9.54271183153033,32.1));
#9807=CARTESIAN_POINT('Ctrl Pts',(11.6996465385146,-9.58496601244926,32.1));
#9808=CARTESIAN_POINT('Ctrl Pts',(11.5884619641316,-9.68750821270375,32.1));
#9809=CARTESIAN_POINT('Ctrl Pts',(11.5151835791356,-9.82034352581177,32.1));
#9810=CARTESIAN_POINT('Ctrl Pts',(11.4721007441607,-9.89844188829303,32.1));
#9811=CARTESIAN_POINT('',(11.7454619502154,-9.54271183153033,31.6));
#9812=CARTESIAN_POINT('Ctrl Pts',(12.0212144946185,-9.45676372190356,31.6));
#9813=CARTESIAN_POINT('Ctrl Pts',(12.0212144946185,-9.45676372190356,32.1));
#9814=CARTESIAN_POINT('Ctrl Pts',(11.972064612815,-9.46038445578839,31.6));
#9815=CARTESIAN_POINT('Ctrl Pts',(11.972064612815,-9.46038445578839,32.1));
#9816=CARTESIAN_POINT('Ctrl Pts',(11.8734909532533,-9.46764610070453,31.6));
#9817=CARTESIAN_POINT('Ctrl Pts',(11.8734909532533,-9.46764610070453,32.1));
#9818=CARTESIAN_POINT('Ctrl Pts',(11.7882172648164,-9.51764361369644,31.6));
#9819=CARTESIAN_POINT('Ctrl Pts',(11.7882172648164,-9.51764361369644,32.1));
#9820=CARTESIAN_POINT('Ctrl Pts',(11.7454619502154,-9.54271183153033,31.6));
#9821=CARTESIAN_POINT('Ctrl Pts',(11.7454619502154,-9.54271183153033,32.1));
#9822=CARTESIAN_POINT('',(12.0212144946185,-9.45676372190356,31.6));
#9823=CARTESIAN_POINT('Ctrl Pts',(11.7454619502154,-9.54271183153033,31.6));
#9824=CARTESIAN_POINT('Ctrl Pts',(11.7882172648164,-9.51764361369644,31.6));
#9825=CARTESIAN_POINT('Ctrl Pts',(11.8734909532533,-9.46764610070453,31.6));
#9826=CARTESIAN_POINT('Ctrl Pts',(11.972064612815,-9.46038445578839,31.6));
#9827=CARTESIAN_POINT('Ctrl Pts',(12.0212144946185,-9.45676372190356,31.6));
#9828=CARTESIAN_POINT('',(12.0212144946185,-9.45676372190356,32.1));
#9829=CARTESIAN_POINT('Ctrl Pts',(12.0212144946185,-9.45676372190356,32.1));
#9830=CARTESIAN_POINT('Ctrl Pts',(11.972064612815,-9.46038445578839,32.1));
#9831=CARTESIAN_POINT('Ctrl Pts',(11.8734909532533,-9.46764610070453,32.1));
#9832=CARTESIAN_POINT('Ctrl Pts',(11.7882172648164,-9.51764361369644,32.1));
#9833=CARTESIAN_POINT('Ctrl Pts',(11.7454619502154,-9.54271183153033,32.1));
#9834=CARTESIAN_POINT('',(12.0212144946185,-9.45676372190356,31.6));
#9835=CARTESIAN_POINT('Ctrl Pts',(12.4628920649615,-9.59523544450641,31.6));
#9836=CARTESIAN_POINT('Ctrl Pts',(12.4628920649615,-9.59523544450641,32.1));
#9837=CARTESIAN_POINT('Ctrl Pts',(12.3904355482571,-9.55487956607512,31.6));
#9838=CARTESIAN_POINT('Ctrl Pts',(12.3904355482571,-9.55487956607512,32.1));
#9839=CARTESIAN_POINT('Ctrl Pts',(12.2525706825237,-9.47809340501549,31.6));
#9840=CARTESIAN_POINT('Ctrl Pts',(12.2525706825237,-9.47809340501549,32.1));
#9841=CARTESIAN_POINT('Ctrl Pts',(12.0956592575756,-9.46362709226593,31.6));
#9842=CARTESIAN_POINT('Ctrl Pts',(12.0956592575756,-9.46362709226593,32.1));
#9843=CARTESIAN_POINT('Ctrl Pts',(12.0212144946185,-9.45676372190356,31.6));
#9844=CARTESIAN_POINT('Ctrl Pts',(12.0212144946185,-9.45676372190356,32.1));
#9845=CARTESIAN_POINT('',(12.4628920649615,-9.59523544450641,31.6));
#9846=CARTESIAN_POINT('Ctrl Pts',(12.0212144946185,-9.45676372190356,31.6));
#9847=CARTESIAN_POINT('Ctrl Pts',(12.0956592575756,-9.46362709226593,31.6));
#9848=CARTESIAN_POINT('Ctrl Pts',(12.2525706825237,-9.47809340501549,31.6));
#9849=CARTESIAN_POINT('Ctrl Pts',(12.3904355482571,-9.55487956607512,31.6));
#9850=CARTESIAN_POINT('Ctrl Pts',(12.4628920649615,-9.59523544450641,31.6));
#9851=CARTESIAN_POINT('',(12.4628920649615,-9.59523544450641,32.1));
#9852=CARTESIAN_POINT('Ctrl Pts',(12.4628920649615,-9.59523544450641,32.1));
#9853=CARTESIAN_POINT('Ctrl Pts',(12.3904355482571,-9.55487956607512,32.1));
#9854=CARTESIAN_POINT('Ctrl Pts',(12.2525706825237,-9.47809340501549,32.1));
#9855=CARTESIAN_POINT('Ctrl Pts',(12.0956592575756,-9.46362709226593,32.1));
#9856=CARTESIAN_POINT('Ctrl Pts',(12.0212144946185,-9.45676372190356,32.1));
#9857=CARTESIAN_POINT('',(12.4628920649615,-9.59523544450641,31.6));
#9858=CARTESIAN_POINT('Origin',(12.3148698901263,-9.99393985410571,31.6));
#9859=CARTESIAN_POINT('',(12.3148698901263,-9.99393985410571,31.6));
#9860=CARTESIAN_POINT('',(12.4628920649615,-9.59523544450641,31.6));
#9861=CARTESIAN_POINT('',(12.3148698901263,-9.99393985410571,32.1));
#9862=CARTESIAN_POINT('',(12.4628920649615,-9.59523544450641,32.1));
#9863=CARTESIAN_POINT('',(12.3148698901263,-9.99393985410571,31.6));
#9864=CARTESIAN_POINT('Ctrl Pts',(11.9997258280841,-9.90082905431628,31.6));
#9865=CARTESIAN_POINT('Ctrl Pts',(11.9997258280841,-9.90082905431628,32.1));
#9866=CARTESIAN_POINT('Ctrl Pts',(12.053206436135,-9.90528538514293,31.6));
#9867=CARTESIAN_POINT('Ctrl Pts',(12.053206436135,-9.90528538514293,32.1));
#9868=CARTESIAN_POINT('Ctrl Pts',(12.1645564368421,-9.91456374712836,31.6));
#9869=CARTESIAN_POINT('Ctrl Pts',(12.1645564368421,-9.91456374712836,32.1));
#9870=CARTESIAN_POINT('Ctrl Pts',(12.2634659223144,-9.96679493288307,31.6));
#9871=CARTESIAN_POINT('Ctrl Pts',(12.2634659223144,-9.96679493288307,32.1));
#9872=CARTESIAN_POINT('Ctrl Pts',(12.3148698901263,-9.99393985410571,31.6));
#9873=CARTESIAN_POINT('Ctrl Pts',(12.3148698901263,-9.99393985410571,32.1));
#9874=CARTESIAN_POINT('',(11.9997258280841,-9.90082905431628,31.6));
#9875=CARTESIAN_POINT('Ctrl Pts',(12.3148698901263,-9.99393985410571,31.6));
#9876=CARTESIAN_POINT('Ctrl Pts',(12.2634659223144,-9.96679493288307,31.6));
#9877=CARTESIAN_POINT('Ctrl Pts',(12.1645564368421,-9.91456374712836,31.6));
#9878=CARTESIAN_POINT('Ctrl Pts',(12.053206436135,-9.90528538514293,31.6));
#9879=CARTESIAN_POINT('Ctrl Pts',(11.9997258280841,-9.90082905431628,31.6));
#9880=CARTESIAN_POINT('',(11.9997258280841,-9.90082905431628,32.1));
#9881=CARTESIAN_POINT('Ctrl Pts',(11.9997258280841,-9.90082905431628,32.1));
#9882=CARTESIAN_POINT('Ctrl Pts',(12.053206436135,-9.90528538514293,32.1));
#9883=CARTESIAN_POINT('Ctrl Pts',(12.1645564368421,-9.91456374712836,32.1));
#9884=CARTESIAN_POINT('Ctrl Pts',(12.2634659223144,-9.96679493288307,32.1));
#9885=CARTESIAN_POINT('Ctrl Pts',(12.3148698901263,-9.99393985410571,32.1));
#9886=CARTESIAN_POINT('',(11.9997258280841,-9.90082905431628,31.6));
#9887=CARTESIAN_POINT('Ctrl Pts',(11.7466564272967,-9.98558387895465,31.6));
#9888=CARTESIAN_POINT('Ctrl Pts',(11.7466564272967,-9.98558387895465,32.1));
#9889=CARTESIAN_POINT('Ctrl Pts',(11.7852638930671,-9.96086379776884,31.6));
#9890=CARTESIAN_POINT('Ctrl Pts',(11.7852638930671,-9.96086379776884,32.1));
#9891=CARTESIAN_POINT('Ctrl Pts',(11.8625146416919,-9.91140070197737,31.6));
#9892=CARTESIAN_POINT('Ctrl Pts',(11.8625146416919,-9.91140070197737,32.1));
#9893=CARTESIAN_POINT('Ctrl Pts',(11.9539746309011,-9.9043540259269,31.6));
#9894=CARTESIAN_POINT('Ctrl Pts',(11.9539746309011,-9.9043540259269,32.1));
#9895=CARTESIAN_POINT('Ctrl Pts',(11.9997258280841,-9.90082905431628,31.6));
#9896=CARTESIAN_POINT('Ctrl Pts',(11.9997258280841,-9.90082905431628,32.1));
#9897=CARTESIAN_POINT('',(11.7466564272967,-9.98558387895465,31.6));
#9898=CARTESIAN_POINT('Ctrl Pts',(11.9997258280841,-9.90082905431628,31.6));
#9899=CARTESIAN_POINT('Ctrl Pts',(11.9539746309011,-9.9043540259269,31.6));
#9900=CARTESIAN_POINT('Ctrl Pts',(11.8625146416919,-9.91140070197737,31.6));
#9901=CARTESIAN_POINT('Ctrl Pts',(11.7852638930671,-9.96086379776884,31.6));
#9902=CARTESIAN_POINT('Ctrl Pts',(11.7466564272967,-9.98558387895465,31.6));
#9903=CARTESIAN_POINT('',(11.7466564272967,-9.98558387895465,32.1));
#9904=CARTESIAN_POINT('Ctrl Pts',(11.7466564272967,-9.98558387895465,32.1));
#9905=CARTESIAN_POINT('Ctrl Pts',(11.7852638930671,-9.96086379776884,32.1));
#9906=CARTESIAN_POINT('Ctrl Pts',(11.8625146416919,-9.91140070197737,32.1));
#9907=CARTESIAN_POINT('Ctrl Pts',(11.9539746309011,-9.9043540259269,32.1));
#9908=CARTESIAN_POINT('Ctrl Pts',(11.9997258280841,-9.90082905431628,32.1));
#9909=CARTESIAN_POINT('',(11.7466564272967,-9.98558387895465,31.6));
#9910=CARTESIAN_POINT('Ctrl Pts',(11.5866966342059,-10.220747448405,31.6));
#9911=CARTESIAN_POINT('Ctrl Pts',(11.5866966342059,-10.220747448405,32.1));
#9912=CARTESIAN_POINT('Ctrl Pts',(11.6046893188951,-10.1738167997997,31.6));
#9913=CARTESIAN_POINT('Ctrl Pts',(11.6046893188951,-10.1738167997997,32.1));
#9914=CARTESIAN_POINT('Ctrl Pts',(11.639595274848,-10.0827709563721,31.6));
#9915=CARTESIAN_POINT('Ctrl Pts',(11.639595274848,-10.0827709563721,32.1));
#9916=CARTESIAN_POINT('Ctrl Pts',(11.7117127507807,-10.0173047573231,31.6));
#9917=CARTESIAN_POINT('Ctrl Pts',(11.7117127507807,-10.0173047573231,32.1));
#9918=CARTESIAN_POINT('Ctrl Pts',(11.7466564272967,-9.98558387895465,31.6));
#9919=CARTESIAN_POINT('Ctrl Pts',(11.7466564272967,-9.98558387895465,32.1));
#9920=CARTESIAN_POINT('',(11.5866966342059,-10.220747448405,31.6));
#9921=CARTESIAN_POINT('Ctrl Pts',(11.7466564272967,-9.98558387895465,31.6));
#9922=CARTESIAN_POINT('Ctrl Pts',(11.7117127507807,-10.0173047573231,31.6));
#9923=CARTESIAN_POINT('Ctrl Pts',(11.639595274848,-10.0827709563721,31.6));
#9924=CARTESIAN_POINT('Ctrl Pts',(11.6046893188951,-10.1738167997997,31.6));
#9925=CARTESIAN_POINT('Ctrl Pts',(11.5866966342059,-10.220747448405,31.6));
#9926=CARTESIAN_POINT('',(11.5866966342059,-10.220747448405,32.1));
#9927=CARTESIAN_POINT('Ctrl Pts',(11.5866966342059,-10.220747448405,32.1));
#9928=CARTESIAN_POINT('Ctrl Pts',(11.6046893188951,-10.1738167997997,32.1));
#9929=CARTESIAN_POINT('Ctrl Pts',(11.639595274848,-10.0827709563721,32.1));
#9930=CARTESIAN_POINT('Ctrl Pts',(11.7117127507807,-10.0173047573231,32.1));
#9931=CARTESIAN_POINT('Ctrl Pts',(11.7466564272967,-9.98558387895465,32.1));
#9932=CARTESIAN_POINT('',(11.5866966342059,-10.220747448405,31.6));
#9933=CARTESIAN_POINT('Ctrl Pts',(11.515073308858,-10.7221113218868,31.6));
#9934=CARTESIAN_POINT('Ctrl Pts',(11.515073308858,-10.7221113218868,32.1));
#9935=CARTESIAN_POINT('Ctrl Pts',(11.5176588012471,-10.6344778979017,31.6));
#9936=CARTESIAN_POINT('Ctrl Pts',(11.5176588012471,-10.6344778979017,32.1));
#9937=CARTESIAN_POINT('Ctrl Pts',(11.522670341635,-10.4646153040324,31.6));
#9938=CARTESIAN_POINT('Ctrl Pts',(11.522670341635,-10.4646153040324,32.1));
#9939=CARTESIAN_POINT('Ctrl Pts',(11.5658120610232,-10.3002940826588,31.6));
#9940=CARTESIAN_POINT('Ctrl Pts',(11.5658120610232,-10.3002940826588,32.1));
#9941=CARTESIAN_POINT('Ctrl Pts',(11.5866966342059,-10.220747448405,31.6));
#9942=CARTESIAN_POINT('Ctrl Pts',(11.5866966342059,-10.220747448405,32.1));
#9943=CARTESIAN_POINT('',(11.515073308858,-10.7221113218868,31.6));
#9944=CARTESIAN_POINT('Ctrl Pts',(11.5866966342059,-10.220747448405,31.6));
#9945=CARTESIAN_POINT('Ctrl Pts',(11.5658120610232,-10.3002940826588,31.6));
#9946=CARTESIAN_POINT('Ctrl Pts',(11.522670341635,-10.4646153040324,31.6));
#9947=CARTESIAN_POINT('Ctrl Pts',(11.5176588012471,-10.6344778979017,31.6));
#9948=CARTESIAN_POINT('Ctrl Pts',(11.515073308858,-10.7221113218868,31.6));
#9949=CARTESIAN_POINT('',(11.515073308858,-10.7221113218868,32.1));
#9950=CARTESIAN_POINT('Ctrl Pts',(11.515073308858,-10.7221113218868,32.1));
#9951=CARTESIAN_POINT('Ctrl Pts',(11.5176588012471,-10.6344778979017,32.1));
#9952=CARTESIAN_POINT('Ctrl Pts',(11.522670341635,-10.4646153040324,32.1));
#9953=CARTESIAN_POINT('Ctrl Pts',(11.5658120610232,-10.3002940826588,32.1));
#9954=CARTESIAN_POINT('Ctrl Pts',(11.5866966342059,-10.220747448405,32.1));
#9955=CARTESIAN_POINT('',(11.515073308858,-10.7221113218868,31.6));
#9956=CARTESIAN_POINT('Origin',(11.515073308858,-12.0495329870784,31.6));
#9957=CARTESIAN_POINT('',(11.515073308858,-12.0495329870784,31.6));
#9958=CARTESIAN_POINT('',(11.515073308858,-10.7221113218868,31.6));
#9959=CARTESIAN_POINT('',(11.515073308858,-12.0495329870784,32.1));
#9960=CARTESIAN_POINT('',(11.515073308858,-10.7221113218868,32.1));
#9961=CARTESIAN_POINT('',(11.515073308858,-12.0495329870784,31.6));
#9962=CARTESIAN_POINT('Origin',(11.0853333567706,-12.0495329870784,31.6));
#9963=CARTESIAN_POINT('',(11.515073308858,-12.0495329870784,31.6));
#9964=CARTESIAN_POINT('',(11.515073308858,-12.0495329870784,32.1));
#9965=CARTESIAN_POINT('Origin',(0.119780132683824,-10.7841853870952,32.1));
#9966=CARTESIAN_POINT('Origin',(0.119780132683824,-10.7841853870952,31.6));
#9967=CARTESIAN_POINT('Ctrl Pts',(9.28758336058528,-10.9393690600002,31.6));
#9968=CARTESIAN_POINT('Ctrl Pts',(9.28758336058528,-10.9393690600002,32.1));
#9969=CARTESIAN_POINT('Ctrl Pts',(9.42513637160306,-10.9191478132401,31.6));
#9970=CARTESIAN_POINT('Ctrl Pts',(9.42513637160306,-10.9191478132401,32.1));
#9971=CARTESIAN_POINT('Ctrl Pts',(9.66368800551926,-10.8840790683339,31.6));
#9972=CARTESIAN_POINT('Ctrl Pts',(9.66368800551926,-10.8840790683339,32.1));
#9973=CARTESIAN_POINT('Ctrl Pts',(9.89258247767136,-10.8088664251202,31.6));
#9974=CARTESIAN_POINT('Ctrl Pts',(9.89258247767136,-10.8088664251202,32.1));
#9975=CARTESIAN_POINT('Ctrl Pts',(9.98949242583187,-10.7770226969326,31.6));
#9976=CARTESIAN_POINT('Ctrl Pts',(9.98949242583187,-10.7770226969326,32.1));
#9977=CARTESIAN_POINT('',(9.98949242583187,-10.7770226969326,31.6));
#9978=CARTESIAN_POINT('',(9.28758336058528,-10.9393690600002,31.6));
#9979=CARTESIAN_POINT('Ctrl Pts',(9.98949242583187,-10.7770226969326,31.6));
#9980=CARTESIAN_POINT('Ctrl Pts',(9.89258247767136,-10.8088664251202,31.6));
#9981=CARTESIAN_POINT('Ctrl Pts',(9.66368800551926,-10.8840790683339,31.6));
#9982=CARTESIAN_POINT('Ctrl Pts',(9.42513637160306,-10.9191478132401,31.6));
#9983=CARTESIAN_POINT('Ctrl Pts',(9.28758336058528,-10.9393690600002,31.6));
#9984=CARTESIAN_POINT('',(9.98949242583187,-10.7770226969326,32.1));
#9985=CARTESIAN_POINT('',(9.98949242583187,-10.7770226969326,31.6));
#9986=CARTESIAN_POINT('',(9.28758336058528,-10.9393690600002,32.1));
#9987=CARTESIAN_POINT('Ctrl Pts',(9.28758336058528,-10.9393690600002,32.1));
#9988=CARTESIAN_POINT('Ctrl Pts',(9.42513637160306,-10.9191478132401,32.1));
#9989=CARTESIAN_POINT('Ctrl Pts',(9.66368800551926,-10.8840790683339,32.1));
#9990=CARTESIAN_POINT('Ctrl Pts',(9.89258247767136,-10.8088664251202,32.1));
#9991=CARTESIAN_POINT('Ctrl Pts',(9.98949242583187,-10.7770226969326,32.1));
#9992=CARTESIAN_POINT('',(9.28758336058528,-10.9393690600002,31.6));
#9993=CARTESIAN_POINT('Ctrl Pts',(8.91275359145076,-11.0253177656734,31.6));
#9994=CARTESIAN_POINT('Ctrl Pts',(8.91275359145076,-11.0253177656734,32.1));
#9995=CARTESIAN_POINT('Ctrl Pts',(8.96200214475554,-11.0089924928332,31.6));
#9996=CARTESIAN_POINT('Ctrl Pts',(8.96200214475554,-11.0089924928332,32.1));
#9997=CARTESIAN_POINT('Ctrl Pts',(9.0840914645359,-10.9685214267298,31.6));
#9998=CARTESIAN_POINT('Ctrl Pts',(9.0840914645359,-10.9685214267298,32.1));
#9999=CARTESIAN_POINT('Ctrl Pts',(9.21154324813007,-10.9502626104928,31.6));
#10000=CARTESIAN_POINT('Ctrl Pts',(9.21154324813007,-10.9502626104928,32.1));
#10001=CARTESIAN_POINT('Ctrl Pts',(9.28758336058528,-10.9393690600002,31.6));
#10002=CARTESIAN_POINT('Ctrl Pts',(9.28758336058528,-10.9393690600002,32.1));
#10003=CARTESIAN_POINT('',(8.91275359145076,-11.0253177656734,31.6));
#10004=CARTESIAN_POINT('Ctrl Pts',(9.28758336058528,-10.9393690600002,31.6));
#10005=CARTESIAN_POINT('Ctrl Pts',(9.21154324813007,-10.9502626104928,31.6));
#10006=CARTESIAN_POINT('Ctrl Pts',(9.0840914645359,-10.9685214267298,31.6));
#10007=CARTESIAN_POINT('Ctrl Pts',(8.96200214475554,-11.0089924928332,31.6));
#10008=CARTESIAN_POINT('Ctrl Pts',(8.91275359145076,-11.0253177656734,31.6));
#10009=CARTESIAN_POINT('',(8.91275359145076,-11.0253177656734,32.1));
#10010=CARTESIAN_POINT('Ctrl Pts',(8.91275359145076,-11.0253177656734,32.1));
#10011=CARTESIAN_POINT('Ctrl Pts',(8.96200214475554,-11.0089924928332,32.1));
#10012=CARTESIAN_POINT('Ctrl Pts',(9.0840914645359,-10.9685214267298,32.1));
#10013=CARTESIAN_POINT('Ctrl Pts',(9.21154324813007,-10.9502626104928,32.1));
#10014=CARTESIAN_POINT('Ctrl Pts',(9.28758336058528,-10.9393690600002,32.1));
#10015=CARTESIAN_POINT('',(8.91275359145076,-11.0253177656734,31.6));
#10016=CARTESIAN_POINT('Ctrl Pts',(8.74324513426692,-11.1649833693111,31.6));
#10017=CARTESIAN_POINT('Ctrl Pts',(8.74324513426692,-11.1649833693111,32.1));
#10018=CARTESIAN_POINT('Ctrl Pts',(8.7656437528797,-11.136007314601,31.6));
#10019=CARTESIAN_POINT('Ctrl Pts',(8.7656437528797,-11.136007314601,32.1));
#10020=CARTESIAN_POINT('Ctrl Pts',(8.8115246209708,-11.0766533621571,31.6));
#10021=CARTESIAN_POINT('Ctrl Pts',(8.8115246209708,-11.0766533621571,32.1));
#10022=CARTESIAN_POINT('Ctrl Pts',(8.87848344872159,-11.0426969626586,31.6));
#10023=CARTESIAN_POINT('Ctrl Pts',(8.87848344872159,-11.0426969626586,32.1));
#10024=CARTESIAN_POINT('Ctrl Pts',(8.91275359145076,-11.0253177656734,31.6));
#10025=CARTESIAN_POINT('Ctrl Pts',(8.91275359145076,-11.0253177656734,32.1));
#10026=CARTESIAN_POINT('',(8.74324513426692,-11.1649833693111,31.6));
#10027=CARTESIAN_POINT('Ctrl Pts',(8.91275359145076,-11.0253177656734,31.6));
#10028=CARTESIAN_POINT('Ctrl Pts',(8.87848344872159,-11.0426969626586,31.6));
#10029=CARTESIAN_POINT('Ctrl Pts',(8.8115246209708,-11.0766533621571,31.6));
#10030=CARTESIAN_POINT('Ctrl Pts',(8.7656437528797,-11.136007314601,31.6));
#10031=CARTESIAN_POINT('Ctrl Pts',(8.74324513426692,-11.1649833693111,31.6));
#10032=CARTESIAN_POINT('',(8.74324513426692,-11.1649833693111,32.1));
#10033=CARTESIAN_POINT('Ctrl Pts',(8.74324513426692,-11.1649833693111,32.1));
#10034=CARTESIAN_POINT('Ctrl Pts',(8.7656437528797,-11.136007314601,32.1));
#10035=CARTESIAN_POINT('Ctrl Pts',(8.8115246209708,-11.0766533621571,32.1));
#10036=CARTESIAN_POINT('Ctrl Pts',(8.87848344872159,-11.0426969626586,32.1));
#10037=CARTESIAN_POINT('Ctrl Pts',(8.91275359145076,-11.0253177656734,32.1));
#10038=CARTESIAN_POINT('',(8.74324513426692,-11.1649833693111,31.6));
#10039=CARTESIAN_POINT('Ctrl Pts',(8.68355942717464,-11.3691102041805,31.6));
#10040=CARTESIAN_POINT('Ctrl Pts',(8.68355942717464,-11.3691102041805,32.1));
#10041=CARTESIAN_POINT('Ctrl Pts',(8.68598273873866,-11.3326496733036,31.6));
#10042=CARTESIAN_POINT('Ctrl Pts',(8.68598273873866,-11.3326496733036,32.1));
#10043=CARTESIAN_POINT('Ctrl Pts',(8.69079914755355,-11.2601832084387,31.6));
#10044=CARTESIAN_POINT('Ctrl Pts',(8.69079914755355,-11.2601832084387,32.1));
#10045=CARTESIAN_POINT('Ctrl Pts',(8.72583640397692,-11.196583658044,31.6));
#10046=CARTESIAN_POINT('Ctrl Pts',(8.72583640397692,-11.196583658044,32.1));
#10047=CARTESIAN_POINT('Ctrl Pts',(8.74324513426692,-11.1649833693111,31.6));
#10048=CARTESIAN_POINT('Ctrl Pts',(8.74324513426692,-11.1649833693111,32.1));
#10049=CARTESIAN_POINT('',(8.68355942717464,-11.3691102041805,31.6));
#10050=CARTESIAN_POINT('Ctrl Pts',(8.74324513426692,-11.1649833693111,31.6));
#10051=CARTESIAN_POINT('Ctrl Pts',(8.72583640397692,-11.196583658044,31.6));
#10052=CARTESIAN_POINT('Ctrl Pts',(8.69079914755355,-11.2601832084387,31.6));
#10053=CARTESIAN_POINT('Ctrl Pts',(8.68598273873866,-11.3326496733036,31.6));
#10054=CARTESIAN_POINT('Ctrl Pts',(8.68355942717464,-11.3691102041805,31.6));
#10055=CARTESIAN_POINT('',(8.68355942717464,-11.3691102041805,32.1));
#10056=CARTESIAN_POINT('Ctrl Pts',(8.68355942717464,-11.3691102041805,32.1));
#10057=CARTESIAN_POINT('Ctrl Pts',(8.68598273873866,-11.3326496733036,32.1));
#10058=CARTESIAN_POINT('Ctrl Pts',(8.69079914755355,-11.2601832084387,32.1));
#10059=CARTESIAN_POINT('Ctrl Pts',(8.72583640397692,-11.196583658044,32.1));
#10060=CARTESIAN_POINT('Ctrl Pts',(8.74324513426692,-11.1649833693111,32.1));
#10061=CARTESIAN_POINT('',(8.68355942717464,-11.3691102041805,31.6));
#10062=CARTESIAN_POINT('Ctrl Pts',(8.81367398253352,-11.6556041016185,31.6));
#10063=CARTESIAN_POINT('Ctrl Pts',(8.81367398253352,-11.6556041016185,32.1));
#10064=CARTESIAN_POINT('Ctrl Pts',(8.77572456712993,-11.6150883920351,31.6));
#10065=CARTESIAN_POINT('Ctrl Pts',(8.77572456712993,-11.6150883920351,32.1));
#10066=CARTESIAN_POINT('Ctrl Pts',(8.70001260120004,-11.5342564743103,31.6));
#10067=CARTESIAN_POINT('Ctrl Pts',(8.70001260120004,-11.5342564743103,32.1));
#10068=CARTESIAN_POINT('Ctrl Pts',(8.68903478706033,-11.4240683090023,31.6));
#10069=CARTESIAN_POINT('Ctrl Pts',(8.68903478706033,-11.4240683090023,32.1));
#10070=CARTESIAN_POINT('Ctrl Pts',(8.68355942717464,-11.3691102041805,31.6));
#10071=CARTESIAN_POINT('Ctrl Pts',(8.68355942717464,-11.3691102041805,32.1));
#10072=CARTESIAN_POINT('',(8.81367398253352,-11.6556041016185,31.6));
#10073=CARTESIAN_POINT('Ctrl Pts',(8.68355942717464,-11.3691102041805,31.6));
#10074=CARTESIAN_POINT('Ctrl Pts',(8.68903478706033,-11.4240683090023,31.6));
#10075=CARTESIAN_POINT('Ctrl Pts',(8.70001260120004,-11.5342564743103,31.6));
#10076=CARTESIAN_POINT('Ctrl Pts',(8.77572456712993,-11.6150883920351,31.6));
#10077=CARTESIAN_POINT('Ctrl Pts',(8.81367398253352,-11.6556041016185,31.6));
#10078=CARTESIAN_POINT('',(8.81367398253352,-11.6556041016185,32.1));
#10079=CARTESIAN_POINT('Ctrl Pts',(8.81367398253352,-11.6556041016185,32.1));
#10080=CARTESIAN_POINT('Ctrl Pts',(8.77572456712993,-11.6150883920351,32.1));
#10081=CARTESIAN_POINT('Ctrl Pts',(8.70001260120004,-11.5342564743103,32.1));
#10082=CARTESIAN_POINT('Ctrl Pts',(8.68903478706033,-11.4240683090023,32.1));
#10083=CARTESIAN_POINT('Ctrl Pts',(8.68355942717464,-11.3691102041805,32.1));
#10084=CARTESIAN_POINT('',(8.81367398253352,-11.6556041016185,31.6));
#10085=CARTESIAN_POINT('Ctrl Pts',(9.19447375288875,-11.770201779803,31.6));
#10086=CARTESIAN_POINT('Ctrl Pts',(9.19447375288875,-11.770201779803,32.1));
#10087=CARTESIAN_POINT('Ctrl Pts',(9.11870883703121,-11.7676626017345,31.6));
#10088=CARTESIAN_POINT('Ctrl Pts',(9.11870883703121,-11.7676626017345,32.1));
#10089=CARTESIAN_POINT('Ctrl Pts',(8.98099087790278,-11.7630471353607,31.6));
#10090=CARTESIAN_POINT('Ctrl Pts',(8.98099087790278,-11.7630471353607,32.1));
#10091=CARTESIAN_POINT('Ctrl Pts',(8.86558833531486,-11.6889410551,31.6));
#10092=CARTESIAN_POINT('Ctrl Pts',(8.86558833531486,-11.6889410551,32.1));
#10093=CARTESIAN_POINT('Ctrl Pts',(8.81367398253352,-11.6556041016185,31.6));
#10094=CARTESIAN_POINT('Ctrl Pts',(8.81367398253352,-11.6556041016185,32.1));
#10095=CARTESIAN_POINT('',(9.19447375288875,-11.770201779803,31.6));
#10096=CARTESIAN_POINT('Ctrl Pts',(8.81367398253352,-11.6556041016185,31.6));
#10097=CARTESIAN_POINT('Ctrl Pts',(8.86558833531486,-11.6889410551,31.6));
#10098=CARTESIAN_POINT('Ctrl Pts',(8.98099087790278,-11.7630471353607,31.6));
#10099=CARTESIAN_POINT('Ctrl Pts',(9.11870883703121,-11.7676626017345,31.6));
#10100=CARTESIAN_POINT('Ctrl Pts',(9.19447375288875,-11.770201779803,31.6));
#10101=CARTESIAN_POINT('',(9.19447375288875,-11.770201779803,32.1));
#10102=CARTESIAN_POINT('Ctrl Pts',(9.19447375288875,-11.770201779803,32.1));
#10103=CARTESIAN_POINT('Ctrl Pts',(9.11870883703121,-11.7676626017345,32.1));
#10104=CARTESIAN_POINT('Ctrl Pts',(8.98099087790278,-11.7630471353607,32.1));
#10105=CARTESIAN_POINT('Ctrl Pts',(8.86558833531486,-11.6889410551,32.1));
#10106=CARTESIAN_POINT('Ctrl Pts',(8.81367398253352,-11.6556041016185,32.1));
#10107=CARTESIAN_POINT('',(9.19447375288875,-11.770201779803,31.6));
#10108=CARTESIAN_POINT('Ctrl Pts',(9.63615132323176,-11.6615723146999,31.6));
#10109=CARTESIAN_POINT('Ctrl Pts',(9.63615132323176,-11.6615723146999,32.1));
#10110=CARTESIAN_POINT('Ctrl Pts',(9.56824389698241,-11.6932483570408,31.6));
#10111=CARTESIAN_POINT('Ctrl Pts',(9.56824389698241,-11.6932483570408,32.1));
#10112=CARTESIAN_POINT('Ctrl Pts',(9.4282878672257,-11.7585321318692,31.6));
#10113=CARTESIAN_POINT('Ctrl Pts',(9.4282878672257,-11.7585321318692,32.1));
#10114=CARTESIAN_POINT('Ctrl Pts',(9.27393418806379,-11.7662359144155,31.6));
#10115=CARTESIAN_POINT('Ctrl Pts',(9.27393418806379,-11.7662359144155,32.1));
#10116=CARTESIAN_POINT('Ctrl Pts',(9.19447375288875,-11.770201779803,31.6));
#10117=CARTESIAN_POINT('Ctrl Pts',(9.19447375288875,-11.770201779803,32.1));
#10118=CARTESIAN_POINT('',(9.63615132323176,-11.6615723146999,31.6));
#10119=CARTESIAN_POINT('Ctrl Pts',(9.19447375288875,-11.770201779803,31.6));
#10120=CARTESIAN_POINT('Ctrl Pts',(9.27393418806379,-11.7662359144155,31.6));
#10121=CARTESIAN_POINT('Ctrl Pts',(9.4282878672257,-11.7585321318692,31.6));
#10122=CARTESIAN_POINT('Ctrl Pts',(9.56824389698241,-11.6932483570408,31.6));
#10123=CARTESIAN_POINT('Ctrl Pts',(9.63615132323176,-11.6615723146999,31.6));
#10124=CARTESIAN_POINT('',(9.63615132323176,-11.6615723146999,32.1));
#10125=CARTESIAN_POINT('Ctrl Pts',(9.63615132323176,-11.6615723146999,32.1));
#10126=CARTESIAN_POINT('Ctrl Pts',(9.56824389698241,-11.6932483570408,32.1));
#10127=CARTESIAN_POINT('Ctrl Pts',(9.4282878672257,-11.7585321318692,32.1));
#10128=CARTESIAN_POINT('Ctrl Pts',(9.27393418806379,-11.7662359144155,32.1));
#10129=CARTESIAN_POINT('Ctrl Pts',(9.19447375288875,-11.770201779803,32.1));
#10130=CARTESIAN_POINT('',(9.63615132323176,-11.6615723146999,31.6));
#10131=CARTESIAN_POINT('Ctrl Pts',(9.92025805464656,-11.3643352760875,31.6));
#10132=CARTESIAN_POINT('Ctrl Pts',(9.92025805464656,-11.3643352760875,32.1));
#10133=CARTESIAN_POINT('Ctrl Pts',(9.88525138107576,-11.4241437475002,31.6));
#10134=CARTESIAN_POINT('Ctrl Pts',(9.88525138107576,-11.4241437475002,32.1));
#10135=CARTESIAN_POINT('Ctrl Pts',(9.81413081905313,-11.5456523533374,31.6));
#10136=CARTESIAN_POINT('Ctrl Pts',(9.81413081905313,-11.5456523533374,32.1));
#10137=CARTESIAN_POINT('Ctrl Pts',(9.6960903785481,-11.6225333628009,31.6));
#10138=CARTESIAN_POINT('Ctrl Pts',(9.6960903785481,-11.6225333628009,32.1));
#10139=CARTESIAN_POINT('Ctrl Pts',(9.63615132323176,-11.6615723146999,31.6));
#10140=CARTESIAN_POINT('Ctrl Pts',(9.63615132323176,-11.6615723146999,32.1));
#10141=CARTESIAN_POINT('',(9.92025805464656,-11.3643352760875,31.6));
#10142=CARTESIAN_POINT('Ctrl Pts',(9.63615132323176,-11.6615723146999,31.6));
#10143=CARTESIAN_POINT('Ctrl Pts',(9.6960903785481,-11.6225333628009,31.6));
#10144=CARTESIAN_POINT('Ctrl Pts',(9.81413081905313,-11.5456523533374,31.6));
#10145=CARTESIAN_POINT('Ctrl Pts',(9.88525138107576,-11.4241437475002,31.6));
#10146=CARTESIAN_POINT('Ctrl Pts',(9.92025805464656,-11.3643352760875,31.6));
#10147=CARTESIAN_POINT('',(9.92025805464656,-11.3643352760875,32.1));
#10148=CARTESIAN_POINT('Ctrl Pts',(9.92025805464656,-11.3643352760875,32.1));
#10149=CARTESIAN_POINT('Ctrl Pts',(9.88525138107576,-11.4241437475002,32.1));
#10150=CARTESIAN_POINT('Ctrl Pts',(9.81413081905313,-11.5456523533374,32.1));
#10151=CARTESIAN_POINT('Ctrl Pts',(9.6960903785481,-11.6225333628009,32.1));
#10152=CARTESIAN_POINT('Ctrl Pts',(9.63615132323176,-11.6615723146999,32.1));
#10153=CARTESIAN_POINT('',(9.92025805464656,-11.3643352760875,31.6));
#10154=CARTESIAN_POINT('Ctrl Pts',(9.98949242583187,-10.9345947279537,31.6));
#10155=CARTESIAN_POINT('Ctrl Pts',(9.98949242583187,-10.9345947279537,32.1));
#10156=CARTESIAN_POINT('Ctrl Pts',(9.98866712668328,-11.0186310768429,31.6));
#10157=CARTESIAN_POINT('Ctrl Pts',(9.98866712668328,-11.0186310768429,32.1));
#10158=CARTESIAN_POINT('Ctrl Pts',(9.98722279993704,-11.1657001081944,31.6));
#10159=CARTESIAN_POINT('Ctrl Pts',(9.98722279993704,-11.1657001081944,32.1));
#10160=CARTESIAN_POINT('Ctrl Pts',(9.94034816933168,-11.30474267574,31.6));
#10161=CARTESIAN_POINT('Ctrl Pts',(9.94034816933168,-11.30474267574,32.1));
#10162=CARTESIAN_POINT('Ctrl Pts',(9.92025805464656,-11.3643352760875,31.6));
#10163=CARTESIAN_POINT('Ctrl Pts',(9.92025805464656,-11.3643352760875,32.1));
#10164=CARTESIAN_POINT('',(9.98949242583187,-10.9345947279537,31.6));
#10165=CARTESIAN_POINT('Ctrl Pts',(9.92025805464656,-11.3643352760875,31.6));
#10166=CARTESIAN_POINT('Ctrl Pts',(9.94034816933168,-11.30474267574,31.6));
#10167=CARTESIAN_POINT('Ctrl Pts',(9.98722279993704,-11.1657001081944,31.6));
#10168=CARTESIAN_POINT('Ctrl Pts',(9.98866712668328,-11.0186310768429,31.6));
#10169=CARTESIAN_POINT('Ctrl Pts',(9.98949242583187,-10.9345947279537,31.6));
#10170=CARTESIAN_POINT('',(9.98949242583187,-10.9345947279537,32.1));
#10171=CARTESIAN_POINT('Ctrl Pts',(9.98949242583187,-10.9345947279537,32.1));
#10172=CARTESIAN_POINT('Ctrl Pts',(9.98866712668328,-11.0186310768429,32.1));
#10173=CARTESIAN_POINT('Ctrl Pts',(9.98722279993704,-11.1657001081944,32.1));
#10174=CARTESIAN_POINT('Ctrl Pts',(9.94034816933168,-11.30474267574,32.1));
#10175=CARTESIAN_POINT('Ctrl Pts',(9.92025805464656,-11.3643352760875,32.1));
#10176=CARTESIAN_POINT('',(9.98949242583187,-10.9345947279537,31.6));
#10177=CARTESIAN_POINT('Origin',(9.98949242583187,-10.7770226969326,31.6));
#10178=CARTESIAN_POINT('',(9.98949242583187,-10.9345947279537,31.6));
#10179=CARTESIAN_POINT('',(9.98949242583187,-10.9345947279537,32.1));
#10180=CARTESIAN_POINT('Ctrl Pts',(9.56572009077937,-12.0232711805904,31.6));
#10181=CARTESIAN_POINT('Ctrl Pts',(9.56572009077937,-12.0232711805904,32.1));
#10182=CARTESIAN_POINT('Ctrl Pts',(9.64256118626375,-11.9882925549591,31.6));
#10183=CARTESIAN_POINT('Ctrl Pts',(9.64256118626375,-11.9882925549591,32.1));
#10184=CARTESIAN_POINT('Ctrl Pts',(9.80813333437035,-11.9129229087159,31.6));
#10185=CARTESIAN_POINT('Ctrl Pts',(9.80813333437035,-11.9129229087159,32.1));
#10186=CARTESIAN_POINT('Ctrl Pts',(9.94953000394615,-11.7982377237849,31.6));
#10187=CARTESIAN_POINT('Ctrl Pts',(9.94953000394615,-11.7982377237849,32.1));
#10188=CARTESIAN_POINT('Ctrl Pts',(10.0253052805987,-11.7367772831523,31.6));
#10189=CARTESIAN_POINT('Ctrl Pts',(10.0253052805987,-11.7367772831523,32.1));
#10190=CARTESIAN_POINT('',(10.0253052805987,-11.7367772831523,31.6));
#10191=CARTESIAN_POINT('',(9.56572009077937,-12.0232711805904,31.6));
#10192=CARTESIAN_POINT('Ctrl Pts',(10.0253052805987,-11.7367772831523,31.6));
#10193=CARTESIAN_POINT('Ctrl Pts',(9.94953000394615,-11.7982377237849,31.6));
#10194=CARTESIAN_POINT('Ctrl Pts',(9.80813333437035,-11.9129229087159,31.6));
#10195=CARTESIAN_POINT('Ctrl Pts',(9.64256118626375,-11.9882925549591,31.6));
#10196=CARTESIAN_POINT('Ctrl Pts',(9.56572009077937,-12.0232711805904,31.6));
#10197=CARTESIAN_POINT('',(10.0253052805987,-11.7367772831523,32.1));
#10198=CARTESIAN_POINT('',(10.0253052805987,-11.7367772831523,31.6));
#10199=CARTESIAN_POINT('',(9.56572009077937,-12.0232711805904,32.1));
#10200=CARTESIAN_POINT('Ctrl Pts',(9.56572009077937,-12.0232711805904,32.1));
#10201=CARTESIAN_POINT('Ctrl Pts',(9.64256118626375,-11.9882925549591,32.1));
#10202=CARTESIAN_POINT('Ctrl Pts',(9.80813333437035,-11.9129229087159,32.1));
#10203=CARTESIAN_POINT('Ctrl Pts',(9.94953000394615,-11.7982377237849,32.1));
#10204=CARTESIAN_POINT('Ctrl Pts',(10.0253052805987,-11.7367772831523,32.1));
#10205=CARTESIAN_POINT('',(9.56572009077937,-12.0232711805904,31.6));
#10206=CARTESIAN_POINT('Ctrl Pts',(9.09181309691341,-12.1068315281475,31.6));
#10207=CARTESIAN_POINT('Ctrl Pts',(9.09181309691341,-12.1068315281475,32.1));
#10208=CARTESIAN_POINT('Ctrl Pts',(9.17414832049398,-12.1036040345338,31.6));
#10209=CARTESIAN_POINT('Ctrl Pts',(9.17414832049398,-12.1036040345338,32.1));
#10210=CARTESIAN_POINT('Ctrl Pts',(9.33594617994402,-12.0972616510996,31.6));
#10211=CARTESIAN_POINT('Ctrl Pts',(9.33594617994402,-12.0972616510996,32.1));
#10212=CARTESIAN_POINT('Ctrl Pts',(9.49004072775381,-12.0476410129084,31.6));
#10213=CARTESIAN_POINT('Ctrl Pts',(9.49004072775381,-12.0476410129084,32.1));
#10214=CARTESIAN_POINT('Ctrl Pts',(9.56572009077937,-12.0232711805904,31.6));
#10215=CARTESIAN_POINT('Ctrl Pts',(9.56572009077937,-12.0232711805904,32.1));
#10216=CARTESIAN_POINT('',(9.09181309691341,-12.1068315281475,31.6));
#10217=CARTESIAN_POINT('Ctrl Pts',(9.56572009077937,-12.0232711805904,31.6));
#10218=CARTESIAN_POINT('Ctrl Pts',(9.49004072775381,-12.0476410129084,31.6));
#10219=CARTESIAN_POINT('Ctrl Pts',(9.33594617994402,-12.0972616510996,31.6));
#10220=CARTESIAN_POINT('Ctrl Pts',(9.17414832049398,-12.1036040345338,31.6));
#10221=CARTESIAN_POINT('Ctrl Pts',(9.09181309691341,-12.1068315281475,31.6));
#10222=CARTESIAN_POINT('',(9.09181309691341,-12.1068315281475,32.1));
#10223=CARTESIAN_POINT('Ctrl Pts',(9.09181309691341,-12.1068315281475,32.1));
#10224=CARTESIAN_POINT('Ctrl Pts',(9.17414832049398,-12.1036040345338,32.1));
#10225=CARTESIAN_POINT('Ctrl Pts',(9.33594617994402,-12.0972616510996,32.1));
#10226=CARTESIAN_POINT('Ctrl Pts',(9.49004072775381,-12.0476410129084,32.1));
#10227=CARTESIAN_POINT('Ctrl Pts',(9.56572009077937,-12.0232711805904,32.1));
#10228=CARTESIAN_POINT('',(9.09181309691341,-12.1068315281475,31.6));
#10229=CARTESIAN_POINT('Ctrl Pts',(8.44958973875911,-11.9027046932781,31.6));
#10230=CARTESIAN_POINT('Ctrl Pts',(8.44958973875911,-11.9027046932781,32.1));
#10231=CARTESIAN_POINT('Ctrl Pts',(8.53769220306898,-11.9621212766492,31.6));
#10232=CARTESIAN_POINT('Ctrl Pts',(8.53769220306898,-11.9621212766492,32.1));
#10233=CARTESIAN_POINT('Ctrl Pts',(8.73084594604759,-12.0923847779374,31.6));
#10234=CARTESIAN_POINT('Ctrl Pts',(8.73084594604759,-12.0923847779374,32.1));
#10235=CARTESIAN_POINT('Ctrl Pts',(8.96465205667878,-12.1017422457008,31.6));
#10236=CARTESIAN_POINT('Ctrl Pts',(8.96465205667878,-12.1017422457008,32.1));
#10237=CARTESIAN_POINT('Ctrl Pts',(9.09181309691341,-12.1068315281475,31.6));
#10238=CARTESIAN_POINT('Ctrl Pts',(9.09181309691341,-12.1068315281475,32.1));
#10239=CARTESIAN_POINT('',(8.44958973875911,-11.9027046932781,31.6));
#10240=CARTESIAN_POINT('Ctrl Pts',(9.09181309691341,-12.1068315281475,31.6));
#10241=CARTESIAN_POINT('Ctrl Pts',(8.96465205667878,-12.1017422457008,31.6));
#10242=CARTESIAN_POINT('Ctrl Pts',(8.73084594604759,-12.0923847779374,31.6));
#10243=CARTESIAN_POINT('Ctrl Pts',(8.53769220306898,-11.9621212766492,31.6));
#10244=CARTESIAN_POINT('Ctrl Pts',(8.44958973875911,-11.9027046932781,31.6));
#10245=CARTESIAN_POINT('',(8.44958973875911,-11.9027046932781,32.1));
#10246=CARTESIAN_POINT('Ctrl Pts',(8.44958973875911,-11.9027046932781,32.1));
#10247=CARTESIAN_POINT('Ctrl Pts',(8.53769220306898,-11.9621212766492,32.1));
#10248=CARTESIAN_POINT('Ctrl Pts',(8.73084594604759,-12.0923847779374,32.1));
#10249=CARTESIAN_POINT('Ctrl Pts',(8.96465205667878,-12.1017422457008,32.1));
#10250=CARTESIAN_POINT('Ctrl Pts',(9.09181309691341,-12.1068315281475,32.1));
#10251=CARTESIAN_POINT('',(8.44958973875911,-11.9027046932781,31.6));
#10252=CARTESIAN_POINT('Ctrl Pts',(8.2251687144366,-11.3810472263896,31.6));
#10253=CARTESIAN_POINT('Ctrl Pts',(8.2251687144366,-11.3810472263896,32.1));
#10254=CARTESIAN_POINT('Ctrl Pts',(8.23402407154516,-11.4817100989474,31.6));
#10255=CARTESIAN_POINT('Ctrl Pts',(8.23402407154516,-11.4817100989474,32.1));
#10256=CARTESIAN_POINT('Ctrl Pts',(8.25150751568108,-11.6804523616647,31.6));
#10257=CARTESIAN_POINT('Ctrl Pts',(8.25150751568108,-11.6804523616647,32.1));
#10258=CARTESIAN_POINT('Ctrl Pts',(8.38413702177356,-11.8292653975431,31.6));
#10259=CARTESIAN_POINT('Ctrl Pts',(8.38413702177356,-11.8292653975431,32.1));
#10260=CARTESIAN_POINT('Ctrl Pts',(8.44958973875911,-11.9027046932781,31.6));
#10261=CARTESIAN_POINT('Ctrl Pts',(8.44958973875911,-11.9027046932781,32.1));
#10262=CARTESIAN_POINT('',(8.2251687144366,-11.3810472263896,31.6));
#10263=CARTESIAN_POINT('Ctrl Pts',(8.44958973875911,-11.9027046932781,31.6));
#10264=CARTESIAN_POINT('Ctrl Pts',(8.38413702177356,-11.8292653975431,31.6));
#10265=CARTESIAN_POINT('Ctrl Pts',(8.25150751568108,-11.6804523616647,31.6));
#10266=CARTESIAN_POINT('Ctrl Pts',(8.23402407154516,-11.4817100989474,31.6));
#10267=CARTESIAN_POINT('Ctrl Pts',(8.2251687144366,-11.3810472263896,31.6));
#10268=CARTESIAN_POINT('',(8.2251687144366,-11.3810472263896,32.1));
#10269=CARTESIAN_POINT('Ctrl Pts',(8.2251687144366,-11.3810472263896,32.1));
#10270=CARTESIAN_POINT('Ctrl Pts',(8.23402407154516,-11.4817100989474,32.1));
#10271=CARTESIAN_POINT('Ctrl Pts',(8.25150751568108,-11.6804523616647,32.1));
#10272=CARTESIAN_POINT('Ctrl Pts',(8.38413702177356,-11.8292653975431,32.1));
#10273=CARTESIAN_POINT('Ctrl Pts',(8.44958973875911,-11.9027046932781,32.1));
#10274=CARTESIAN_POINT('',(8.2251687144366,-11.3810472263896,31.6));
#10275=CARTESIAN_POINT('Ctrl Pts',(8.30992413512142,-11.0408358349407,31.6));
#10276=CARTESIAN_POINT('Ctrl Pts',(8.30992413512142,-11.0408358349407,32.1));
#10277=CARTESIAN_POINT('Ctrl Pts',(8.28520510177059,-11.0939652509999,31.6));
#10278=CARTESIAN_POINT('Ctrl Pts',(8.28520510177059,-11.0939652509999,32.1));
#10279=CARTESIAN_POINT('Ctrl Pts',(8.23500754282919,-11.2018564842979,31.6));
#10280=CARTESIAN_POINT('Ctrl Pts',(8.23500754282919,-11.2018564842979,32.1));
#10281=CARTESIAN_POINT('Ctrl Pts',(8.22848123836715,-11.3207175206945,31.6));
#10282=CARTESIAN_POINT('Ctrl Pts',(8.22848123836715,-11.3207175206945,32.1));
#10283=CARTESIAN_POINT('Ctrl Pts',(8.2251687144366,-11.3810472263896,31.6));
#10284=CARTESIAN_POINT('Ctrl Pts',(8.2251687144366,-11.3810472263896,32.1));
#10285=CARTESIAN_POINT('',(8.30992413512142,-11.0408358349407,31.6));
#10286=CARTESIAN_POINT('Ctrl Pts',(8.2251687144366,-11.3810472263896,31.6));
#10287=CARTESIAN_POINT('Ctrl Pts',(8.22848123836715,-11.3207175206945,31.6));
#10288=CARTESIAN_POINT('Ctrl Pts',(8.23500754282919,-11.2018564842979,31.6));
#10289=CARTESIAN_POINT('Ctrl Pts',(8.28520510177059,-11.0939652509999,31.6));
#10290=CARTESIAN_POINT('Ctrl Pts',(8.30992413512142,-11.0408358349407,31.6));
#10291=CARTESIAN_POINT('',(8.30992413512142,-11.0408358349407,32.1));
#10292=CARTESIAN_POINT('Ctrl Pts',(8.30992413512142,-11.0408358349407,32.1));
#10293=CARTESIAN_POINT('Ctrl Pts',(8.28520510177059,-11.0939652509999,32.1));
#10294=CARTESIAN_POINT('Ctrl Pts',(8.23500754282919,-11.2018564842979,32.1));
#10295=CARTESIAN_POINT('Ctrl Pts',(8.22848123836715,-11.3207175206945,32.1));
#10296=CARTESIAN_POINT('Ctrl Pts',(8.2251687144366,-11.3810472263896,32.1));
#10297=CARTESIAN_POINT('',(8.30992413512142,-11.0408358349407,31.6));
#10298=CARTESIAN_POINT('Ctrl Pts',(8.53195620528133,-10.7937346472347,31.6));
#10299=CARTESIAN_POINT('Ctrl Pts',(8.53195620528133,-10.7937346472347,32.1));
#10300=CARTESIAN_POINT('Ctrl Pts',(8.48817888140188,-10.8276853968234,31.6));
#10301=CARTESIAN_POINT('Ctrl Pts',(8.48817888140188,-10.8276853968234,32.1));
#10302=CARTESIAN_POINT('Ctrl Pts',(8.39928210930715,-10.8966277574149,31.6));
#10303=CARTESIAN_POINT('Ctrl Pts',(8.39928210930715,-10.8966277574149,32.1));
#10304=CARTESIAN_POINT('Ctrl Pts',(8.34000842252759,-10.9922850783897,31.6));
#10305=CARTESIAN_POINT('Ctrl Pts',(8.34000842252759,-10.9922850783897,32.1));
#10306=CARTESIAN_POINT('Ctrl Pts',(8.30992413512142,-11.0408358349407,31.6));
#10307=CARTESIAN_POINT('Ctrl Pts',(8.30992413512142,-11.0408358349407,32.1));
#10308=CARTESIAN_POINT('',(8.53195620528133,-10.7937346472347,31.6));
#10309=CARTESIAN_POINT('Ctrl Pts',(8.30992413512142,-11.0408358349407,31.6));
#10310=CARTESIAN_POINT('Ctrl Pts',(8.34000842252759,-10.9922850783897,31.6));
#10311=CARTESIAN_POINT('Ctrl Pts',(8.39928210930715,-10.8966277574149,31.6));
#10312=CARTESIAN_POINT('Ctrl Pts',(8.48817888140188,-10.8276853968234,31.6));
#10313=CARTESIAN_POINT('Ctrl Pts',(8.53195620528133,-10.7937346472347,31.6));
#10314=CARTESIAN_POINT('',(8.53195620528133,-10.7937346472347,32.1));
#10315=CARTESIAN_POINT('Ctrl Pts',(8.53195620528133,-10.7937346472347,32.1));
#10316=CARTESIAN_POINT('Ctrl Pts',(8.48817888140188,-10.8276853968234,32.1));
#10317=CARTESIAN_POINT('Ctrl Pts',(8.39928210930715,-10.8966277574149,32.1));
#10318=CARTESIAN_POINT('Ctrl Pts',(8.34000842252759,-10.9922850783897,32.1));
#10319=CARTESIAN_POINT('Ctrl Pts',(8.30992413512142,-11.0408358349407,32.1));
#10320=CARTESIAN_POINT('',(8.53195620528133,-10.7937346472347,31.6));
#10321=CARTESIAN_POINT('Ctrl Pts',(8.84113026610286,-10.6528757586086,31.6));
#10322=CARTESIAN_POINT('Ctrl Pts',(8.84113026610286,-10.6528757586086,32.1));
#10323=CARTESIAN_POINT('Ctrl Pts',(8.78571609410139,-10.6703842865161,31.6));
#10324=CARTESIAN_POINT('Ctrl Pts',(8.78571609410139,-10.6703842865161,32.1));
#10325=CARTESIAN_POINT('Ctrl Pts',(8.67690643116641,-10.704763524738,31.6));
#10326=CARTESIAN_POINT('Ctrl Pts',(8.67690643116641,-10.704763524738,32.1));
#10327=CARTESIAN_POINT('Ctrl Pts',(8.57967163409151,-10.7644466952102,31.6));
#10328=CARTESIAN_POINT('Ctrl Pts',(8.57967163409151,-10.7644466952102,32.1));
#10329=CARTESIAN_POINT('Ctrl Pts',(8.53195620528133,-10.7937346472347,31.6));
#10330=CARTESIAN_POINT('Ctrl Pts',(8.53195620528133,-10.7937346472347,32.1));
#10331=CARTESIAN_POINT('',(8.84113026610286,-10.6528757586086,31.6));
#10332=CARTESIAN_POINT('Ctrl Pts',(8.53195620528133,-10.7937346472347,31.6));
#10333=CARTESIAN_POINT('Ctrl Pts',(8.57967163409151,-10.7644466952102,31.6));
#10334=CARTESIAN_POINT('Ctrl Pts',(8.67690643116641,-10.704763524738,31.6));
#10335=CARTESIAN_POINT('Ctrl Pts',(8.78571609410139,-10.6703842865161,31.6));
#10336=CARTESIAN_POINT('Ctrl Pts',(8.84113026610286,-10.6528757586086,31.6));
#10337=CARTESIAN_POINT('',(8.84113026610286,-10.6528757586086,32.1));
#10338=CARTESIAN_POINT('Ctrl Pts',(8.84113026610286,-10.6528757586086,32.1));
#10339=CARTESIAN_POINT('Ctrl Pts',(8.78571609410139,-10.6703842865161,32.1));
#10340=CARTESIAN_POINT('Ctrl Pts',(8.67690643116641,-10.704763524738,32.1));
#10341=CARTESIAN_POINT('Ctrl Pts',(8.57967163409151,-10.7644466952102,32.1));
#10342=CARTESIAN_POINT('Ctrl Pts',(8.53195620528133,-10.7937346472347,32.1));
#10343=CARTESIAN_POINT('',(8.84113026610286,-10.6528757586086,31.6));
#10344=CARTESIAN_POINT('Ctrl Pts',(9.22312212935359,-10.5884145273769,31.6));
#10345=CARTESIAN_POINT('Ctrl Pts',(9.22312212935359,-10.5884145273769,32.1));
#10346=CARTESIAN_POINT('Ctrl Pts',(9.14847712140435,-10.5975999408321,31.6));
#10347=CARTESIAN_POINT('Ctrl Pts',(9.14847712140435,-10.5975999408321,32.1));
#10348=CARTESIAN_POINT('Ctrl Pts',(9.02015497419466,-10.6133905745257,31.6));
#10349=CARTESIAN_POINT('Ctrl Pts',(9.02015497419466,-10.6133905745257,32.1));
#10350=CARTESIAN_POINT('Ctrl Pts',(8.89393011149611,-10.641230373806,31.6));
#10351=CARTESIAN_POINT('Ctrl Pts',(8.89393011149611,-10.641230373806,32.1));
#10352=CARTESIAN_POINT('Ctrl Pts',(8.84113026610286,-10.6528757586086,31.6));
#10353=CARTESIAN_POINT('Ctrl Pts',(8.84113026610286,-10.6528757586086,32.1));
#10354=CARTESIAN_POINT('',(9.22312212935359,-10.5884145273769,31.6));
#10355=CARTESIAN_POINT('Ctrl Pts',(8.84113026610286,-10.6528757586086,31.6));
#10356=CARTESIAN_POINT('Ctrl Pts',(8.89393011149611,-10.641230373806,31.6));
#10357=CARTESIAN_POINT('Ctrl Pts',(9.02015497419466,-10.6133905745257,31.6));
#10358=CARTESIAN_POINT('Ctrl Pts',(9.14847712140435,-10.5975999408321,31.6));
#10359=CARTESIAN_POINT('Ctrl Pts',(9.22312212935359,-10.5884145273769,31.6));
#10360=CARTESIAN_POINT('',(9.22312212935359,-10.5884145273769,32.1));
#10361=CARTESIAN_POINT('Ctrl Pts',(9.22312212935359,-10.5884145273769,32.1));
#10362=CARTESIAN_POINT('Ctrl Pts',(9.14847712140435,-10.5975999408321,32.1));
#10363=CARTESIAN_POINT('Ctrl Pts',(9.02015497419466,-10.6133905745257,32.1));
#10364=CARTESIAN_POINT('Ctrl Pts',(8.89393011149611,-10.641230373806,32.1));
#10365=CARTESIAN_POINT('Ctrl Pts',(8.84113026610286,-10.6528757586086,32.1));
#10366=CARTESIAN_POINT('',(9.22312212935359,-10.5884145273769,31.6));
#10367=CARTESIAN_POINT('Ctrl Pts',(9.98949242583187,-10.4403923525417,31.6));
#10368=CARTESIAN_POINT('Ctrl Pts',(9.98949242583187,-10.4403923525417,32.1));
#10369=CARTESIAN_POINT('Ctrl Pts',(9.88508620517306,-10.4692429958967,31.6));
#10370=CARTESIAN_POINT('Ctrl Pts',(9.88508620517306,-10.4692429958967,32.1));
#10371=CARTESIAN_POINT('Ctrl Pts',(9.63369328409374,-10.5387105761068,31.6));
#10372=CARTESIAN_POINT('Ctrl Pts',(9.63369328409374,-10.5387105761068,32.1));
#10373=CARTESIAN_POINT('Ctrl Pts',(9.37460703487133,-10.5700756882376,31.6));
#10374=CARTESIAN_POINT('Ctrl Pts',(9.37460703487133,-10.5700756882376,32.1));
#10375=CARTESIAN_POINT('Ctrl Pts',(9.22312212935359,-10.5884145273769,31.6));
#10376=CARTESIAN_POINT('Ctrl Pts',(9.22312212935359,-10.5884145273769,32.1));
#10377=CARTESIAN_POINT('',(9.98949242583187,-10.4403923525417,31.6));
#10378=CARTESIAN_POINT('Ctrl Pts',(9.22312212935359,-10.5884145273769,31.6));
#10379=CARTESIAN_POINT('Ctrl Pts',(9.37460703487133,-10.5700756882376,31.6));
#10380=CARTESIAN_POINT('Ctrl Pts',(9.63369328409374,-10.5387105761068,31.6));
#10381=CARTESIAN_POINT('Ctrl Pts',(9.88508620517306,-10.4692429958967,31.6));
#10382=CARTESIAN_POINT('Ctrl Pts',(9.98949242583187,-10.4403923525417,31.6));
#10383=CARTESIAN_POINT('',(9.98949242583187,-10.4403923525417,32.1));
#10384=CARTESIAN_POINT('Ctrl Pts',(9.98949242583187,-10.4403923525417,32.1));
#10385=CARTESIAN_POINT('Ctrl Pts',(9.88508620517306,-10.4692429958967,32.1));
#10386=CARTESIAN_POINT('Ctrl Pts',(9.63369328409374,-10.5387105761068,32.1));
#10387=CARTESIAN_POINT('Ctrl Pts',(9.37460703487133,-10.5700756882376,32.1));
#10388=CARTESIAN_POINT('Ctrl Pts',(9.22312212935359,-10.5884145273769,32.1));
#10389=CARTESIAN_POINT('',(9.98949242583187,-10.4403923525417,31.6));
#10390=CARTESIAN_POINT('Ctrl Pts',(9.99188137999446,-10.3281824364269,31.6));
#10391=CARTESIAN_POINT('Ctrl Pts',(9.99188137999446,-10.3281824364269,32.1));
#10392=CARTESIAN_POINT('Ctrl Pts',(9.99170624802698,-10.3415128870039,31.6));
#10393=CARTESIAN_POINT('Ctrl Pts',(9.99170624802698,-10.3415128870039,32.1));
#10394=CARTESIAN_POINT('Ctrl Pts',(9.99121477364202,-10.378922248031,31.6));
#10395=CARTESIAN_POINT('Ctrl Pts',(9.99121477364202,-10.378922248031,32.1));
#10396=CARTESIAN_POINT('Ctrl Pts',(9.99016690012897,-10.4163205563062,31.6));
#10397=CARTESIAN_POINT('Ctrl Pts',(9.99016690012897,-10.4163205563062,32.1));
#10398=CARTESIAN_POINT('Ctrl Pts',(9.98949242583187,-10.4403923525417,31.6));
#10399=CARTESIAN_POINT('Ctrl Pts',(9.98949242583187,-10.4403923525417,32.1));
#10400=CARTESIAN_POINT('',(9.99188137999446,-10.3281824364269,31.6));
#10401=CARTESIAN_POINT('Ctrl Pts',(9.98949242583187,-10.4403923525417,31.6));
#10402=CARTESIAN_POINT('Ctrl Pts',(9.99016690012897,-10.4163205563062,31.6));
#10403=CARTESIAN_POINT('Ctrl Pts',(9.99121477364202,-10.378922248031,31.6));
#10404=CARTESIAN_POINT('Ctrl Pts',(9.99170624802698,-10.3415128870039,31.6));
#10405=CARTESIAN_POINT('Ctrl Pts',(9.99188137999446,-10.3281824364269,31.6));
#10406=CARTESIAN_POINT('',(9.99188137999446,-10.3281824364269,32.1));
#10407=CARTESIAN_POINT('Ctrl Pts',(9.99188137999446,-10.3281824364269,32.1));
#10408=CARTESIAN_POINT('Ctrl Pts',(9.99170624802698,-10.3415128870039,32.1));
#10409=CARTESIAN_POINT('Ctrl Pts',(9.99121477364202,-10.378922248031,32.1));
#10410=CARTESIAN_POINT('Ctrl Pts',(9.99016690012897,-10.4163205563062,32.1));
#10411=CARTESIAN_POINT('Ctrl Pts',(9.98949242583187,-10.4403923525417,32.1));
#10412=CARTESIAN_POINT('',(9.99188137999446,-10.3281824364269,31.6));
#10413=CARTESIAN_POINT('Ctrl Pts',(9.8701210116473,-9.95812759538531,31.6));
#10414=CARTESIAN_POINT('Ctrl Pts',(9.8701210116473,-9.95812759538531,32.1));
#10415=CARTESIAN_POINT('Ctrl Pts',(9.90547261406257,-10.0050968302037,31.6));
#10416=CARTESIAN_POINT('Ctrl Pts',(9.90547261406257,-10.0050968302037,32.1));
#10417=CARTESIAN_POINT('Ctrl Pts',(9.98714211163099,-10.1136054563114,31.6));
#10418=CARTESIAN_POINT('Ctrl Pts',(9.98714211163099,-10.1136054563114,32.1));
#10419=CARTESIAN_POINT('Ctrl Pts',(9.99016626625948,-10.2505282717789,31.6));
#10420=CARTESIAN_POINT('Ctrl Pts',(9.99016626625948,-10.2505282717789,32.1));
#10421=CARTESIAN_POINT('Ctrl Pts',(9.99188137999446,-10.3281824364269,31.6));
#10422=CARTESIAN_POINT('Ctrl Pts',(9.99188137999446,-10.3281824364269,32.1));
#10423=CARTESIAN_POINT('',(9.8701210116473,-9.95812759538531,31.6));
#10424=CARTESIAN_POINT('Ctrl Pts',(9.99188137999446,-10.3281824364269,31.6));
#10425=CARTESIAN_POINT('Ctrl Pts',(9.99016626625948,-10.2505282717789,31.6));
#10426=CARTESIAN_POINT('Ctrl Pts',(9.98714211163099,-10.1136054563114,31.6));
#10427=CARTESIAN_POINT('Ctrl Pts',(9.90547261406257,-10.0050968302037,31.6));
#10428=CARTESIAN_POINT('Ctrl Pts',(9.8701210116473,-9.95812759538531,31.6));
#10429=CARTESIAN_POINT('',(9.8701210116473,-9.95812759538531,32.1));
#10430=CARTESIAN_POINT('Ctrl Pts',(9.8701210116473,-9.95812759538531,32.1));
#10431=CARTESIAN_POINT('Ctrl Pts',(9.90547261406257,-10.0050968302037,32.1));
#10432=CARTESIAN_POINT('Ctrl Pts',(9.98714211163099,-10.1136054563114,32.1));
#10433=CARTESIAN_POINT('Ctrl Pts',(9.99016626625948,-10.2505282717789,32.1));
#10434=CARTESIAN_POINT('Ctrl Pts',(9.99188137999446,-10.3281824364269,32.1));
#10435=CARTESIAN_POINT('',(9.8701210116473,-9.95812759538531,31.6));
#10436=CARTESIAN_POINT('Ctrl Pts',(9.38069296828182,-9.81249377866626,31.6));
#10437=CARTESIAN_POINT('Ctrl Pts',(9.38069296828182,-9.81249377866626,32.1));
#10438=CARTESIAN_POINT('Ctrl Pts',(9.47849495196821,-9.815533569511,31.6));
#10439=CARTESIAN_POINT('Ctrl Pts',(9.47849495196821,-9.815533569511,32.1));
#10440=CARTESIAN_POINT('Ctrl Pts',(9.65536283136769,-9.8210308134345,31.6));
#10441=CARTESIAN_POINT('Ctrl Pts',(9.65536283136769,-9.8210308134345,32.1));
#10442=CARTESIAN_POINT('Ctrl Pts',(9.80377553661943,-9.91577413945885,31.6));
#10443=CARTESIAN_POINT('Ctrl Pts',(9.80377553661943,-9.91577413945885,32.1));
#10444=CARTESIAN_POINT('Ctrl Pts',(9.8701210116473,-9.95812759538531,31.6));
#10445=CARTESIAN_POINT('Ctrl Pts',(9.8701210116473,-9.95812759538531,32.1));
#10446=CARTESIAN_POINT('',(9.38069296828182,-9.81249377866626,31.6));
#10447=CARTESIAN_POINT('Ctrl Pts',(9.8701210116473,-9.95812759538531,31.6));
#10448=CARTESIAN_POINT('Ctrl Pts',(9.80377553661943,-9.91577413945885,31.6));
#10449=CARTESIAN_POINT('Ctrl Pts',(9.65536283136769,-9.8210308134345,31.6));
#10450=CARTESIAN_POINT('Ctrl Pts',(9.47849495196821,-9.815533569511,31.6));
#10451=CARTESIAN_POINT('Ctrl Pts',(9.38069296828182,-9.81249377866626,31.6));
#10452=CARTESIAN_POINT('',(9.38069296828182,-9.81249377866626,32.1));
#10453=CARTESIAN_POINT('Ctrl Pts',(9.38069296828182,-9.81249377866626,32.1));
#10454=CARTESIAN_POINT('Ctrl Pts',(9.47849495196821,-9.815533569511,32.1));
#10455=CARTESIAN_POINT('Ctrl Pts',(9.65536283136769,-9.8210308134345,32.1));
#10456=CARTESIAN_POINT('Ctrl Pts',(9.80377553661943,-9.91577413945885,32.1));
#10457=CARTESIAN_POINT('Ctrl Pts',(9.8701210116473,-9.95812759538531,32.1));
#10458=CARTESIAN_POINT('',(9.38069296828182,-9.81249377866626,31.6));
#10459=CARTESIAN_POINT('Ctrl Pts',(8.93304778090389,-9.91873488565326,31.6));
#10460=CARTESIAN_POINT('Ctrl Pts',(8.93304778090389,-9.91873488565326,32.1));
#10461=CARTESIAN_POINT('Ctrl Pts',(8.99331234241571,-9.88789603317134,31.6));
#10462=CARTESIAN_POINT('Ctrl Pts',(8.99331234241571,-9.88789603317134,32.1));
#10463=CARTESIAN_POINT('Ctrl Pts',(9.13313005986351,-9.81634788191024,31.6));
#10464=CARTESIAN_POINT('Ctrl Pts',(9.13313005986351,-9.81634788191024,32.1));
#10465=CARTESIAN_POINT('Ctrl Pts',(9.29091618819437,-9.81389143949348,31.6));
#10466=CARTESIAN_POINT('Ctrl Pts',(9.29091618819437,-9.81389143949348,32.1));
#10467=CARTESIAN_POINT('Ctrl Pts',(9.38069296828182,-9.81249377866626,31.6));
#10468=CARTESIAN_POINT('Ctrl Pts',(9.38069296828182,-9.81249377866626,32.1));
#10469=CARTESIAN_POINT('',(8.93304778090389,-9.91873488565326,31.6));
#10470=CARTESIAN_POINT('Ctrl Pts',(9.38069296828182,-9.81249377866626,31.6));
#10471=CARTESIAN_POINT('Ctrl Pts',(9.29091618819437,-9.81389143949348,31.6));
#10472=CARTESIAN_POINT('Ctrl Pts',(9.13313005986351,-9.81634788191024,31.6));
#10473=CARTESIAN_POINT('Ctrl Pts',(8.99331234241571,-9.88789603317134,31.6));
#10474=CARTESIAN_POINT('Ctrl Pts',(8.93304778090389,-9.91873488565326,31.6));
#10475=CARTESIAN_POINT('',(8.93304778090389,-9.91873488565326,32.1));
#10476=CARTESIAN_POINT('Ctrl Pts',(8.93304778090389,-9.91873488565326,32.1));
#10477=CARTESIAN_POINT('Ctrl Pts',(8.99331234241571,-9.88789603317134,32.1));
#10478=CARTESIAN_POINT('Ctrl Pts',(9.13313005986351,-9.81634788191024,32.1));
#10479=CARTESIAN_POINT('Ctrl Pts',(9.29091618819437,-9.81389143949348,32.1));
#10480=CARTESIAN_POINT('Ctrl Pts',(9.38069296828182,-9.81249377866626,32.1));
#10481=CARTESIAN_POINT('',(8.93304778090389,-9.91873488565326,31.6));
#10482=CARTESIAN_POINT('Ctrl Pts',(8.71936989775569,-10.2947579397762,31.6));
#10483=CARTESIAN_POINT('Ctrl Pts',(8.71936989775569,-10.2947579397762,32.1));
#10484=CARTESIAN_POINT('Ctrl Pts',(8.74208064259481,-10.2145089417252,31.6));
#10485=CARTESIAN_POINT('Ctrl Pts',(8.74208064259481,-10.2145089417252,32.1));
#10486=CARTESIAN_POINT('Ctrl Pts',(8.78270790667484,-10.0709514644574,31.6));
#10487=CARTESIAN_POINT('Ctrl Pts',(8.78270790667484,-10.0709514644574,32.1));
#10488=CARTESIAN_POINT('Ctrl Pts',(8.88703833128333,-9.96531867488295,31.6));
#10489=CARTESIAN_POINT('Ctrl Pts',(8.88703833128333,-9.96531867488295,32.1));
#10490=CARTESIAN_POINT('Ctrl Pts',(8.93304778090389,-9.91873488565326,31.6));
#10491=CARTESIAN_POINT('Ctrl Pts',(8.93304778090389,-9.91873488565326,32.1));
#10492=CARTESIAN_POINT('',(8.71936989775569,-10.2947579397762,31.6));
#10493=CARTESIAN_POINT('Ctrl Pts',(8.93304778090389,-9.91873488565326,31.6));
#10494=CARTESIAN_POINT('Ctrl Pts',(8.88703833128333,-9.96531867488295,31.6));
#10495=CARTESIAN_POINT('Ctrl Pts',(8.78270790667484,-10.0709514644574,31.6));
#10496=CARTESIAN_POINT('Ctrl Pts',(8.74208064259481,-10.2145089417252,31.6));
#10497=CARTESIAN_POINT('Ctrl Pts',(8.71936989775569,-10.2947579397762,31.6));
#10498=CARTESIAN_POINT('',(8.71936989775569,-10.2947579397762,32.1));
#10499=CARTESIAN_POINT('Ctrl Pts',(8.71936989775569,-10.2947579397762,32.1));
#10500=CARTESIAN_POINT('Ctrl Pts',(8.74208064259481,-10.2145089417252,32.1));
#10501=CARTESIAN_POINT('Ctrl Pts',(8.78270790667484,-10.0709514644574,32.1));
#10502=CARTESIAN_POINT('Ctrl Pts',(8.88703833128333,-9.96531867488295,32.1));
#10503=CARTESIAN_POINT('Ctrl Pts',(8.93304778090389,-9.91873488565326,32.1));
#10504=CARTESIAN_POINT('',(8.71936989775569,-10.2947579397762,31.6));
#10505=CARTESIAN_POINT('Origin',(8.29917860976131,-10.2374593987071,31.6));
#10506=CARTESIAN_POINT('',(8.29917860976131,-10.2374593987071,31.6));
#10507=CARTESIAN_POINT('',(8.71936989775569,-10.2947579397762,31.6));
#10508=CARTESIAN_POINT('',(8.29917860976131,-10.2374593987071,32.1));
#10509=CARTESIAN_POINT('',(8.71936989775569,-10.2947579397762,32.1));
#10510=CARTESIAN_POINT('',(8.29917860976131,-10.2374593987071,31.6));
#10511=CARTESIAN_POINT('Ctrl Pts',(8.48778916350276,-9.80175004144549,31.6));
#10512=CARTESIAN_POINT('Ctrl Pts',(8.48778916350276,-9.80175004144549,32.1));
#10513=CARTESIAN_POINT('Ctrl Pts',(8.4465596331311,-9.8641095383396,31.6));
#10514=CARTESIAN_POINT('Ctrl Pts',(8.4465596331311,-9.8641095383396,32.1));
#10515=CARTESIAN_POINT('Ctrl Pts',(8.35803700008453,-9.99799966055937,31.6));
#10516=CARTESIAN_POINT('Ctrl Pts',(8.35803700008453,-9.99799966055937,32.1));
#10517=CARTESIAN_POINT('Ctrl Pts',(8.31967399552827,-10.1540758796873,31.6));
#10518=CARTESIAN_POINT('Ctrl Pts',(8.31967399552827,-10.1540758796873,32.1));
#10519=CARTESIAN_POINT('Ctrl Pts',(8.29917860976131,-10.2374593987071,31.6));
#10520=CARTESIAN_POINT('Ctrl Pts',(8.29917860976131,-10.2374593987071,32.1));
#10521=CARTESIAN_POINT('',(8.48778916350276,-9.80175004144549,31.6));
#10522=CARTESIAN_POINT('Ctrl Pts',(8.29917860976131,-10.2374593987071,31.6));
#10523=CARTESIAN_POINT('Ctrl Pts',(8.31967399552827,-10.1540758796873,31.6));
#10524=CARTESIAN_POINT('Ctrl Pts',(8.35803700008453,-9.99799966055937,31.6));
#10525=CARTESIAN_POINT('Ctrl Pts',(8.4465596331311,-9.8641095383396,31.6));
#10526=CARTESIAN_POINT('Ctrl Pts',(8.48778916350276,-9.80175004144549,31.6));
#10527=CARTESIAN_POINT('',(8.48778916350276,-9.80175004144549,32.1));
#10528=CARTESIAN_POINT('Ctrl Pts',(8.48778916350276,-9.80175004144549,32.1));
#10529=CARTESIAN_POINT('Ctrl Pts',(8.4465596331311,-9.8641095383396,32.1));
#10530=CARTESIAN_POINT('Ctrl Pts',(8.35803700008453,-9.99799966055937,32.1));
#10531=CARTESIAN_POINT('Ctrl Pts',(8.31967399552827,-10.1540758796873,32.1));
#10532=CARTESIAN_POINT('Ctrl Pts',(8.29917860976131,-10.2374593987071,32.1));
#10533=CARTESIAN_POINT('',(8.48778916350276,-9.80175004144549,31.6));
#10534=CARTESIAN_POINT('Ctrl Pts',(8.8673920725909,-9.54629287858844,31.6));
#10535=CARTESIAN_POINT('Ctrl Pts',(8.8673920725909,-9.54629287858844,32.1));
#10536=CARTESIAN_POINT('Ctrl Pts',(8.79097036721458,-9.57753083257028,31.6));
#10537=CARTESIAN_POINT('Ctrl Pts',(8.79097036721458,-9.57753083257028,32.1));
#10538=CARTESIAN_POINT('Ctrl Pts',(8.64654595032603,-9.63656541268601,31.6));
#10539=CARTESIAN_POINT('Ctrl Pts',(8.64654595032603,-9.63656541268601,32.1));
#10540=CARTESIAN_POINT('Ctrl Pts',(8.53861078904666,-9.74887071882625,31.6));
#10541=CARTESIAN_POINT('Ctrl Pts',(8.53861078904666,-9.74887071882625,32.1));
#10542=CARTESIAN_POINT('Ctrl Pts',(8.48778916350276,-9.80175004144549,31.6));
#10543=CARTESIAN_POINT('Ctrl Pts',(8.48778916350276,-9.80175004144549,32.1));
#10544=CARTESIAN_POINT('',(8.8673920725909,-9.54629287858844,31.6));
#10545=CARTESIAN_POINT('Ctrl Pts',(8.48778916350276,-9.80175004144549,31.6));
#10546=CARTESIAN_POINT('Ctrl Pts',(8.53861078904666,-9.74887071882625,31.6));
#10547=CARTESIAN_POINT('Ctrl Pts',(8.64654595032603,-9.63656541268601,31.6));
#10548=CARTESIAN_POINT('Ctrl Pts',(8.79097036721458,-9.57753083257028,31.6));
#10549=CARTESIAN_POINT('Ctrl Pts',(8.8673920725909,-9.54629287858844,31.6));
#10550=CARTESIAN_POINT('',(8.8673920725909,-9.54629287858844,32.1));
#10551=CARTESIAN_POINT('Ctrl Pts',(8.8673920725909,-9.54629287858844,32.1));
#10552=CARTESIAN_POINT('Ctrl Pts',(8.79097036721458,-9.57753083257028,32.1));
#10553=CARTESIAN_POINT('Ctrl Pts',(8.64654595032603,-9.63656541268601,32.1));
#10554=CARTESIAN_POINT('Ctrl Pts',(8.53861078904666,-9.74887071882625,32.1));
#10555=CARTESIAN_POINT('Ctrl Pts',(8.48778916350276,-9.80175004144549,32.1));
#10556=CARTESIAN_POINT('',(8.8673920725909,-9.54629287858844,31.6));
#10557=CARTESIAN_POINT('Ctrl Pts',(9.4427676295367,-9.45676372190356,31.6));
#10558=CARTESIAN_POINT('Ctrl Pts',(9.4427676295367,-9.45676372190356,32.1));
#10559=CARTESIAN_POINT('Ctrl Pts',(9.33956581552384,-9.45960845932042,31.6));
#10560=CARTESIAN_POINT('Ctrl Pts',(9.33956581552384,-9.45960845932042,32.1));
#10561=CARTESIAN_POINT('Ctrl Pts',(9.14385123815821,-9.46500329260492,31.6));
#10562=CARTESIAN_POINT('Ctrl Pts',(9.14385123815821,-9.46500329260492,32.1));
#10563=CARTESIAN_POINT('Ctrl Pts',(8.9561275870535,-9.52020123782877,31.6));
#10564=CARTESIAN_POINT('Ctrl Pts',(8.9561275870535,-9.52020123782877,32.1));
#10565=CARTESIAN_POINT('Ctrl Pts',(8.8673920725909,-9.54629287858844,31.6));
#10566=CARTESIAN_POINT('Ctrl Pts',(8.8673920725909,-9.54629287858844,32.1));
#10567=CARTESIAN_POINT('',(9.4427676295367,-9.45676372190356,31.6));
#10568=CARTESIAN_POINT('Ctrl Pts',(8.8673920725909,-9.54629287858844,31.6));
#10569=CARTESIAN_POINT('Ctrl Pts',(8.9561275870535,-9.52020123782877,31.6));
#10570=CARTESIAN_POINT('Ctrl Pts',(9.14385123815821,-9.46500329260492,31.6));
#10571=CARTESIAN_POINT('Ctrl Pts',(9.33956581552384,-9.45960845932042,31.6));
#10572=CARTESIAN_POINT('Ctrl Pts',(9.4427676295367,-9.45676372190356,31.6));
#10573=CARTESIAN_POINT('',(9.4427676295367,-9.45676372190356,32.1));
#10574=CARTESIAN_POINT('Ctrl Pts',(9.4427676295367,-9.45676372190356,32.1));
#10575=CARTESIAN_POINT('Ctrl Pts',(9.33956581552384,-9.45960845932042,32.1));
#10576=CARTESIAN_POINT('Ctrl Pts',(9.14385123815821,-9.46500329260492,32.1));
#10577=CARTESIAN_POINT('Ctrl Pts',(8.9561275870535,-9.52020123782877,32.1));
#10578=CARTESIAN_POINT('Ctrl Pts',(8.8673920725909,-9.54629287858844,32.1));
#10579=CARTESIAN_POINT('',(9.4427676295367,-9.45676372190356,31.6));
#10580=CARTESIAN_POINT('Ctrl Pts',(9.97039271346004,-9.53316197534442,31.6));
#10581=CARTESIAN_POINT('Ctrl Pts',(9.97039271346004,-9.53316197534442,32.1));
#10582=CARTESIAN_POINT('Ctrl Pts',(9.89308284799821,-9.510939006465,31.6));
#10583=CARTESIAN_POINT('Ctrl Pts',(9.89308284799821,-9.510939006465,32.1));
#10584=CARTESIAN_POINT('Ctrl Pts',(9.7209076268661,-9.46144668671812,31.6));
#10585=CARTESIAN_POINT('Ctrl Pts',(9.7209076268661,-9.46144668671812,32.1));
#10586=CARTESIAN_POINT('Ctrl Pts',(9.54157602071356,-9.45842733096269,31.6));
#10587=CARTESIAN_POINT('Ctrl Pts',(9.54157602071356,-9.45842733096269,32.1));
#10588=CARTESIAN_POINT('Ctrl Pts',(9.4427676295367,-9.45676372190356,31.6));
#10589=CARTESIAN_POINT('Ctrl Pts',(9.4427676295367,-9.45676372190356,32.1));
#10590=CARTESIAN_POINT('',(9.97039271346004,-9.53316197534442,31.6));
#10591=CARTESIAN_POINT('Ctrl Pts',(9.4427676295367,-9.45676372190356,31.6));
#10592=CARTESIAN_POINT('Ctrl Pts',(9.54157602071356,-9.45842733096269,31.6));
#10593=CARTESIAN_POINT('Ctrl Pts',(9.7209076268661,-9.46144668671812,31.6));
#10594=CARTESIAN_POINT('Ctrl Pts',(9.89308284799821,-9.510939006465,31.6));
#10595=CARTESIAN_POINT('Ctrl Pts',(9.97039271346004,-9.53316197534442,31.6));
#10596=CARTESIAN_POINT('',(9.97039271346004,-9.53316197534442,32.1));
#10597=CARTESIAN_POINT('Ctrl Pts',(9.97039271346004,-9.53316197534442,32.1));
#10598=CARTESIAN_POINT('Ctrl Pts',(9.89308284799821,-9.510939006465,32.1));
#10599=CARTESIAN_POINT('Ctrl Pts',(9.7209076268661,-9.46144668671812,32.1));
#10600=CARTESIAN_POINT('Ctrl Pts',(9.54157602071356,-9.45842733096269,32.1));
#10601=CARTESIAN_POINT('Ctrl Pts',(9.4427676295367,-9.45676372190356,32.1));
#10602=CARTESIAN_POINT('',(9.97039271346004,-9.53316197534442,31.6));
#10603=CARTESIAN_POINT('Ctrl Pts',(10.2688236331073,-9.72535178800464,31.6));
#10604=CARTESIAN_POINT('Ctrl Pts',(10.2688236331073,-9.72535178800464,32.1));
#10605=CARTESIAN_POINT('Ctrl Pts',(10.2297709982581,-9.6874186463091,31.6));
#10606=CARTESIAN_POINT('Ctrl Pts',(10.2297709982581,-9.6874186463091,32.1));
#10607=CARTESIAN_POINT('Ctrl Pts',(10.1434101325617,-9.60353342401697,31.6));
#10608=CARTESIAN_POINT('Ctrl Pts',(10.1434101325617,-9.60353342401697,32.1));
#10609=CARTESIAN_POINT('Ctrl Pts',(10.0316271215252,-9.55806787225658,31.6));
#10610=CARTESIAN_POINT('Ctrl Pts',(10.0316271215252,-9.55806787225658,32.1));
#10611=CARTESIAN_POINT('Ctrl Pts',(9.97039271346004,-9.53316197534442,31.6));
#10612=CARTESIAN_POINT('Ctrl Pts',(9.97039271346004,-9.53316197534442,32.1));
#10613=CARTESIAN_POINT('',(10.2688236331073,-9.72535178800464,31.6));
#10614=CARTESIAN_POINT('Ctrl Pts',(9.97039271346004,-9.53316197534442,31.6));
#10615=CARTESIAN_POINT('Ctrl Pts',(10.0316271215252,-9.55806787225658,31.6));
#10616=CARTESIAN_POINT('Ctrl Pts',(10.1434101325617,-9.60353342401697,31.6));
#10617=CARTESIAN_POINT('Ctrl Pts',(10.2297709982581,-9.6874186463091,31.6));
#10618=CARTESIAN_POINT('Ctrl Pts',(10.2688236331073,-9.72535178800464,31.6));
#10619=CARTESIAN_POINT('',(10.2688236331073,-9.72535178800464,32.1));
#10620=CARTESIAN_POINT('Ctrl Pts',(10.2688236331073,-9.72535178800464,32.1));
#10621=CARTESIAN_POINT('Ctrl Pts',(10.2297709982581,-9.6874186463091,32.1));
#10622=CARTESIAN_POINT('Ctrl Pts',(10.1434101325617,-9.60353342401697,32.1));
#10623=CARTESIAN_POINT('Ctrl Pts',(10.0316271215252,-9.55806787225658,32.1));
#10624=CARTESIAN_POINT('Ctrl Pts',(9.97039271346004,-9.53316197534442,32.1));
#10625=CARTESIAN_POINT('',(10.2688236331073,-9.72535178800464,31.6));
#10626=CARTESIAN_POINT('Ctrl Pts',(10.40252161971,-10.0178144945705,31.6));
#10627=CARTESIAN_POINT('Ctrl Pts',(10.40252161971,-10.0178144945705,32.1));
#10628=CARTESIAN_POINT('Ctrl Pts',(10.3882366808278,-9.96250113571343,31.6));
#10629=CARTESIAN_POINT('Ctrl Pts',(10.3882366808278,-9.96250113571343,32.1));
#10630=CARTESIAN_POINT('Ctrl Pts',(10.3609843763279,-9.85697625311397,31.6));
#10631=CARTESIAN_POINT('Ctrl Pts',(10.3609843763279,-9.85697625311397,32.1));
#10632=CARTESIAN_POINT('Ctrl Pts',(10.2985375031973,-9.76778929577921,31.6));
#10633=CARTESIAN_POINT('Ctrl Pts',(10.2985375031973,-9.76778929577921,32.1));
#10634=CARTESIAN_POINT('Ctrl Pts',(10.2688236331073,-9.72535178800464,31.6));
#10635=CARTESIAN_POINT('Ctrl Pts',(10.2688236331073,-9.72535178800464,32.1));
#10636=CARTESIAN_POINT('',(10.40252161971,-10.0178144945705,31.6));
#10637=CARTESIAN_POINT('Ctrl Pts',(10.2688236331073,-9.72535178800464,31.6));
#10638=CARTESIAN_POINT('Ctrl Pts',(10.2985375031973,-9.76778929577921,31.6));
#10639=CARTESIAN_POINT('Ctrl Pts',(10.3609843763279,-9.85697625311397,31.6));
#10640=CARTESIAN_POINT('Ctrl Pts',(10.3882366808278,-9.96250113571343,31.6));
#10641=CARTESIAN_POINT('Ctrl Pts',(10.40252161971,-10.0178144945705,31.6));
#10642=CARTESIAN_POINT('',(10.40252161971,-10.0178144945705,32.1));
#10643=CARTESIAN_POINT('Ctrl Pts',(10.40252161971,-10.0178144945705,32.1));
#10644=CARTESIAN_POINT('Ctrl Pts',(10.3882366808278,-9.96250113571343,32.1));
#10645=CARTESIAN_POINT('Ctrl Pts',(10.3609843763279,-9.85697625311397,32.1));
#10646=CARTESIAN_POINT('Ctrl Pts',(10.2985375031973,-9.76778929577921,32.1));
#10647=CARTESIAN_POINT('Ctrl Pts',(10.2688236331073,-9.72535178800464,32.1));
#10648=CARTESIAN_POINT('',(10.40252161971,-10.0178144945705,31.6));
#10649=CARTESIAN_POINT('Ctrl Pts',(10.4240102862445,-10.4141305460536,31.6));
#10650=CARTESIAN_POINT('Ctrl Pts',(10.4240102862445,-10.4141305460536,32.1));
#10651=CARTESIAN_POINT('Ctrl Pts',(10.4242395116196,-10.3332272603964,31.6));
#10652=CARTESIAN_POINT('Ctrl Pts',(10.4242395116196,-10.3332272603964,32.1));
#10653=CARTESIAN_POINT('Ctrl Pts',(10.4246151613307,-10.200644661885,31.6));
#10654=CARTESIAN_POINT('Ctrl Pts',(10.4246151613307,-10.200644661885,32.1));
#10655=CARTESIAN_POINT('Ctrl Pts',(10.4087181203379,-10.0690922510303,31.6));
#10656=CARTESIAN_POINT('Ctrl Pts',(10.4087181203379,-10.0690922510303,32.1));
#10657=CARTESIAN_POINT('Ctrl Pts',(10.40252161971,-10.0178144945705,31.6));
#10658=CARTESIAN_POINT('Ctrl Pts',(10.40252161971,-10.0178144945705,32.1));
#10659=CARTESIAN_POINT('',(10.4240102862445,-10.4141305460536,31.6));
#10660=CARTESIAN_POINT('Ctrl Pts',(10.40252161971,-10.0178144945705,31.6));
#10661=CARTESIAN_POINT('Ctrl Pts',(10.4087181203379,-10.0690922510303,31.6));
#10662=CARTESIAN_POINT('Ctrl Pts',(10.4246151613307,-10.200644661885,31.6));
#10663=CARTESIAN_POINT('Ctrl Pts',(10.4242395116196,-10.3332272603964,31.6));
#10664=CARTESIAN_POINT('Ctrl Pts',(10.4240102862445,-10.4141305460536,31.6));
#10665=CARTESIAN_POINT('',(10.4240102862445,-10.4141305460536,32.1));
#10666=CARTESIAN_POINT('Ctrl Pts',(10.4240102862445,-10.4141305460536,32.1));
#10667=CARTESIAN_POINT('Ctrl Pts',(10.4242395116196,-10.3332272603964,32.1));
#10668=CARTESIAN_POINT('Ctrl Pts',(10.4246151613307,-10.200644661885,32.1));
#10669=CARTESIAN_POINT('Ctrl Pts',(10.4087181203379,-10.0690922510303,32.1));
#10670=CARTESIAN_POINT('Ctrl Pts',(10.40252161971,-10.0178144945705,32.1));
#10671=CARTESIAN_POINT('',(10.4240102862445,-10.4141305460536,31.6));
#10672=CARTESIAN_POINT('Origin',(10.4240102862445,-10.9871183409297,31.6));
#10673=CARTESIAN_POINT('',(10.4240102862445,-10.9871183409297,31.6));
#10674=CARTESIAN_POINT('',(10.4240102862445,-10.4141305460536,31.6));
#10675=CARTESIAN_POINT('',(10.4240102862445,-10.9871183409297,32.1));
#10676=CARTESIAN_POINT('',(10.4240102862445,-10.4141305460536,32.1));
#10677=CARTESIAN_POINT('',(10.4240102862445,-10.9871183409297,31.6));
#10678=CARTESIAN_POINT('Ctrl Pts',(10.451464185628,-11.7451332583034,31.6));
#10679=CARTESIAN_POINT('Ctrl Pts',(10.451464185628,-11.7451332583034,32.1));
#10680=CARTESIAN_POINT('Ctrl Pts',(10.4436050200956,-11.6555496185459,31.6));
#10681=CARTESIAN_POINT('Ctrl Pts',(10.4436050200956,-11.6555496185459,32.1));
#10682=CARTESIAN_POINT('Ctrl Pts',(10.4214896342031,-11.4034647432834,31.6));
#10683=CARTESIAN_POINT('Ctrl Pts',(10.4214896342031,-11.4034647432834,32.1));
#10684=CARTESIAN_POINT('Ctrl Pts',(10.4230222910841,-11.1503095405946,31.6));
#10685=CARTESIAN_POINT('Ctrl Pts',(10.4230222910841,-11.1503095405946,32.1));
#10686=CARTESIAN_POINT('Ctrl Pts',(10.4240102862445,-10.9871183409297,31.6));
#10687=CARTESIAN_POINT('Ctrl Pts',(10.4240102862445,-10.9871183409297,32.1));
#10688=CARTESIAN_POINT('',(10.451464185628,-11.7451332583034,31.6));
#10689=CARTESIAN_POINT('Ctrl Pts',(10.4240102862445,-10.9871183409297,31.6));
#10690=CARTESIAN_POINT('Ctrl Pts',(10.4230222910841,-11.1503095405946,31.6));
#10691=CARTESIAN_POINT('Ctrl Pts',(10.4214896342031,-11.4034647432834,31.6));
#10692=CARTESIAN_POINT('Ctrl Pts',(10.4436050200956,-11.6555496185459,31.6));
#10693=CARTESIAN_POINT('Ctrl Pts',(10.451464185628,-11.7451332583034,31.6));
#10694=CARTESIAN_POINT('',(10.451464185628,-11.7451332583034,32.1));
#10695=CARTESIAN_POINT('Ctrl Pts',(10.451464185628,-11.7451332583034,32.1));
#10696=CARTESIAN_POINT('Ctrl Pts',(10.4436050200956,-11.6555496185459,32.1));
#10697=CARTESIAN_POINT('Ctrl Pts',(10.4214896342031,-11.4034647432834,32.1));
#10698=CARTESIAN_POINT('Ctrl Pts',(10.4230222910841,-11.1503095405946,32.1));
#10699=CARTESIAN_POINT('Ctrl Pts',(10.4240102862445,-10.9871183409297,32.1));
#10700=CARTESIAN_POINT('',(10.451464185628,-11.7451332583034,31.6));
#10701=CARTESIAN_POINT('Ctrl Pts',(10.560094842824,-12.0495329870784,31.6));
#10702=CARTESIAN_POINT('Ctrl Pts',(10.560094842824,-12.0495329870784,32.1));
#10703=CARTESIAN_POINT('Ctrl Pts',(10.5353162843301,-12.0006762898256,31.6));
#10704=CARTESIAN_POINT('Ctrl Pts',(10.5353162843301,-12.0006762898256,32.1));
#10705=CARTESIAN_POINT('Ctrl Pts',(10.4861882165795,-11.9038088657867,31.6));
#10706=CARTESIAN_POINT('Ctrl Pts',(10.4861882165795,-11.9038088657867,32.1));
#10707=CARTESIAN_POINT('Ctrl Pts',(10.4629712759203,-11.7977162820038,31.6));
#10708=CARTESIAN_POINT('Ctrl Pts',(10.4629712759203,-11.7977162820038,32.1));
#10709=CARTESIAN_POINT('Ctrl Pts',(10.451464185628,-11.7451332583034,31.6));
#10710=CARTESIAN_POINT('Ctrl Pts',(10.451464185628,-11.7451332583034,32.1));
#10711=CARTESIAN_POINT('',(10.560094842824,-12.0495329870784,31.6));
#10712=CARTESIAN_POINT('Ctrl Pts',(10.451464185628,-11.7451332583034,31.6));
#10713=CARTESIAN_POINT('Ctrl Pts',(10.4629712759203,-11.7977162820038,31.6));
#10714=CARTESIAN_POINT('Ctrl Pts',(10.4861882165795,-11.9038088657867,31.6));
#10715=CARTESIAN_POINT('Ctrl Pts',(10.5353162843301,-12.0006762898256,31.6));
#10716=CARTESIAN_POINT('Ctrl Pts',(10.560094842824,-12.0495329870784,31.6));
#10717=CARTESIAN_POINT('',(10.560094842824,-12.0495329870784,32.1));
#10718=CARTESIAN_POINT('Ctrl Pts',(10.560094842824,-12.0495329870784,32.1));
#10719=CARTESIAN_POINT('Ctrl Pts',(10.5353162843301,-12.0006762898256,32.1));
#10720=CARTESIAN_POINT('Ctrl Pts',(10.4861882165795,-11.9038088657867,32.1));
#10721=CARTESIAN_POINT('Ctrl Pts',(10.4629712759203,-11.7977162820038,32.1));
#10722=CARTESIAN_POINT('Ctrl Pts',(10.451464185628,-11.7451332583034,32.1));
#10723=CARTESIAN_POINT('',(10.560094842824,-12.0495329870784,31.6));
#10724=CARTESIAN_POINT('Origin',(10.111252794179,-12.0495329870784,31.6));
#10725=CARTESIAN_POINT('',(10.111252794179,-12.0495329870784,31.6));
#10726=CARTESIAN_POINT('',(10.560094842824,-12.0495329870784,31.6));
#10727=CARTESIAN_POINT('',(10.111252794179,-12.0495329870784,32.1));
#10728=CARTESIAN_POINT('',(10.560094842824,-12.0495329870784,32.1));
#10729=CARTESIAN_POINT('',(10.111252794179,-12.0495329870784,31.6));
#10730=CARTESIAN_POINT('Ctrl Pts',(10.0253052805987,-11.7367772831523,31.6));
#10731=CARTESIAN_POINT('Ctrl Pts',(10.0253052805987,-11.7367772831523,32.1));
#10732=CARTESIAN_POINT('Ctrl Pts',(10.0330879346516,-11.7933994845693,31.6));
#10733=CARTESIAN_POINT('Ctrl Pts',(10.0330879346516,-11.7933994845693,32.1));
#10734=CARTESIAN_POINT('Ctrl Pts',(10.047946824558,-11.9015043870086,31.6));
#10735=CARTESIAN_POINT('Ctrl Pts',(10.047946824558,-11.9015043870086,32.1));
#10736=CARTESIAN_POINT('Ctrl Pts',(10.0908303914596,-12.001779201729,31.6));
#10737=CARTESIAN_POINT('Ctrl Pts',(10.0908303914596,-12.001779201729,32.1));
#10738=CARTESIAN_POINT('Ctrl Pts',(10.111252794179,-12.0495329870784,31.6));
#10739=CARTESIAN_POINT('Ctrl Pts',(10.111252794179,-12.0495329870784,32.1));
#10740=CARTESIAN_POINT('Ctrl Pts',(10.111252794179,-12.0495329870784,31.6));
#10741=CARTESIAN_POINT('Ctrl Pts',(10.0908303914596,-12.001779201729,31.6));
#10742=CARTESIAN_POINT('Ctrl Pts',(10.047946824558,-11.9015043870086,31.6));
#10743=CARTESIAN_POINT('Ctrl Pts',(10.0330879346516,-11.7933994845693,31.6));
#10744=CARTESIAN_POINT('Ctrl Pts',(10.0253052805987,-11.7367772831523,31.6));
#10745=CARTESIAN_POINT('Ctrl Pts',(10.0253052805987,-11.7367772831523,32.1));
#10746=CARTESIAN_POINT('Ctrl Pts',(10.0330879346516,-11.7933994845693,32.1));
#10747=CARTESIAN_POINT('Ctrl Pts',(10.047946824558,-11.9015043870086,32.1));
#10748=CARTESIAN_POINT('Ctrl Pts',(10.0908303914596,-12.001779201729,32.1));
#10749=CARTESIAN_POINT('Ctrl Pts',(10.111252794179,-12.0495329870784,32.1));
#10750=CARTESIAN_POINT('Origin',(0.119780132683824,-10.7841853870952,32.1));
#10751=CARTESIAN_POINT('Origin',(0.119780132683824,-10.7841853870952,31.6));
#10752=CARTESIAN_POINT('Origin',(3.54099465361507,-10.2661083712184,31.6));
#10753=CARTESIAN_POINT('',(3.54099465361507,-10.6767498030269,31.6));
#10754=CARTESIAN_POINT('',(3.54099465361507,-10.2661083712184,31.6));
#10755=CARTESIAN_POINT('',(3.54099465361507,-10.6767498030269,31.6));
#10756=CARTESIAN_POINT('',(3.54099465361507,-10.6767498030269,32.1));
#10757=CARTESIAN_POINT('',(3.54099465361507,-10.6767498030269,31.6));
#10758=CARTESIAN_POINT('',(3.54099465361507,-10.2661083712184,32.1));
#10759=CARTESIAN_POINT('',(3.54099465361507,-10.6767498030269,32.1));
#10760=CARTESIAN_POINT('',(3.54099465361507,-10.2661083712184,31.6));
#10761=CARTESIAN_POINT('Origin',(5.02360058775813,-10.2637212051952,31.6));
#10762=CARTESIAN_POINT('',(5.02360058775813,-10.2637212051952,31.6));
#10763=CARTESIAN_POINT('',(3.54099465361507,-10.2661083712184,31.6));
#10764=CARTESIAN_POINT('',(5.02360058775813,-10.2637212051952,32.1));
#10765=CARTESIAN_POINT('',(3.54099465361507,-10.2661083712184,32.1));
#10766=CARTESIAN_POINT('',(5.02360058775813,-10.2637212051952,31.6));
#10767=CARTESIAN_POINT('Origin',(5.02360058775813,-11.5624933018291,31.6));
#10768=CARTESIAN_POINT('',(5.02360058775813,-11.5624933018291,31.6));
#10769=CARTESIAN_POINT('',(5.02360058775813,-10.2637212051952,31.6));
#10770=CARTESIAN_POINT('',(5.02360058775813,-11.5624933018291,32.1));
#10771=CARTESIAN_POINT('',(5.02360058775813,-10.2637212051952,32.1));
#10772=CARTESIAN_POINT('',(5.02360058775813,-11.5624933018291,31.6));
#10773=CARTESIAN_POINT('Ctrl Pts',(4.31930256834895,-11.9719408526027,31.6));
#10774=CARTESIAN_POINT('Ctrl Pts',(4.31930256834895,-11.9719408526027,32.1));
#10775=CARTESIAN_POINT('Ctrl Pts',(4.44097864139648,-11.9192685851543,31.6));
#10776=CARTESIAN_POINT('Ctrl Pts',(4.44097864139648,-11.9192685851543,32.1));
#10777=CARTESIAN_POINT('Ctrl Pts',(4.69186361760136,-11.8106631688676,31.6));
#10778=CARTESIAN_POINT('Ctrl Pts',(4.69186361760136,-11.8106631688676,32.1));
#10779=CARTESIAN_POINT('Ctrl Pts',(4.91083010557458,-11.6468560291915,31.6));
#10780=CARTESIAN_POINT('Ctrl Pts',(4.91083010557458,-11.6468560291915,32.1));
#10781=CARTESIAN_POINT('Ctrl Pts',(5.02360058775813,-11.5624933018291,31.6));
#10782=CARTESIAN_POINT('Ctrl Pts',(5.02360058775813,-11.5624933018291,32.1));
#10783=CARTESIAN_POINT('',(4.31930256834895,-11.9719408526027,31.6));
#10784=CARTESIAN_POINT('Ctrl Pts',(5.02360058775813,-11.5624933018291,31.6));
#10785=CARTESIAN_POINT('Ctrl Pts',(4.91083010557458,-11.6468560291915,31.6));
#10786=CARTESIAN_POINT('Ctrl Pts',(4.69186361760136,-11.8106631688676,31.6));
#10787=CARTESIAN_POINT('Ctrl Pts',(4.44097864139648,-11.9192685851543,31.6));
#10788=CARTESIAN_POINT('Ctrl Pts',(4.31930256834895,-11.9719408526027,31.6));
#10789=CARTESIAN_POINT('',(4.31930256834895,-11.9719408526027,32.1));
#10790=CARTESIAN_POINT('Ctrl Pts',(4.31930256834895,-11.9719408526027,32.1));
#10791=CARTESIAN_POINT('Ctrl Pts',(4.44097864139648,-11.9192685851543,32.1));
#10792=CARTESIAN_POINT('Ctrl Pts',(4.69186361760136,-11.8106631688676,32.1));
#10793=CARTESIAN_POINT('Ctrl Pts',(4.91083010557458,-11.6468560291915,32.1));
#10794=CARTESIAN_POINT('Ctrl Pts',(5.02360058775813,-11.5624933018291,32.1));
#10795=CARTESIAN_POINT('',(4.31930256834895,-11.9719408526027,31.6));
#10796=CARTESIAN_POINT('Ctrl Pts',(3.57441855421932,-12.1092192902172,31.6));
#10797=CARTESIAN_POINT('Ctrl Pts',(3.57441855421932,-12.1092192902172,32.1));
#10798=CARTESIAN_POINT('Ctrl Pts',(3.70119282957045,-12.1034084986987,31.6));
#10799=CARTESIAN_POINT('Ctrl Pts',(3.70119282957045,-12.1034084986987,32.1));
#10800=CARTESIAN_POINT('Ctrl Pts',(3.95575750261304,-12.0917403409521,31.6));
#10801=CARTESIAN_POINT('Ctrl Pts',(3.95575750261304,-12.0917403409521,32.1));
#10802=CARTESIAN_POINT('Ctrl Pts',(4.19779883507828,-12.0119801392009,31.6));
#10803=CARTESIAN_POINT('Ctrl Pts',(4.19779883507828,-12.0119801392009,32.1));
#10804=CARTESIAN_POINT('Ctrl Pts',(4.31930256834895,-11.9719408526027,31.6));
#10805=CARTESIAN_POINT('Ctrl Pts',(4.31930256834895,-11.9719408526027,32.1));
#10806=CARTESIAN_POINT('',(3.57441855421932,-12.1092192902172,31.6));
#10807=CARTESIAN_POINT('Ctrl Pts',(4.31930256834895,-11.9719408526027,31.6));
#10808=CARTESIAN_POINT('Ctrl Pts',(4.19779883507828,-12.0119801392009,31.6));
#10809=CARTESIAN_POINT('Ctrl Pts',(3.95575750261304,-12.0917403409521,31.6));
#10810=CARTESIAN_POINT('Ctrl Pts',(3.70119282957045,-12.1034084986987,31.6));
#10811=CARTESIAN_POINT('Ctrl Pts',(3.57441855421932,-12.1092192902172,31.6));
#10812=CARTESIAN_POINT('',(3.57441855421932,-12.1092192902172,32.1));
#10813=CARTESIAN_POINT('Ctrl Pts',(3.57441855421932,-12.1092192902172,32.1));
#10814=CARTESIAN_POINT('Ctrl Pts',(3.70119282957045,-12.1034084986987,32.1));
#10815=CARTESIAN_POINT('Ctrl Pts',(3.95575750261304,-12.0917403409521,32.1));
#10816=CARTESIAN_POINT('Ctrl Pts',(4.19779883507828,-12.0119801392009,32.1));
#10817=CARTESIAN_POINT('Ctrl Pts',(4.31930256834895,-11.9719408526027,32.1));
#10818=CARTESIAN_POINT('',(3.57441855421932,-12.1092192902172,31.6));
#10819=CARTESIAN_POINT('Ctrl Pts',(2.63734532347591,-11.8883799089992,31.6));
#10820=CARTESIAN_POINT('Ctrl Pts',(2.63734532347591,-11.8883799089992,32.1));
#10821=CARTESIAN_POINT('Ctrl Pts',(2.78347374550188,-11.9527833396371,31.6));
#10822=CARTESIAN_POINT('Ctrl Pts',(2.78347374550188,-11.9527833396371,32.1));
#10823=CARTESIAN_POINT('Ctrl Pts',(3.08201311078189,-12.0843591072937,31.6));
#10824=CARTESIAN_POINT('Ctrl Pts',(3.08201311078189,-12.0843591072937,32.1));
#10825=CARTESIAN_POINT('Ctrl Pts',(3.40799671864792,-12.1008171140635,31.6));
#10826=CARTESIAN_POINT('Ctrl Pts',(3.40799671864792,-12.1008171140635,32.1));
#10827=CARTESIAN_POINT('Ctrl Pts',(3.57441855421932,-12.1092192902172,31.6));
#10828=CARTESIAN_POINT('Ctrl Pts',(3.57441855421932,-12.1092192902172,32.1));
#10829=CARTESIAN_POINT('',(2.63734532347591,-11.8883799089992,31.6));
#10830=CARTESIAN_POINT('Ctrl Pts',(3.57441855421932,-12.1092192902172,31.6));
#10831=CARTESIAN_POINT('Ctrl Pts',(3.40799671864792,-12.1008171140635,31.6));
#10832=CARTESIAN_POINT('Ctrl Pts',(3.08201311078189,-12.0843591072937,31.6));
#10833=CARTESIAN_POINT('Ctrl Pts',(2.78347374550188,-11.9527833396371,31.6));
#10834=CARTESIAN_POINT('Ctrl Pts',(2.63734532347591,-11.8883799089992,31.6));
#10835=CARTESIAN_POINT('',(2.63734532347591,-11.8883799089992,32.1));
#10836=CARTESIAN_POINT('Ctrl Pts',(2.63734532347591,-11.8883799089992,32.1));
#10837=CARTESIAN_POINT('Ctrl Pts',(2.78347374550188,-11.9527833396371,32.1));
#10838=CARTESIAN_POINT('Ctrl Pts',(3.08201311078189,-12.0843591072937,32.1));
#10839=CARTESIAN_POINT('Ctrl Pts',(3.40799671864792,-12.1008171140635,32.1));
#10840=CARTESIAN_POINT('Ctrl Pts',(3.57441855421932,-12.1092192902172,32.1));
#10841=CARTESIAN_POINT('',(2.63734532347591,-11.8883799089992,31.6));
#10842=CARTESIAN_POINT('Ctrl Pts',(2.00108958235652,-11.249737597903,31.6));
#10843=CARTESIAN_POINT('Ctrl Pts',(2.00108958235652,-11.249737597903,32.1));
#10844=CARTESIAN_POINT('Ctrl Pts',(2.08155298708875,-11.3809211271778,31.6));
#10845=CARTESIAN_POINT('Ctrl Pts',(2.08155298708875,-11.3809211271778,32.1));
#10846=CARTESIAN_POINT('Ctrl Pts',(2.24302319319697,-11.644174112563,31.6));
#10847=CARTESIAN_POINT('Ctrl Pts',(2.24302319319697,-11.644174112563,32.1));
#10848=CARTESIAN_POINT('Ctrl Pts',(2.50561005167804,-11.8067955532204,31.6));
#10849=CARTESIAN_POINT('Ctrl Pts',(2.50561005167804,-11.8067955532204,32.1));
#10850=CARTESIAN_POINT('Ctrl Pts',(2.63734532347591,-11.8883799089992,31.6));
#10851=CARTESIAN_POINT('Ctrl Pts',(2.63734532347591,-11.8883799089992,32.1));
#10852=CARTESIAN_POINT('',(2.00108958235652,-11.249737597903,31.6));
#10853=CARTESIAN_POINT('Ctrl Pts',(2.63734532347591,-11.8883799089992,31.6));
#10854=CARTESIAN_POINT('Ctrl Pts',(2.50561005167804,-11.8067955532204,31.6));
#10855=CARTESIAN_POINT('Ctrl Pts',(2.24302319319697,-11.644174112563,31.6));
#10856=CARTESIAN_POINT('Ctrl Pts',(2.08155298708875,-11.3809211271778,31.6));
#10857=CARTESIAN_POINT('Ctrl Pts',(2.00108958235652,-11.249737597903,31.6));
#10858=CARTESIAN_POINT('',(2.00108958235652,-11.249737597903,32.1));
#10859=CARTESIAN_POINT('Ctrl Pts',(2.00108958235652,-11.249737597903,32.1));
#10860=CARTESIAN_POINT('Ctrl Pts',(2.08155298708875,-11.3809211271778,32.1));
#10861=CARTESIAN_POINT('Ctrl Pts',(2.24302319319697,-11.644174112563,32.1));
#10862=CARTESIAN_POINT('Ctrl Pts',(2.50561005167804,-11.8067955532204,32.1));
#10863=CARTESIAN_POINT('Ctrl Pts',(2.63734532347591,-11.8883799089992,32.1));
#10864=CARTESIAN_POINT('',(2.00108958235652,-11.249737597903,31.6));
#10865=CARTESIAN_POINT('Ctrl Pts',(1.78621960631282,-10.3162454142177,31.6));
#10866=CARTESIAN_POINT('Ctrl Pts',(1.78621960631282,-10.3162454142177,32.1));
#10867=CARTESIAN_POINT('Ctrl Pts',(1.79427059642315,-10.4822833765072,31.6));
#10868=CARTESIAN_POINT('Ctrl Pts',(1.79427059642315,-10.4822833765072,32.1));
#10869=CARTESIAN_POINT('Ctrl Pts',(1.80999090274035,-10.8064879267183,31.6));
#10870=CARTESIAN_POINT('Ctrl Pts',(1.80999090274035,-10.8064879267183,32.1));
#10871=CARTESIAN_POINT('Ctrl Pts',(1.93842947746672,-11.1043987031258,31.6));
#10872=CARTESIAN_POINT('Ctrl Pts',(1.93842947746672,-11.1043987031258,32.1));
#10873=CARTESIAN_POINT('Ctrl Pts',(2.00108958235652,-11.249737597903,31.6));
#10874=CARTESIAN_POINT('Ctrl Pts',(2.00108958235652,-11.249737597903,32.1));
#10875=CARTESIAN_POINT('',(1.78621960631282,-10.3162454142177,31.6));
#10876=CARTESIAN_POINT('Ctrl Pts',(2.00108958235652,-11.249737597903,31.6));
#10877=CARTESIAN_POINT('Ctrl Pts',(1.93842947746672,-11.1043987031258,31.6));
#10878=CARTESIAN_POINT('Ctrl Pts',(1.80999090274035,-10.8064879267183,31.6));
#10879=CARTESIAN_POINT('Ctrl Pts',(1.79427059642315,-10.4822833765072,31.6));
#10880=CARTESIAN_POINT('Ctrl Pts',(1.78621960631282,-10.3162454142177,31.6));
#10881=CARTESIAN_POINT('',(1.78621960631282,-10.3162454142177,32.1));
#10882=CARTESIAN_POINT('Ctrl Pts',(1.78621960631282,-10.3162454142177,32.1));
#10883=CARTESIAN_POINT('Ctrl Pts',(1.79427059642315,-10.4822833765072,32.1));
#10884=CARTESIAN_POINT('Ctrl Pts',(1.80999090274035,-10.8064879267183,32.1));
#10885=CARTESIAN_POINT('Ctrl Pts',(1.93842947746672,-11.1043987031258,32.1));
#10886=CARTESIAN_POINT('Ctrl Pts',(2.00108958235652,-11.249737597903,32.1));
#10887=CARTESIAN_POINT('',(1.78621960631282,-10.3162454142177,31.6));
#10888=CARTESIAN_POINT('Ctrl Pts',(1.99989629736812,-9.36245904107928,31.6));
#10889=CARTESIAN_POINT('Ctrl Pts',(1.99989629736812,-9.36245904107928,32.1));
#10890=CARTESIAN_POINT('Ctrl Pts',(1.93757552296829,-9.51374842226922,31.6));
#10891=CARTESIAN_POINT('Ctrl Pts',(1.93757552296829,-9.51374842226922,32.1));
#10892=CARTESIAN_POINT('Ctrl Pts',(1.81168265730338,-9.81936487081459,31.6));
#10893=CARTESIAN_POINT('Ctrl Pts',(1.81168265730338,-9.81936487081459,32.1));
#10894=CARTESIAN_POINT('Ctrl Pts',(1.79476334668407,-10.1495246877842,31.6));
#10895=CARTESIAN_POINT('Ctrl Pts',(1.79476334668407,-10.1495246877842,32.1));
#10896=CARTESIAN_POINT('Ctrl Pts',(1.78621960631282,-10.3162454142177,31.6));
#10897=CARTESIAN_POINT('Ctrl Pts',(1.78621960631282,-10.3162454142177,32.1));
#10898=CARTESIAN_POINT('',(1.99989629736812,-9.36245904107928,31.6));
#10899=CARTESIAN_POINT('Ctrl Pts',(1.78621960631282,-10.3162454142177,31.6));
#10900=CARTESIAN_POINT('Ctrl Pts',(1.79476334668407,-10.1495246877842,31.6));
#10901=CARTESIAN_POINT('Ctrl Pts',(1.81168265730338,-9.81936487081459,31.6));
#10902=CARTESIAN_POINT('Ctrl Pts',(1.93757552296829,-9.51374842226922,31.6));
#10903=CARTESIAN_POINT('Ctrl Pts',(1.99989629736812,-9.36245904107928,31.6));
#10904=CARTESIAN_POINT('',(1.99989629736812,-9.36245904107928,32.1));
#10905=CARTESIAN_POINT('Ctrl Pts',(1.99989629736812,-9.36245904107928,32.1));
#10906=CARTESIAN_POINT('Ctrl Pts',(1.93757552296829,-9.51374842226922,32.1));
#10907=CARTESIAN_POINT('Ctrl Pts',(1.81168265730338,-9.81936487081459,32.1));
#10908=CARTESIAN_POINT('Ctrl Pts',(1.79476334668407,-10.1495246877842,32.1));
#10909=CARTESIAN_POINT('Ctrl Pts',(1.78621960631282,-10.3162454142177,32.1));
#10910=CARTESIAN_POINT('',(1.99989629736812,-9.36245904107928,31.6));
#10911=CARTESIAN_POINT('Ctrl Pts',(2.61466456404598,-8.70471731563449,31.6));
#10912=CARTESIAN_POINT('Ctrl Pts',(2.61466456404598,-8.70471731563449,32.1));
#10913=CARTESIAN_POINT('Ctrl Pts',(2.48806985127852,-8.7873274054914,31.6));
#10914=CARTESIAN_POINT('Ctrl Pts',(2.48806985127852,-8.7873274054914,32.1));
#10915=CARTESIAN_POINT('Ctrl Pts',(2.22948015719704,-8.95607156073413,31.6));
#10916=CARTESIAN_POINT('Ctrl Pts',(2.22948015719704,-8.95607156073413,32.1));
#10917=CARTESIAN_POINT('Ctrl Pts',(2.07748233490898,-9.22512362765044,31.6));
#10918=CARTESIAN_POINT('Ctrl Pts',(2.07748233490898,-9.22512362765044,32.1));
#10919=CARTESIAN_POINT('Ctrl Pts',(1.99989629736812,-9.36245904107928,31.6));
#10920=CARTESIAN_POINT('Ctrl Pts',(1.99989629736812,-9.36245904107928,32.1));
#10921=CARTESIAN_POINT('',(2.61466456404598,-8.70471731563449,31.6));
#10922=CARTESIAN_POINT('Ctrl Pts',(1.99989629736812,-9.36245904107928,31.6));
#10923=CARTESIAN_POINT('Ctrl Pts',(2.07748233490898,-9.22512362765044,31.6));
#10924=CARTESIAN_POINT('Ctrl Pts',(2.22948015719704,-8.95607156073413,31.6));
#10925=CARTESIAN_POINT('Ctrl Pts',(2.48806985127852,-8.7873274054914,31.6));
#10926=CARTESIAN_POINT('Ctrl Pts',(2.61466456404598,-8.70471731563449,31.6));
#10927=CARTESIAN_POINT('',(2.61466456404598,-8.70471731563449,32.1));
#10928=CARTESIAN_POINT('Ctrl Pts',(2.61466456404598,-8.70471731563449,32.1));
#10929=CARTESIAN_POINT('Ctrl Pts',(2.48806985127852,-8.7873274054914,32.1));
#10930=CARTESIAN_POINT('Ctrl Pts',(2.22948015719704,-8.95607156073413,32.1));
#10931=CARTESIAN_POINT('Ctrl Pts',(2.07748233490898,-9.22512362765044,32.1));
#10932=CARTESIAN_POINT('Ctrl Pts',(1.99989629736812,-9.36245904107928,32.1));
#10933=CARTESIAN_POINT('',(2.61466456404598,-8.70471731563449,31.6));
#10934=CARTESIAN_POINT('Ctrl Pts',(3.53860689154537,-8.48984704156756,31.6));
#10935=CARTESIAN_POINT('Ctrl Pts',(3.53860689154537,-8.48984704156756,32.1));
#10936=CARTESIAN_POINT('Ctrl Pts',(3.37201919623761,-8.49742695187475,31.6));
#10937=CARTESIAN_POINT('Ctrl Pts',(3.37201919623761,-8.49742695187475,32.1));
#10938=CARTESIAN_POINT('Ctrl Pts',(3.05051105011731,-8.51205590094641,31.6));
#10939=CARTESIAN_POINT('Ctrl Pts',(3.05051105011731,-8.51205590094641,32.1));
#10940=CARTESIAN_POINT('Ctrl Pts',(2.75638891590463,-8.64206953712201,31.6));
#10941=CARTESIAN_POINT('Ctrl Pts',(2.75638891590463,-8.64206953712201,32.1));
#10942=CARTESIAN_POINT('Ctrl Pts',(2.61466456404598,-8.70471731563449,31.6));
#10943=CARTESIAN_POINT('Ctrl Pts',(2.61466456404598,-8.70471731563449,32.1));
#10944=CARTESIAN_POINT('',(3.53860689154537,-8.48984704156756,31.6));
#10945=CARTESIAN_POINT('Ctrl Pts',(2.61466456404598,-8.70471731563449,31.6));
#10946=CARTESIAN_POINT('Ctrl Pts',(2.75638891590463,-8.64206953712201,31.6));
#10947=CARTESIAN_POINT('Ctrl Pts',(3.05051105011731,-8.51205590094641,31.6));
#10948=CARTESIAN_POINT('Ctrl Pts',(3.37201919623761,-8.49742695187475,31.6));
#10949=CARTESIAN_POINT('Ctrl Pts',(3.53860689154537,-8.48984704156756,31.6));
#10950=CARTESIAN_POINT('',(3.53860689154537,-8.48984704156756,32.1));
#10951=CARTESIAN_POINT('Ctrl Pts',(3.53860689154537,-8.48984704156756,32.1));
#10952=CARTESIAN_POINT('Ctrl Pts',(3.37201919623761,-8.49742695187475,32.1));
#10953=CARTESIAN_POINT('Ctrl Pts',(3.05051105011731,-8.51205590094641,32.1));
#10954=CARTESIAN_POINT('Ctrl Pts',(2.75638891590463,-8.64206953712201,32.1));
#10955=CARTESIAN_POINT('Ctrl Pts',(2.61466456404598,-8.70471731563449,32.1));
#10956=CARTESIAN_POINT('',(3.53860689154537,-8.48984704156756,31.6));
#10957=CARTESIAN_POINT('Ctrl Pts',(4.22499848357112,-8.61280069490313,31.6));
#10958=CARTESIAN_POINT('Ctrl Pts',(4.22499848357112,-8.61280069490313,32.1));
#10959=CARTESIAN_POINT('Ctrl Pts',(4.11760151479891,-8.57695169789991,31.6));
#10960=CARTESIAN_POINT('Ctrl Pts',(4.11760151479891,-8.57695169789991,32.1));
#10961=CARTESIAN_POINT('Ctrl Pts',(3.89489665037097,-8.50261304468882,31.6));
#10962=CARTESIAN_POINT('Ctrl Pts',(3.89489665037097,-8.50261304468882,32.1));
#10963=CARTESIAN_POINT('Ctrl Pts',(3.66014970644885,-8.49420196874689,31.6));
#10964=CARTESIAN_POINT('Ctrl Pts',(3.66014970644885,-8.49420196874689,32.1));
#10965=CARTESIAN_POINT('Ctrl Pts',(3.53860689154537,-8.48984704156756,31.6));
#10966=CARTESIAN_POINT('Ctrl Pts',(3.53860689154537,-8.48984704156756,32.1));
#10967=CARTESIAN_POINT('',(4.22499848357112,-8.61280069490313,31.6));
#10968=CARTESIAN_POINT('Ctrl Pts',(3.53860689154537,-8.48984704156756,31.6));
#10969=CARTESIAN_POINT('Ctrl Pts',(3.66014970644885,-8.49420196874689,31.6));
#10970=CARTESIAN_POINT('Ctrl Pts',(3.89489665037097,-8.50261304468882,31.6));
#10971=CARTESIAN_POINT('Ctrl Pts',(4.11760151479891,-8.57695169789991,31.6));
#10972=CARTESIAN_POINT('Ctrl Pts',(4.22499848357112,-8.61280069490313,31.6));
#10973=CARTESIAN_POINT('',(4.22499848357112,-8.61280069490313,32.1));
#10974=CARTESIAN_POINT('Ctrl Pts',(4.22499848357112,-8.61280069490313,32.1));
#10975=CARTESIAN_POINT('Ctrl Pts',(4.11760151479891,-8.57695169789991,32.1));
#10976=CARTESIAN_POINT('Ctrl Pts',(3.89489665037097,-8.50261304468882,32.1));
#10977=CARTESIAN_POINT('Ctrl Pts',(3.66014970644885,-8.49420196874689,32.1));
#10978=CARTESIAN_POINT('Ctrl Pts',(3.53860689154537,-8.48984704156756,32.1));
#10979=CARTESIAN_POINT('',(4.22499848357112,-8.61280069490313,31.6));
#10980=CARTESIAN_POINT('Ctrl Pts',(4.70606995573909,-8.95539984842181,31.6));
#10981=CARTESIAN_POINT('Ctrl Pts',(4.70606995573909,-8.95539984842181,32.1));
#10982=CARTESIAN_POINT('Ctrl Pts',(4.64041132656282,-8.8854169930348,31.6));
#10983=CARTESIAN_POINT('Ctrl Pts',(4.64041132656282,-8.8854169930348,32.1));
#10984=CARTESIAN_POINT('Ctrl Pts',(4.50317385348904,-8.73914116680612,31.6));
#10985=CARTESIAN_POINT('Ctrl Pts',(4.50317385348904,-8.73914116680612,32.1));
#10986=CARTESIAN_POINT('Ctrl Pts',(4.32035248496472,-8.65610815788039,31.6));
#10987=CARTESIAN_POINT('Ctrl Pts',(4.32035248496472,-8.65610815788039,32.1));
#10988=CARTESIAN_POINT('Ctrl Pts',(4.22499848357112,-8.61280069490313,31.6));
#10989=CARTESIAN_POINT('Ctrl Pts',(4.22499848357112,-8.61280069490313,32.1));
#10990=CARTESIAN_POINT('',(4.70606995573909,-8.95539984842181,31.6));
#10991=CARTESIAN_POINT('Ctrl Pts',(4.22499848357112,-8.61280069490313,31.6));
#10992=CARTESIAN_POINT('Ctrl Pts',(4.32035248496472,-8.65610815788039,31.6));
#10993=CARTESIAN_POINT('Ctrl Pts',(4.50317385348904,-8.73914116680612,31.6));
#10994=CARTESIAN_POINT('Ctrl Pts',(4.64041132656282,-8.8854169930348,31.6));
#10995=CARTESIAN_POINT('Ctrl Pts',(4.70606995573909,-8.95539984842181,31.6));
#10996=CARTESIAN_POINT('',(4.70606995573909,-8.95539984842181,32.1));
#10997=CARTESIAN_POINT('Ctrl Pts',(4.70606995573909,-8.95539984842181,32.1));
#10998=CARTESIAN_POINT('Ctrl Pts',(4.64041132656282,-8.8854169930348,32.1));
#10999=CARTESIAN_POINT('Ctrl Pts',(4.50317385348904,-8.73914116680612,32.1));
#11000=CARTESIAN_POINT('Ctrl Pts',(4.32035248496472,-8.65610815788039,32.1));
#11001=CARTESIAN_POINT('Ctrl Pts',(4.22499848357112,-8.61280069490313,32.1));
#11002=CARTESIAN_POINT('',(4.70606995573909,-8.95539984842181,31.6));
#11003=CARTESIAN_POINT('Ctrl Pts',(4.97107578268916,-9.52838704725146,31.6));
#11004=CARTESIAN_POINT('Ctrl Pts',(4.97107578268916,-9.52838704725146,32.1));
#11005=CARTESIAN_POINT('Ctrl Pts',(4.93956662884487,-9.4190645018221,31.6));
#11006=CARTESIAN_POINT('Ctrl Pts',(4.93956662884487,-9.4190645018221,32.1));
#11007=CARTESIAN_POINT('Ctrl Pts',(4.88053784515098,-9.2142612589644,31.6));
#11008=CARTESIAN_POINT('Ctrl Pts',(4.88053784515098,-9.2142612589644,32.1));
#11009=CARTESIAN_POINT('Ctrl Pts',(4.76154516944526,-9.03770950504996,31.6));
#11010=CARTESIAN_POINT('Ctrl Pts',(4.76154516944526,-9.03770950504996,32.1));
#11011=CARTESIAN_POINT('Ctrl Pts',(4.70606995573909,-8.95539984842181,31.6));
#11012=CARTESIAN_POINT('Ctrl Pts',(4.70606995573909,-8.95539984842181,32.1));
#11013=CARTESIAN_POINT('',(4.97107578268916,-9.52838704725146,31.6));
#11014=CARTESIAN_POINT('Ctrl Pts',(4.70606995573909,-8.95539984842181,31.6));
#11015=CARTESIAN_POINT('Ctrl Pts',(4.76154516944526,-9.03770950504996,31.6));
#11016=CARTESIAN_POINT('Ctrl Pts',(4.88053784515098,-9.2142612589644,31.6));
#11017=CARTESIAN_POINT('Ctrl Pts',(4.93956662884487,-9.4190645018221,31.6));
#11018=CARTESIAN_POINT('Ctrl Pts',(4.97107578268916,-9.52838704725146,31.6));
#11019=CARTESIAN_POINT('',(4.97107578268916,-9.52838704725146,32.1));
#11020=CARTESIAN_POINT('Ctrl Pts',(4.97107578268916,-9.52838704725146,32.1));
#11021=CARTESIAN_POINT('Ctrl Pts',(4.93956662884487,-9.4190645018221,32.1));
#11022=CARTESIAN_POINT('Ctrl Pts',(4.88053784515098,-9.2142612589644,32.1));
#11023=CARTESIAN_POINT('Ctrl Pts',(4.76154516944526,-9.03770950504996,32.1));
#11024=CARTESIAN_POINT('Ctrl Pts',(4.70606995573909,-8.95539984842181,32.1));
#11025=CARTESIAN_POINT('',(4.97107578268916,-9.52838704725146,31.6));
#11026=CARTESIAN_POINT('Origin',(4.55327225676448,-9.64298472543597,31.6));
#11027=CARTESIAN_POINT('',(4.55327225676448,-9.64298472543597,31.6));
#11028=CARTESIAN_POINT('',(4.97107578268916,-9.52838704725146,31.6));
#11029=CARTESIAN_POINT('',(4.55327225676448,-9.64298472543597,32.1));
#11030=CARTESIAN_POINT('',(4.97107578268916,-9.52838704725146,32.1));
#11031=CARTESIAN_POINT('',(4.55327225676448,-9.64298472543597,31.6));
#11032=CARTESIAN_POINT('Ctrl Pts',(4.35750199309261,-9.22279343744159,31.6));
#11033=CARTESIAN_POINT('Ctrl Pts',(4.35750199309261,-9.22279343744159,32.1));
#11034=CARTESIAN_POINT('Ctrl Pts',(4.3959008118648,-9.28204327181624,31.6));
#11035=CARTESIAN_POINT('Ctrl Pts',(4.3959008118648,-9.28204327181624,32.1));
#11036=CARTESIAN_POINT('Ctrl Pts',(4.48065547255633,-9.41282072198331,31.6));
#11037=CARTESIAN_POINT('Ctrl Pts',(4.48065547255633,-9.41282072198331,32.1));
#11038=CARTESIAN_POINT('Ctrl Pts',(4.52759763800846,-9.56160721602895,31.6));
#11039=CARTESIAN_POINT('Ctrl Pts',(4.52759763800846,-9.56160721602895,32.1));
#11040=CARTESIAN_POINT('Ctrl Pts',(4.55327225676448,-9.64298472543597,31.6));
#11041=CARTESIAN_POINT('Ctrl Pts',(4.55327225676448,-9.64298472543597,32.1));
#11042=CARTESIAN_POINT('',(4.35750199309261,-9.22279343744159,31.6));
#11043=CARTESIAN_POINT('Ctrl Pts',(4.55327225676448,-9.64298472543597,31.6));
#11044=CARTESIAN_POINT('Ctrl Pts',(4.52759763800846,-9.56160721602895,31.6));
#11045=CARTESIAN_POINT('Ctrl Pts',(4.48065547255633,-9.41282072198331,31.6));
#11046=CARTESIAN_POINT('Ctrl Pts',(4.3959008118648,-9.28204327181624,31.6));
#11047=CARTESIAN_POINT('Ctrl Pts',(4.35750199309261,-9.22279343744159,31.6));
#11048=CARTESIAN_POINT('',(4.35750199309261,-9.22279343744159,32.1));
#11049=CARTESIAN_POINT('Ctrl Pts',(4.35750199309261,-9.22279343744159,32.1));
#11050=CARTESIAN_POINT('Ctrl Pts',(4.3959008118648,-9.28204327181624,32.1));
#11051=CARTESIAN_POINT('Ctrl Pts',(4.48065547255633,-9.41282072198331,32.1));
#11052=CARTESIAN_POINT('Ctrl Pts',(4.52759763800846,-9.56160721602895,32.1));
#11053=CARTESIAN_POINT('Ctrl Pts',(4.55327225676448,-9.64298472543597,32.1));
#11054=CARTESIAN_POINT('',(4.35750199309261,-9.22279343744159,31.6));
#11055=CARTESIAN_POINT('Ctrl Pts',(4.02325941077144,-8.97808060785174,31.6));
#11056=CARTESIAN_POINT('Ctrl Pts',(4.02325941077144,-8.97808060785174,32.1));
#11057=CARTESIAN_POINT('Ctrl Pts',(4.09031842144358,-9.00976019317478,31.6));
#11058=CARTESIAN_POINT('Ctrl Pts',(4.09031842144358,-9.00976019317478,32.1));
#11059=CARTESIAN_POINT('Ctrl Pts',(4.21764612692805,-9.06991152659666,31.6));
#11060=CARTESIAN_POINT('Ctrl Pts',(4.21764612692805,-9.06991152659666,32.1));
#11061=CARTESIAN_POINT('Ctrl Pts',(4.31257079770587,-9.17367739250437,31.6));
#11062=CARTESIAN_POINT('Ctrl Pts',(4.31257079770587,-9.17367739250437,32.1));
#11063=CARTESIAN_POINT('Ctrl Pts',(4.35750199309261,-9.22279343744159,31.6));
#11064=CARTESIAN_POINT('Ctrl Pts',(4.35750199309261,-9.22279343744159,32.1));
#11065=CARTESIAN_POINT('',(4.02325941077144,-8.97808060785174,31.6));
#11066=CARTESIAN_POINT('Ctrl Pts',(4.35750199309261,-9.22279343744159,31.6));
#11067=CARTESIAN_POINT('Ctrl Pts',(4.31257079770587,-9.17367739250437,31.6));
#11068=CARTESIAN_POINT('Ctrl Pts',(4.21764612692805,-9.06991152659666,31.6));
#11069=CARTESIAN_POINT('Ctrl Pts',(4.09031842144358,-9.00976019317478,31.6));
#11070=CARTESIAN_POINT('Ctrl Pts',(4.02325941077144,-8.97808060785174,31.6));
#11071=CARTESIAN_POINT('',(4.02325941077144,-8.97808060785174,32.1));
#11072=CARTESIAN_POINT('Ctrl Pts',(4.02325941077144,-8.97808060785174,32.1));
#11073=CARTESIAN_POINT('Ctrl Pts',(4.09031842144358,-9.00976019317478,32.1));
#11074=CARTESIAN_POINT('Ctrl Pts',(4.21764612692805,-9.06991152659666,32.1));
#11075=CARTESIAN_POINT('Ctrl Pts',(4.31257079770587,-9.17367739250437,32.1));
#11076=CARTESIAN_POINT('Ctrl Pts',(4.35750199309261,-9.22279343744159,32.1));
#11077=CARTESIAN_POINT('',(4.02325941077144,-8.97808060785174,31.6));
#11078=CARTESIAN_POINT('Ctrl Pts',(3.54099465361507,-8.88616309305072,31.6));
#11079=CARTESIAN_POINT('Ctrl Pts',(3.54099465361507,-8.88616309305072,32.1));
#11080=CARTESIAN_POINT('Ctrl Pts',(3.6261862763589,-8.88951311294276,31.6));
#11081=CARTESIAN_POINT('Ctrl Pts',(3.6261862763589,-8.88951311294276,32.1));
#11082=CARTESIAN_POINT('Ctrl Pts',(3.79161679278266,-8.89601839483459,31.6));
#11083=CARTESIAN_POINT('Ctrl Pts',(3.79161679278266,-8.89601839483459,32.1));
#11084=CARTESIAN_POINT('Ctrl Pts',(3.94760185377769,-8.95127799867609,31.6));
#11085=CARTESIAN_POINT('Ctrl Pts',(3.94760185377769,-8.95127799867609,32.1));
#11086=CARTESIAN_POINT('Ctrl Pts',(4.02325941077144,-8.97808060785174,31.6));
#11087=CARTESIAN_POINT('Ctrl Pts',(4.02325941077144,-8.97808060785174,32.1));
#11088=CARTESIAN_POINT('',(3.54099465361507,-8.88616309305072,31.6));
#11089=CARTESIAN_POINT('Ctrl Pts',(4.02325941077144,-8.97808060785174,31.6));
#11090=CARTESIAN_POINT('Ctrl Pts',(3.94760185377769,-8.95127799867609,31.6));
#11091=CARTESIAN_POINT('Ctrl Pts',(3.79161679278266,-8.89601839483459,31.6));
#11092=CARTESIAN_POINT('Ctrl Pts',(3.6261862763589,-8.88951311294276,31.6));
#11093=CARTESIAN_POINT('Ctrl Pts',(3.54099465361507,-8.88616309305072,31.6));
#11094=CARTESIAN_POINT('',(3.54099465361507,-8.88616309305072,32.1));
#11095=CARTESIAN_POINT('Ctrl Pts',(3.54099465361507,-8.88616309305072,32.1));
#11096=CARTESIAN_POINT('Ctrl Pts',(3.6261862763589,-8.88951311294276,32.1));
#11097=CARTESIAN_POINT('Ctrl Pts',(3.79161679278266,-8.89601839483459,32.1));
#11098=CARTESIAN_POINT('Ctrl Pts',(3.94760185377769,-8.95127799867609,32.1));
#11099=CARTESIAN_POINT('Ctrl Pts',(4.02325941077144,-8.97808060785174,32.1));
#11100=CARTESIAN_POINT('',(3.54099465361507,-8.88616309305072,31.6));
#11101=CARTESIAN_POINT('Ctrl Pts',(2.9918809031573,-8.98285493989825,31.6));
#11102=CARTESIAN_POINT('Ctrl Pts',(2.9918809031573,-8.98285493989825,32.1));
#11103=CARTESIAN_POINT('Ctrl Pts',(3.07550833954552,-8.95468090856082,31.6));
#11104=CARTESIAN_POINT('Ctrl Pts',(3.07550833954552,-8.95468090856082,32.1));
#11105=CARTESIAN_POINT('Ctrl Pts',(3.25349199329818,-8.89471832624393,31.6));
#11106=CARTESIAN_POINT('Ctrl Pts',(3.25349199329818,-8.89471832624393,32.1));
#11107=CARTESIAN_POINT('Ctrl Pts',(3.44138506138591,-8.8891271814138,31.6));
#11108=CARTESIAN_POINT('Ctrl Pts',(3.44138506138591,-8.8891271814138,32.1));
#11109=CARTESIAN_POINT('Ctrl Pts',(3.54099465361507,-8.88616309305072,31.6));
#11110=CARTESIAN_POINT('Ctrl Pts',(3.54099465361507,-8.88616309305072,32.1));
#11111=CARTESIAN_POINT('',(2.9918809031573,-8.98285493989825,31.6));
#11112=CARTESIAN_POINT('Ctrl Pts',(3.54099465361507,-8.88616309305072,31.6));
#11113=CARTESIAN_POINT('Ctrl Pts',(3.44138506138591,-8.8891271814138,31.6));
#11114=CARTESIAN_POINT('Ctrl Pts',(3.25349199329818,-8.89471832624393,31.6));
#11115=CARTESIAN_POINT('Ctrl Pts',(3.07550833954552,-8.95468090856082,31.6));
#11116=CARTESIAN_POINT('Ctrl Pts',(2.9918809031573,-8.98285493989825,31.6));
#11117=CARTESIAN_POINT('',(2.9918809031573,-8.98285493989825,32.1));
#11118=CARTESIAN_POINT('Ctrl Pts',(2.9918809031573,-8.98285493989825,32.1));
#11119=CARTESIAN_POINT('Ctrl Pts',(3.07550833954552,-8.95468090856082,32.1));
#11120=CARTESIAN_POINT('Ctrl Pts',(3.25349199329818,-8.89471832624393,32.1));
#11121=CARTESIAN_POINT('Ctrl Pts',(3.44138506138591,-8.8891271814138,32.1));
#11122=CARTESIAN_POINT('Ctrl Pts',(3.54099465361507,-8.88616309305072,32.1));
#11123=CARTESIAN_POINT('',(2.9918809031573,-8.98285493989825,31.6));
#11124=CARTESIAN_POINT('Ctrl Pts',(2.61824561110408,-9.2371188177669,31.6));
#11125=CARTESIAN_POINT('Ctrl Pts',(2.61824561110408,-9.2371188177669,32.1));
#11126=CARTESIAN_POINT('Ctrl Pts',(2.67087804461432,-9.18649873215584,31.6));
#11127=CARTESIAN_POINT('Ctrl Pts',(2.67087804461432,-9.18649873215584,32.1));
#11128=CARTESIAN_POINT('Ctrl Pts',(2.78092471854252,-9.08065958158011,31.6));
#11129=CARTESIAN_POINT('Ctrl Pts',(2.78092471854252,-9.08065958158011,32.1));
#11130=CARTESIAN_POINT('Ctrl Pts',(2.91955424025558,-9.01638741661641,31.6));
#11131=CARTESIAN_POINT('Ctrl Pts',(2.91955424025558,-9.01638741661641,32.1));
#11132=CARTESIAN_POINT('Ctrl Pts',(2.9918809031573,-8.98285493989825,31.6));
#11133=CARTESIAN_POINT('Ctrl Pts',(2.9918809031573,-8.98285493989825,32.1));
#11134=CARTESIAN_POINT('',(2.61824561110408,-9.2371188177669,31.6));
#11135=CARTESIAN_POINT('Ctrl Pts',(2.9918809031573,-8.98285493989825,31.6));
#11136=CARTESIAN_POINT('Ctrl Pts',(2.91955424025558,-9.01638741661641,31.6));
#11137=CARTESIAN_POINT('Ctrl Pts',(2.78092471854252,-9.08065958158011,31.6));
#11138=CARTESIAN_POINT('Ctrl Pts',(2.67087804461432,-9.18649873215584,31.6));
#11139=CARTESIAN_POINT('Ctrl Pts',(2.61824561110408,-9.2371188177669,31.6));
#11140=CARTESIAN_POINT('',(2.61824561110408,-9.2371188177669,32.1));
#11141=CARTESIAN_POINT('Ctrl Pts',(2.61824561110408,-9.2371188177669,32.1));
#11142=CARTESIAN_POINT('Ctrl Pts',(2.67087804461432,-9.18649873215584,32.1));
#11143=CARTESIAN_POINT('Ctrl Pts',(2.78092471854252,-9.08065958158011,32.1));
#11144=CARTESIAN_POINT('Ctrl Pts',(2.91955424025558,-9.01638741661641,32.1));
#11145=CARTESIAN_POINT('Ctrl Pts',(2.9918809031573,-8.98285493989825,32.1));
#11146=CARTESIAN_POINT('',(2.61824561110408,-9.2371188177669,31.6));
#11147=CARTESIAN_POINT('Ctrl Pts',(2.39740682593257,-9.58329842229724,31.6));
#11148=CARTESIAN_POINT('Ctrl Pts',(2.39740682593257,-9.58329842229724,32.1));
#11149=CARTESIAN_POINT('Ctrl Pts',(2.42652583743989,-9.5214774103288,31.6));
#11150=CARTESIAN_POINT('Ctrl Pts',(2.42652583743989,-9.5214774103288,32.1));
#11151=CARTESIAN_POINT('Ctrl Pts',(2.48532251291106,-9.39664934131641,31.6));
#11152=CARTESIAN_POINT('Ctrl Pts',(2.48532251291106,-9.39664934131641,32.1));
#11153=CARTESIAN_POINT('Ctrl Pts',(2.57365814013343,-9.29063143283827,31.6));
#11154=CARTESIAN_POINT('Ctrl Pts',(2.57365814013343,-9.29063143283827,32.1));
#11155=CARTESIAN_POINT('Ctrl Pts',(2.61824561110408,-9.2371188177669,31.6));
#11156=CARTESIAN_POINT('Ctrl Pts',(2.61824561110408,-9.2371188177669,32.1));
#11157=CARTESIAN_POINT('',(2.39740682593257,-9.58329842229724,31.6));
#11158=CARTESIAN_POINT('Ctrl Pts',(2.61824561110408,-9.2371188177669,31.6));
#11159=CARTESIAN_POINT('Ctrl Pts',(2.57365814013343,-9.29063143283827,31.6));
#11160=CARTESIAN_POINT('Ctrl Pts',(2.48532251291106,-9.39664934131641,31.6));
#11161=CARTESIAN_POINT('Ctrl Pts',(2.42652583743989,-9.5214774103288,31.6));
#11162=CARTESIAN_POINT('Ctrl Pts',(2.39740682593257,-9.58329842229724,31.6));
#11163=CARTESIAN_POINT('',(2.39740682593257,-9.58329842229724,32.1));
#11164=CARTESIAN_POINT('Ctrl Pts',(2.39740682593257,-9.58329842229724,32.1));
#11165=CARTESIAN_POINT('Ctrl Pts',(2.42652583743989,-9.5214774103288,32.1));
#11166=CARTESIAN_POINT('Ctrl Pts',(2.48532251291106,-9.39664934131641,32.1));
#11167=CARTESIAN_POINT('Ctrl Pts',(2.57365814013343,-9.29063143283827,32.1));
#11168=CARTESIAN_POINT('Ctrl Pts',(2.61824561110408,-9.2371188177669,32.1));
#11169=CARTESIAN_POINT('',(2.39740682593257,-9.58329842229724,31.6));
#11170=CARTESIAN_POINT('Ctrl Pts',(2.26370883932979,-10.28759584566,31.6));
#11171=CARTESIAN_POINT('Ctrl Pts',(2.26370883932979,-10.28759584566,32.1));
#11172=CARTESIAN_POINT('Ctrl Pts',(2.26881903801475,-10.1644797233929,31.6));
#11173=CARTESIAN_POINT('Ctrl Pts',(2.26881903801475,-10.1644797233929,32.1));
#11174=CARTESIAN_POINT('Ctrl Pts',(2.27883864269348,-9.9230850241371,31.6));
#11175=CARTESIAN_POINT('Ctrl Pts',(2.27883864269348,-9.9230850241371,32.1));
#11176=CARTESIAN_POINT('Ctrl Pts',(2.35841567224973,-9.69503726529692,31.6));
#11177=CARTESIAN_POINT('Ctrl Pts',(2.35841567224973,-9.69503726529692,32.1));
#11178=CARTESIAN_POINT('Ctrl Pts',(2.39740682593257,-9.58329842229724,31.6));
#11179=CARTESIAN_POINT('Ctrl Pts',(2.39740682593257,-9.58329842229724,32.1));
#11180=CARTESIAN_POINT('',(2.26370883932979,-10.28759584566,31.6));
#11181=CARTESIAN_POINT('Ctrl Pts',(2.39740682593257,-9.58329842229724,31.6));
#11182=CARTESIAN_POINT('Ctrl Pts',(2.35841567224973,-9.69503726529692,31.6));
#11183=CARTESIAN_POINT('Ctrl Pts',(2.27883864269348,-9.9230850241371,31.6));
#11184=CARTESIAN_POINT('Ctrl Pts',(2.26881903801475,-10.1644797233929,31.6));
#11185=CARTESIAN_POINT('Ctrl Pts',(2.26370883932979,-10.28759584566,31.6));
#11186=CARTESIAN_POINT('',(2.26370883932979,-10.28759584566,32.1));
#11187=CARTESIAN_POINT('Ctrl Pts',(2.26370883932979,-10.28759584566,32.1));
#11188=CARTESIAN_POINT('Ctrl Pts',(2.26881903801475,-10.1644797233929,32.1));
#11189=CARTESIAN_POINT('Ctrl Pts',(2.27883864269348,-9.9230850241371,32.1));
#11190=CARTESIAN_POINT('Ctrl Pts',(2.35841567224973,-9.69503726529692,32.1));
#11191=CARTESIAN_POINT('Ctrl Pts',(2.39740682593257,-9.58329842229724,32.1));
#11192=CARTESIAN_POINT('',(2.26370883932979,-10.28759584566,31.6));
#11193=CARTESIAN_POINT('Ctrl Pts',(2.42486191740901,-11.0706792845333,31.6));
#11194=CARTESIAN_POINT('Ctrl Pts',(2.42486191740901,-11.0706792845333,32.1));
#11195=CARTESIAN_POINT('Ctrl Pts',(2.37792449503393,-10.9543264036794,31.6));
#11196=CARTESIAN_POINT('Ctrl Pts',(2.37792449503393,-10.9543264036794,32.1));
#11197=CARTESIAN_POINT('Ctrl Pts',(2.27673665308511,-10.7034924992514,31.6));
#11198=CARTESIAN_POINT('Ctrl Pts',(2.27673665308511,-10.7034924992514,32.1));
#11199=CARTESIAN_POINT('Ctrl Pts',(2.26825575303966,-10.4327503766979,31.6));
#11200=CARTESIAN_POINT('Ctrl Pts',(2.26825575303966,-10.4327503766979,32.1));
#11201=CARTESIAN_POINT('Ctrl Pts',(2.26370883932979,-10.28759584566,31.6));
#11202=CARTESIAN_POINT('Ctrl Pts',(2.26370883932979,-10.28759584566,32.1));
#11203=CARTESIAN_POINT('',(2.42486191740901,-11.0706792845333,31.6));
#11204=CARTESIAN_POINT('Ctrl Pts',(2.26370883932979,-10.28759584566,31.6));
#11205=CARTESIAN_POINT('Ctrl Pts',(2.26825575303966,-10.4327503766979,31.6));
#11206=CARTESIAN_POINT('Ctrl Pts',(2.27673665308511,-10.7034924992514,31.6));
#11207=CARTESIAN_POINT('Ctrl Pts',(2.37792449503393,-10.9543264036794,31.6));
#11208=CARTESIAN_POINT('Ctrl Pts',(2.42486191740901,-11.0706792845333,31.6));
#11209=CARTESIAN_POINT('',(2.42486191740901,-11.0706792845333,32.1));
#11210=CARTESIAN_POINT('Ctrl Pts',(2.42486191740901,-11.0706792845333,32.1));
#11211=CARTESIAN_POINT('Ctrl Pts',(2.37792449503393,-10.9543264036794,32.1));
#11212=CARTESIAN_POINT('Ctrl Pts',(2.27673665308511,-10.7034924992514,32.1));
#11213=CARTESIAN_POINT('Ctrl Pts',(2.26825575303966,-10.4327503766979,32.1));
#11214=CARTESIAN_POINT('Ctrl Pts',(2.26370883932979,-10.28759584566,32.1));
#11215=CARTESIAN_POINT('',(2.42486191740901,-11.0706792845333,31.6));
#11216=CARTESIAN_POINT('Ctrl Pts',(2.89399577132137,-11.5386186613643,31.6));
#11217=CARTESIAN_POINT('Ctrl Pts',(2.89399577132137,-11.5386186613643,32.1));
#11218=CARTESIAN_POINT('Ctrl Pts',(2.79724636255403,-11.4805150249085,31.6));
#11219=CARTESIAN_POINT('Ctrl Pts',(2.79724636255403,-11.4805150249085,32.1));
#11220=CARTESIAN_POINT('Ctrl Pts',(2.60221533220796,-11.3633875692557,31.6));
#11221=CARTESIAN_POINT('Ctrl Pts',(2.60221533220796,-11.3633875692557,32.1));
#11222=CARTESIAN_POINT('Ctrl Pts',(2.48428854317705,-11.1687583980092,31.6));
#11223=CARTESIAN_POINT('Ctrl Pts',(2.48428854317705,-11.1687583980092,32.1));
#11224=CARTESIAN_POINT('Ctrl Pts',(2.42486191740901,-11.0706792845333,31.6));
#11225=CARTESIAN_POINT('Ctrl Pts',(2.42486191740901,-11.0706792845333,32.1));
#11226=CARTESIAN_POINT('',(2.89399577132137,-11.5386186613643,31.6));
#11227=CARTESIAN_POINT('Ctrl Pts',(2.42486191740901,-11.0706792845333,31.6));
#11228=CARTESIAN_POINT('Ctrl Pts',(2.48428854317705,-11.1687583980092,31.6));
#11229=CARTESIAN_POINT('Ctrl Pts',(2.60221533220796,-11.3633875692557,31.6));
#11230=CARTESIAN_POINT('Ctrl Pts',(2.79724636255403,-11.4805150249085,31.6));
#11231=CARTESIAN_POINT('Ctrl Pts',(2.89399577132137,-11.5386186613643,31.6));
#11232=CARTESIAN_POINT('',(2.89399577132137,-11.5386186613643,32.1));
#11233=CARTESIAN_POINT('Ctrl Pts',(2.89399577132137,-11.5386186613643,32.1));
#11234=CARTESIAN_POINT('Ctrl Pts',(2.79724636255403,-11.4805150249085,32.1));
#11235=CARTESIAN_POINT('Ctrl Pts',(2.60221533220796,-11.3633875692557,32.1));
#11236=CARTESIAN_POINT('Ctrl Pts',(2.48428854317705,-11.1687583980092,32.1));
#11237=CARTESIAN_POINT('Ctrl Pts',(2.42486191740901,-11.0706792845333,32.1));
#11238=CARTESIAN_POINT('',(2.89399577132137,-11.5386186613643,31.6));
#11239=CARTESIAN_POINT('Ctrl Pts',(3.54815674773128,-11.6914157642925,31.6));
#11240=CARTESIAN_POINT('Ctrl Pts',(3.54815674773128,-11.6914157642925,32.1));
#11241=CARTESIAN_POINT('Ctrl Pts',(3.43444741375711,-11.6850952496412,31.6));
#11242=CARTESIAN_POINT('Ctrl Pts',(3.43444741375711,-11.6850952496412,32.1));
#11243=CARTESIAN_POINT('Ctrl Pts',(3.20743598677319,-11.6724768567609,31.6));
#11244=CARTESIAN_POINT('Ctrl Pts',(3.20743598677319,-11.6724768567609,32.1));
#11245=CARTESIAN_POINT('Ctrl Pts',(2.9983508155899,-11.5831846653985,31.6));
#11246=CARTESIAN_POINT('Ctrl Pts',(2.9983508155899,-11.5831846653985,32.1));
#11247=CARTESIAN_POINT('Ctrl Pts',(2.89399577132137,-11.5386186613643,31.6));
#11248=CARTESIAN_POINT('Ctrl Pts',(2.89399577132137,-11.5386186613643,32.1));
#11249=CARTESIAN_POINT('',(3.54815674773128,-11.6914157642925,31.6));
#11250=CARTESIAN_POINT('Ctrl Pts',(2.89399577132137,-11.5386186613643,31.6));
#11251=CARTESIAN_POINT('Ctrl Pts',(2.9983508155899,-11.5831846653985,31.6));
#11252=CARTESIAN_POINT('Ctrl Pts',(3.20743598677319,-11.6724768567609,31.6));
#11253=CARTESIAN_POINT('Ctrl Pts',(3.43444741375711,-11.6850952496412,31.6));
#11254=CARTESIAN_POINT('Ctrl Pts',(3.54815674773128,-11.6914157642925,31.6));
#11255=CARTESIAN_POINT('',(3.54815674773128,-11.6914157642925,32.1));
#11256=CARTESIAN_POINT('Ctrl Pts',(3.54815674773128,-11.6914157642925,32.1));
#11257=CARTESIAN_POINT('Ctrl Pts',(3.43444741375711,-11.6850952496412,32.1));
#11258=CARTESIAN_POINT('Ctrl Pts',(3.20743598677319,-11.6724768567609,32.1));
#11259=CARTESIAN_POINT('Ctrl Pts',(2.9983508155899,-11.5831846653985,32.1));
#11260=CARTESIAN_POINT('Ctrl Pts',(2.89399577132137,-11.5386186613643,32.1));
#11261=CARTESIAN_POINT('',(3.54815674773128,-11.6914157642925,31.6));
#11262=CARTESIAN_POINT('Ctrl Pts',(4.1354687308398,-11.5756242050731,31.6));
#11263=CARTESIAN_POINT('Ctrl Pts',(4.1354687308398,-11.5756242050731,32.1));
#11264=CARTESIAN_POINT('Ctrl Pts',(4.03972502218652,-11.6093961305992,31.6));
#11265=CARTESIAN_POINT('Ctrl Pts',(4.03972502218652,-11.6093961305992,32.1));
#11266=CARTESIAN_POINT('Ctrl Pts',(3.84955021051689,-11.6764769828763,31.6));
#11267=CARTESIAN_POINT('Ctrl Pts',(3.84955021051689,-11.6764769828763,32.1));
#11268=CARTESIAN_POINT('Ctrl Pts',(3.64815789199479,-11.686459136429,31.6));
#11269=CARTESIAN_POINT('Ctrl Pts',(3.64815789199479,-11.686459136429,32.1));
#11270=CARTESIAN_POINT('Ctrl Pts',(3.54815674773128,-11.6914157642925,31.6));
#11271=CARTESIAN_POINT('Ctrl Pts',(3.54815674773128,-11.6914157642925,32.1));
#11272=CARTESIAN_POINT('',(4.1354687308398,-11.5756242050731,31.6));
#11273=CARTESIAN_POINT('Ctrl Pts',(3.54815674773128,-11.6914157642925,31.6));
#11274=CARTESIAN_POINT('Ctrl Pts',(3.64815789199479,-11.686459136429,31.6));
#11275=CARTESIAN_POINT('Ctrl Pts',(3.84955021051689,-11.6764769828763,31.6));
#11276=CARTESIAN_POINT('Ctrl Pts',(4.03972502218652,-11.6093961305992,31.6));
#11277=CARTESIAN_POINT('Ctrl Pts',(4.1354687308398,-11.5756242050731,31.6));
#11278=CARTESIAN_POINT('',(4.1354687308398,-11.5756242050731,32.1));
#11279=CARTESIAN_POINT('Ctrl Pts',(4.1354687308398,-11.5756242050731,32.1));
#11280=CARTESIAN_POINT('Ctrl Pts',(4.03972502218652,-11.6093961305992,32.1));
#11281=CARTESIAN_POINT('Ctrl Pts',(3.84955021051689,-11.6764769828763,32.1));
#11282=CARTESIAN_POINT('Ctrl Pts',(3.64815789199479,-11.686459136429,32.1));
#11283=CARTESIAN_POINT('Ctrl Pts',(3.54815674773128,-11.6914157642925,32.1));
#11284=CARTESIAN_POINT('',(4.1354687308398,-11.5756242050731,31.6));
#11285=CARTESIAN_POINT('Ctrl Pts',(4.5699853991595,-11.3285236134136,31.6));
#11286=CARTESIAN_POINT('Ctrl Pts',(4.5699853991595,-11.3285236134136,32.1));
#11287=CARTESIAN_POINT('Ctrl Pts',(4.51047512487879,-11.3733579338303,31.6));
#11288=CARTESIAN_POINT('Ctrl Pts',(4.51047512487879,-11.3733579338303,32.1));
#11289=CARTESIAN_POINT('Ctrl Pts',(4.37644803926132,-11.4743323180642,31.6));
#11290=CARTESIAN_POINT('Ctrl Pts',(4.37644803926132,-11.4743323180642,32.1));
#11291=CARTESIAN_POINT('Ctrl Pts',(4.22157534879396,-11.5394306336264,31.6));
#11292=CARTESIAN_POINT('Ctrl Pts',(4.22157534879396,-11.5394306336264,32.1));
#11293=CARTESIAN_POINT('Ctrl Pts',(4.1354687308398,-11.5756242050731,31.6));
#11294=CARTESIAN_POINT('Ctrl Pts',(4.1354687308398,-11.5756242050731,32.1));
#11295=CARTESIAN_POINT('',(4.5699853991595,-11.3285236134136,31.6));
#11296=CARTESIAN_POINT('Ctrl Pts',(4.1354687308398,-11.5756242050731,31.6));
#11297=CARTESIAN_POINT('Ctrl Pts',(4.22157534879396,-11.5394306336264,31.6));
#11298=CARTESIAN_POINT('Ctrl Pts',(4.37644803926132,-11.4743323180642,31.6));
#11299=CARTESIAN_POINT('Ctrl Pts',(4.51047512487879,-11.3733579338303,31.6));
#11300=CARTESIAN_POINT('Ctrl Pts',(4.5699853991595,-11.3285236134136,31.6));
#11301=CARTESIAN_POINT('',(4.5699853991595,-11.3285236134136,32.1));
#11302=CARTESIAN_POINT('Ctrl Pts',(4.5699853991595,-11.3285236134136,32.1));
#11303=CARTESIAN_POINT('Ctrl Pts',(4.51047512487879,-11.3733579338303,32.1));
#11304=CARTESIAN_POINT('Ctrl Pts',(4.37644803926132,-11.4743323180642,32.1));
#11305=CARTESIAN_POINT('Ctrl Pts',(4.22157534879396,-11.5394306336264,32.1));
#11306=CARTESIAN_POINT('Ctrl Pts',(4.1354687308398,-11.5756242050731,32.1));
#11307=CARTESIAN_POINT('',(4.5699853991595,-11.3285236134136,31.6));
#11308=CARTESIAN_POINT('Origin',(4.5699853991595,-10.6767498030269,31.6));
#11309=CARTESIAN_POINT('',(4.5699853991595,-10.6767498030269,31.6));
#11310=CARTESIAN_POINT('',(4.5699853991595,-11.3285236134136,31.6));
#11311=CARTESIAN_POINT('',(4.5699853991595,-10.6767498030269,32.1));
#11312=CARTESIAN_POINT('',(4.5699853991595,-11.3285236134136,32.1));
#11313=CARTESIAN_POINT('',(4.5699853991595,-10.6767498030269,31.6));
#11314=CARTESIAN_POINT('Origin',(3.54099465361507,-10.6767498030269,31.6));
#11315=CARTESIAN_POINT('',(4.5699853991595,-10.6767498030269,31.6));
#11316=CARTESIAN_POINT('',(4.5699853991595,-10.6767498030269,32.1));
#11317=CARTESIAN_POINT('Origin',(0.119780132683824,-10.7841853870952,32.1));
#11318=CARTESIAN_POINT('Origin',(0.119780132683824,-10.7841853870952,31.6));
#11319=CARTESIAN_POINT('Ctrl Pts',(13.2101626490679,-11.5123568548763,31.6));
#11320=CARTESIAN_POINT('Ctrl Pts',(13.2101626490679,-11.5123568548763,32.1));
#11321=CARTESIAN_POINT('Ctrl Pts',(13.150483571886,-11.4140274971437,31.6));
#11322=CARTESIAN_POINT('Ctrl Pts',(13.150483571886,-11.4140274971437,32.1));
#11323=CARTESIAN_POINT('Ctrl Pts',(13.0154629024045,-11.1915626679666,31.6));
#11324=CARTESIAN_POINT('Ctrl Pts',(13.0154629024045,-11.1915626679666,32.1));
#11325=CARTESIAN_POINT('Ctrl Pts',(13.0086454683083,-10.9300878520576,31.6));
#11326=CARTESIAN_POINT('Ctrl Pts',(13.0086454683083,-10.9300878520576,32.1));
#11327=CARTESIAN_POINT('Ctrl Pts',(13.0048413371173,-10.7841847910488,31.6));
#11328=CARTESIAN_POINT('Ctrl Pts',(13.0048413371173,-10.7841847910488,32.1));
#11329=CARTESIAN_POINT('',(13.0048413371173,-10.7841847910488,31.6));
#11330=CARTESIAN_POINT('',(13.2101626490679,-11.5123568548763,31.6));
#11331=CARTESIAN_POINT('Ctrl Pts',(13.0048413371173,-10.7841847910488,31.6));
#11332=CARTESIAN_POINT('Ctrl Pts',(13.0086454683083,-10.9300878520576,31.6));
#11333=CARTESIAN_POINT('Ctrl Pts',(13.0154629024045,-11.1915626679666,31.6));
#11334=CARTESIAN_POINT('Ctrl Pts',(13.150483571886,-11.4140274971437,31.6));
#11335=CARTESIAN_POINT('Ctrl Pts',(13.2101626490679,-11.5123568548763,31.6));
#11336=CARTESIAN_POINT('',(13.0048413371173,-10.7841847910488,32.1));
#11337=CARTESIAN_POINT('',(13.0048413371173,-10.7841847910488,31.6));
#11338=CARTESIAN_POINT('',(13.2101626490679,-11.5123568548763,32.1));
#11339=CARTESIAN_POINT('Ctrl Pts',(13.2101626490679,-11.5123568548763,32.1));
#11340=CARTESIAN_POINT('Ctrl Pts',(13.150483571886,-11.4140274971437,32.1));
#11341=CARTESIAN_POINT('Ctrl Pts',(13.0154629024045,-11.1915626679666,32.1));
#11342=CARTESIAN_POINT('Ctrl Pts',(13.0086454683083,-10.9300878520576,32.1));
#11343=CARTESIAN_POINT('Ctrl Pts',(13.0048413371173,-10.7841847910488,32.1));
#11344=CARTESIAN_POINT('',(13.2101626490679,-11.5123568548763,31.6));
#11345=CARTESIAN_POINT('Ctrl Pts',(13.694815168294,-11.7534892334545,31.6));
#11346=CARTESIAN_POINT('Ctrl Pts',(13.694815168294,-11.7534892334545,32.1));
#11347=CARTESIAN_POINT('Ctrl Pts',(13.6036470247989,-11.7420671610397,31.6));
#11348=CARTESIAN_POINT('Ctrl Pts',(13.6036470247989,-11.7420671610397,32.1));
#11349=CARTESIAN_POINT('Ctrl Pts',(13.414482018082,-11.7183674746993,31.6));
#11350=CARTESIAN_POINT('Ctrl Pts',(13.414482018082,-11.7183674746993,32.1));
#11351=CARTESIAN_POINT('Ctrl Pts',(13.2798886794184,-11.5826600414983,31.6));
#11352=CARTESIAN_POINT('Ctrl Pts',(13.2798886794184,-11.5826600414983,32.1));
#11353=CARTESIAN_POINT('Ctrl Pts',(13.2101626490679,-11.5123568548763,31.6));
#11354=CARTESIAN_POINT('Ctrl Pts',(13.2101626490679,-11.5123568548763,32.1));
#11355=CARTESIAN_POINT('',(13.694815168294,-11.7534892334545,31.6));
#11356=CARTESIAN_POINT('Ctrl Pts',(13.2101626490679,-11.5123568548763,31.6));
#11357=CARTESIAN_POINT('Ctrl Pts',(13.2798886794184,-11.5826600414983,31.6));
#11358=CARTESIAN_POINT('Ctrl Pts',(13.414482018082,-11.7183674746993,31.6));
#11359=CARTESIAN_POINT('Ctrl Pts',(13.6036470247989,-11.7420671610397,31.6));
#11360=CARTESIAN_POINT('Ctrl Pts',(13.694815168294,-11.7534892334545,31.6));
#11361=CARTESIAN_POINT('',(13.694815168294,-11.7534892334545,32.1));
#11362=CARTESIAN_POINT('Ctrl Pts',(13.694815168294,-11.7534892334545,32.1));
#11363=CARTESIAN_POINT('Ctrl Pts',(13.6036470247989,-11.7420671610397,32.1));
#11364=CARTESIAN_POINT('Ctrl Pts',(13.414482018082,-11.7183674746993,32.1));
#11365=CARTESIAN_POINT('Ctrl Pts',(13.2798886794184,-11.5826600414983,32.1));
#11366=CARTESIAN_POINT('Ctrl Pts',(13.2101626490679,-11.5123568548763,32.1));
#11367=CARTESIAN_POINT('',(13.694815168294,-11.7534892334545,31.6));
#11368=CARTESIAN_POINT('Ctrl Pts',(14.1734976862994,-11.523100592097,31.6));
#11369=CARTESIAN_POINT('Ctrl Pts',(14.1734976862994,-11.523100592097,32.1));
#11370=CARTESIAN_POINT('Ctrl Pts',(14.1053389892745,-11.5902885903129,31.6));
#11371=CARTESIAN_POINT('Ctrl Pts',(14.1053389892745,-11.5902885903129,32.1));
#11372=CARTESIAN_POINT('Ctrl Pts',(13.9718317266475,-11.7218944764981,31.6));
#11373=CARTESIAN_POINT('Ctrl Pts',(13.9718317266475,-11.7218944764981,32.1));
#11374=CARTESIAN_POINT('Ctrl Pts',(13.7858491344475,-11.7431064749202,31.6));
#11375=CARTESIAN_POINT('Ctrl Pts',(13.7858491344475,-11.7431064749202,32.1));
#11376=CARTESIAN_POINT('Ctrl Pts',(13.694815168294,-11.7534892334545,31.6));
#11377=CARTESIAN_POINT('Ctrl Pts',(13.694815168294,-11.7534892334545,32.1));
#11378=CARTESIAN_POINT('',(14.1734976862994,-11.523100592097,31.6));
#11379=CARTESIAN_POINT('Ctrl Pts',(13.694815168294,-11.7534892334545,31.6));
#11380=CARTESIAN_POINT('Ctrl Pts',(13.7858491344475,-11.7431064749202,31.6));
#11381=CARTESIAN_POINT('Ctrl Pts',(13.9718317266475,-11.7218944764981,31.6));
#11382=CARTESIAN_POINT('Ctrl Pts',(14.1053389892745,-11.5902885903129,31.6));
#11383=CARTESIAN_POINT('Ctrl Pts',(14.1734976862994,-11.523100592097,31.6));
#11384=CARTESIAN_POINT('',(14.1734976862994,-11.523100592097,32.1));
#11385=CARTESIAN_POINT('Ctrl Pts',(14.1734976862994,-11.523100592097,32.1));
#11386=CARTESIAN_POINT('Ctrl Pts',(14.1053389892745,-11.5902885903129,32.1));
#11387=CARTESIAN_POINT('Ctrl Pts',(13.9718317266475,-11.7218944764981,32.1));
#11388=CARTESIAN_POINT('Ctrl Pts',(13.7858491344475,-11.7431064749202,32.1));
#11389=CARTESIAN_POINT('Ctrl Pts',(13.694815168294,-11.7534892334545,32.1));
#11390=CARTESIAN_POINT('',(14.1734976862994,-11.523100592097,31.6));
#11391=CARTESIAN_POINT('Ctrl Pts',(14.3704624270526,-10.8199970497692,31.6));
#11392=CARTESIAN_POINT('Ctrl Pts',(14.3704624270526,-10.8199970497692,32.1));
#11393=CARTESIAN_POINT('Ctrl Pts',(14.3669866329845,-10.9612967702553,31.6));
#11394=CARTESIAN_POINT('Ctrl Pts',(14.3669866329845,-10.9612967702553,32.1));
#11395=CARTESIAN_POINT('Ctrl Pts',(14.360778174968,-11.2136861135848,31.6));
#11396=CARTESIAN_POINT('Ctrl Pts',(14.360778174968,-11.2136861135848,32.1));
#11397=CARTESIAN_POINT('Ctrl Pts',(14.2307359883425,-11.4285346311499,31.6));
#11398=CARTESIAN_POINT('Ctrl Pts',(14.2307359883425,-11.4285346311499,32.1));
#11399=CARTESIAN_POINT('Ctrl Pts',(14.1734976862994,-11.523100592097,31.6));
#11400=CARTESIAN_POINT('Ctrl Pts',(14.1734976862994,-11.523100592097,32.1));
#11401=CARTESIAN_POINT('',(14.3704624270526,-10.8199970497692,31.6));
#11402=CARTESIAN_POINT('Ctrl Pts',(14.1734976862994,-11.523100592097,31.6));
#11403=CARTESIAN_POINT('Ctrl Pts',(14.2307359883425,-11.4285346311499,31.6));
#11404=CARTESIAN_POINT('Ctrl Pts',(14.360778174968,-11.2136861135848,31.6));
#11405=CARTESIAN_POINT('Ctrl Pts',(14.3669866329845,-10.9612967702553,31.6));
#11406=CARTESIAN_POINT('Ctrl Pts',(14.3704624270526,-10.8199970497692,31.6));
#11407=CARTESIAN_POINT('',(14.3704624270526,-10.8199970497692,32.1));
#11408=CARTESIAN_POINT('Ctrl Pts',(14.3704624270526,-10.8199970497692,32.1));
#11409=CARTESIAN_POINT('Ctrl Pts',(14.3669866329845,-10.9612967702553,32.1));
#11410=CARTESIAN_POINT('Ctrl Pts',(14.360778174968,-11.2136861135848,32.1));
#11411=CARTESIAN_POINT('Ctrl Pts',(14.2307359883425,-11.4285346311499,32.1));
#11412=CARTESIAN_POINT('Ctrl Pts',(14.1734976862994,-11.523100592097,32.1));
#11413=CARTESIAN_POINT('',(14.3704624270526,-10.8199970497692,31.6));
#11414=CARTESIAN_POINT('Ctrl Pts',(14.1699166392413,-10.0560133232677,31.6));
#11415=CARTESIAN_POINT('Ctrl Pts',(14.1699166392413,-10.0560133232677,32.1));
#11416=CARTESIAN_POINT('Ctrl Pts',(14.2281460163554,-10.1579427348585,31.6));
#11417=CARTESIAN_POINT('Ctrl Pts',(14.2281460163554,-10.1579427348585,32.1));
#11418=CARTESIAN_POINT('Ctrl Pts',(14.362551585539,-10.3932171145684,31.6));
#11419=CARTESIAN_POINT('Ctrl Pts',(14.362551585539,-10.3932171145684,32.1));
#11420=CARTESIAN_POINT('Ctrl Pts',(14.3676007462547,-10.6656129752804,31.6));
#11421=CARTESIAN_POINT('Ctrl Pts',(14.3676007462547,-10.6656129752804,32.1));
#11422=CARTESIAN_POINT('Ctrl Pts',(14.3704624270526,-10.8199970497692,31.6));
#11423=CARTESIAN_POINT('Ctrl Pts',(14.3704624270526,-10.8199970497692,32.1));
#11424=CARTESIAN_POINT('',(14.1699166392413,-10.0560133232677,31.6));
#11425=CARTESIAN_POINT('Ctrl Pts',(14.3704624270526,-10.8199970497692,31.6));
#11426=CARTESIAN_POINT('Ctrl Pts',(14.3676007462547,-10.6656129752804,31.6));
#11427=CARTESIAN_POINT('Ctrl Pts',(14.362551585539,-10.3932171145684,31.6));
#11428=CARTESIAN_POINT('Ctrl Pts',(14.2281460163554,-10.1579427348585,31.6));
#11429=CARTESIAN_POINT('Ctrl Pts',(14.1699166392413,-10.0560133232677,31.6));
#11430=CARTESIAN_POINT('',(14.1699166392413,-10.0560133232677,32.1));
#11431=CARTESIAN_POINT('Ctrl Pts',(14.1699166392413,-10.0560133232677,32.1));
#11432=CARTESIAN_POINT('Ctrl Pts',(14.2281460163554,-10.1579427348585,32.1));
#11433=CARTESIAN_POINT('Ctrl Pts',(14.362551585539,-10.3932171145684,32.1));
#11434=CARTESIAN_POINT('Ctrl Pts',(14.3676007462547,-10.6656129752804,32.1));
#11435=CARTESIAN_POINT('Ctrl Pts',(14.3704624270526,-10.8199970497692,32.1));
#11436=CARTESIAN_POINT('',(14.1699166392413,-10.0560133232677,31.6));
#11437=CARTESIAN_POINT('Ctrl Pts',(13.6757154559222,-9.81249318261981,31.6));
#11438=CARTESIAN_POINT('Ctrl Pts',(13.6757154559222,-9.81249318261981,32.1));
#11439=CARTESIAN_POINT('Ctrl Pts',(13.7703829043005,-9.82345580294215,31.6));
#11440=CARTESIAN_POINT('Ctrl Pts',(13.7703829043005,-9.82345580294215,32.1));
#11441=CARTESIAN_POINT('Ctrl Pts',(13.9637265397561,-9.84584526102462,31.6));
#11442=CARTESIAN_POINT('Ctrl Pts',(13.9637265397561,-9.84584526102462,32.1));
#11443=CARTESIAN_POINT('Ctrl Pts',(14.1002431059386,-9.98499559971836,31.6));
#11444=CARTESIAN_POINT('Ctrl Pts',(14.1002431059386,-9.98499559971836,32.1));
#11445=CARTESIAN_POINT('Ctrl Pts',(14.1699166392413,-10.0560133232677,31.6));
#11446=CARTESIAN_POINT('Ctrl Pts',(14.1699166392413,-10.0560133232677,32.1));
#11447=CARTESIAN_POINT('',(13.6757154559222,-9.81249318261981,31.6));
#11448=CARTESIAN_POINT('Ctrl Pts',(14.1699166392413,-10.0560133232677,31.6));
#11449=CARTESIAN_POINT('Ctrl Pts',(14.1002431059386,-9.98499559971836,31.6));
#11450=CARTESIAN_POINT('Ctrl Pts',(13.9637265397561,-9.84584526102462,31.6));
#11451=CARTESIAN_POINT('Ctrl Pts',(13.7703829043005,-9.82345580294215,31.6));
#11452=CARTESIAN_POINT('Ctrl Pts',(13.6757154559222,-9.81249318261981,31.6));
#11453=CARTESIAN_POINT('',(13.6757154559222,-9.81249318261981,32.1));
#11454=CARTESIAN_POINT('Ctrl Pts',(13.6757154559222,-9.81249318261981,32.1));
#11455=CARTESIAN_POINT('Ctrl Pts',(13.7703829043005,-9.82345580294215,32.1));
#11456=CARTESIAN_POINT('Ctrl Pts',(13.9637265397561,-9.84584526102462,32.1));
#11457=CARTESIAN_POINT('Ctrl Pts',(14.1002431059386,-9.98499559971836,32.1));
#11458=CARTESIAN_POINT('Ctrl Pts',(14.1699166392413,-10.0560133232677,32.1));
#11459=CARTESIAN_POINT('',(13.6757154559222,-9.81249318261981,31.6));
#11460=CARTESIAN_POINT('Ctrl Pts',(13.197030553731,-10.0464634670818,31.6));
#11461=CARTESIAN_POINT('Ctrl Pts',(13.197030553731,-10.0464634670818,32.1));
#11462=CARTESIAN_POINT('Ctrl Pts',(13.2642357750324,-9.9782271414237,31.6));
#11463=CARTESIAN_POINT('Ctrl Pts',(13.2642357750324,-9.9782271414237,32.1));
#11464=CARTESIAN_POINT('Ctrl Pts',(13.3965274618902,-9.84390575312256,31.6));
#11465=CARTESIAN_POINT('Ctrl Pts',(13.3965274618902,-9.84390575312256,32.1));
#11466=CARTESIAN_POINT('Ctrl Pts',(13.5836517724037,-9.82285164004308,31.6));
#11467=CARTESIAN_POINT('Ctrl Pts',(13.5836517724037,-9.82285164004308,32.1));
#11468=CARTESIAN_POINT('Ctrl Pts',(13.6757154559222,-9.81249318261981,31.6));
#11469=CARTESIAN_POINT('Ctrl Pts',(13.6757154559222,-9.81249318261981,32.1));
#11470=CARTESIAN_POINT('',(13.197030553731,-10.0464634670818,31.6));
#11471=CARTESIAN_POINT('Ctrl Pts',(13.6757154559222,-9.81249318261981,31.6));
#11472=CARTESIAN_POINT('Ctrl Pts',(13.5836517724037,-9.82285164004308,31.6));
#11473=CARTESIAN_POINT('Ctrl Pts',(13.3965274618902,-9.84390575312256,31.6));
#11474=CARTESIAN_POINT('Ctrl Pts',(13.2642357750324,-9.9782271414237,31.6));
#11475=CARTESIAN_POINT('Ctrl Pts',(13.197030553731,-10.0464634670818,31.6));
#11476=CARTESIAN_POINT('',(13.197030553731,-10.0464634670818,32.1));
#11477=CARTESIAN_POINT('Ctrl Pts',(13.197030553731,-10.0464634670818,32.1));
#11478=CARTESIAN_POINT('Ctrl Pts',(13.2642357750324,-9.9782271414237,32.1));
#11479=CARTESIAN_POINT('Ctrl Pts',(13.3965274618902,-9.84390575312256,32.1));
#11480=CARTESIAN_POINT('Ctrl Pts',(13.5836517724037,-9.82285164004308,32.1));
#11481=CARTESIAN_POINT('Ctrl Pts',(13.6757154559222,-9.81249318261981,32.1));
#11482=CARTESIAN_POINT('',(13.197030553731,-10.0464634670818,31.6));
#11483=CARTESIAN_POINT('Ctrl Pts',(13.0048413371173,-10.7841847910488,31.6));
#11484=CARTESIAN_POINT('Ctrl Pts',(13.0048413371173,-10.7841847910488,32.1));
#11485=CARTESIAN_POINT('Ctrl Pts',(13.0074830727631,-10.6349344421917,31.6));
#11486=CARTESIAN_POINT('Ctrl Pts',(13.0074830727631,-10.6349344421917,32.1));
#11487=CARTESIAN_POINT('Ctrl Pts',(13.0121356015555,-10.3720801530267,31.6));
#11488=CARTESIAN_POINT('Ctrl Pts',(13.0121356015555,-10.3720801530267,32.1));
#11489=CARTESIAN_POINT('Ctrl Pts',(13.1412347350566,-10.1447249358379,31.6));
#11490=CARTESIAN_POINT('Ctrl Pts',(13.1412347350566,-10.1447249358379,32.1));
#11491=CARTESIAN_POINT('Ctrl Pts',(13.197030553731,-10.0464634670818,31.6));
#11492=CARTESIAN_POINT('Ctrl Pts',(13.197030553731,-10.0464634670818,32.1));
#11493=CARTESIAN_POINT('Ctrl Pts',(13.197030553731,-10.0464634670818,31.6));
#11494=CARTESIAN_POINT('Ctrl Pts',(13.1412347350566,-10.1447249358379,31.6));
#11495=CARTESIAN_POINT('Ctrl Pts',(13.0121356015555,-10.3720801530267,31.6));
#11496=CARTESIAN_POINT('Ctrl Pts',(13.0074830727631,-10.6349344421917,31.6));
#11497=CARTESIAN_POINT('Ctrl Pts',(13.0048413371173,-10.7841847910488,31.6));
#11498=CARTESIAN_POINT('Ctrl Pts',(13.0048413371173,-10.7841847910488,32.1));
#11499=CARTESIAN_POINT('Ctrl Pts',(13.0074830727631,-10.6349344421917,32.1));
#11500=CARTESIAN_POINT('Ctrl Pts',(13.0121356015555,-10.3720801530267,32.1));
#11501=CARTESIAN_POINT('Ctrl Pts',(13.1412347350566,-10.1447249358379,32.1));
#11502=CARTESIAN_POINT('Ctrl Pts',(13.197030553731,-10.0464634670818,32.1));
#11503=CARTESIAN_POINT('Origin',(14.3633003329364,-11.7296145929897,31.6));
#11504=CARTESIAN_POINT('',(14.3633003329364,-12.0495329870784,31.6));
#11505=CARTESIAN_POINT('',(14.3633003329364,-11.7296145929897,31.6));
#11506=CARTESIAN_POINT('',(14.3633003329364,-12.0495329870784,31.6));
#11507=CARTESIAN_POINT('',(14.3633003329364,-12.0495329870784,32.1));
#11508=CARTESIAN_POINT('',(14.3633003329364,-12.0495329870784,31.6));
#11509=CARTESIAN_POINT('',(14.3633003329364,-11.7296145929897,32.1));
#11510=CARTESIAN_POINT('',(14.3633003329364,-12.0495329870784,32.1));
#11511=CARTESIAN_POINT('',(14.3633003329364,-11.7296145929897,31.6));
#11512=CARTESIAN_POINT('Ctrl Pts',(13.6542267893878,-12.1068315281475,31.6));
#11513=CARTESIAN_POINT('Ctrl Pts',(13.6542267893878,-12.1068315281475,32.1));
#11514=CARTESIAN_POINT('Ctrl Pts',(13.8002021810598,-12.0919715329555,31.6));
#11515=CARTESIAN_POINT('Ctrl Pts',(13.8002021810598,-12.0919715329555,32.1));
#11516=CARTESIAN_POINT('Ctrl Pts',(14.0883025987512,-12.0626435018904,31.6));
#11517=CARTESIAN_POINT('Ctrl Pts',(14.0883025987512,-12.0626435018904,32.1));
#11518=CARTESIAN_POINT('Ctrl Pts',(14.2724547990479,-11.8396307322827,31.6));
#11519=CARTESIAN_POINT('Ctrl Pts',(14.2724547990479,-11.8396307322827,32.1));
#11520=CARTESIAN_POINT('Ctrl Pts',(14.3633003329364,-11.7296145929897,31.6));
#11521=CARTESIAN_POINT('Ctrl Pts',(14.3633003329364,-11.7296145929897,32.1));
#11522=CARTESIAN_POINT('',(13.6542267893878,-12.1068315281475,31.6));
#11523=CARTESIAN_POINT('Ctrl Pts',(14.3633003329364,-11.7296145929897,31.6));
#11524=CARTESIAN_POINT('Ctrl Pts',(14.2724547990479,-11.8396307322827,31.6));
#11525=CARTESIAN_POINT('Ctrl Pts',(14.0883025987512,-12.0626435018904,31.6));
#11526=CARTESIAN_POINT('Ctrl Pts',(13.8002021810598,-12.0919715329555,31.6));
#11527=CARTESIAN_POINT('Ctrl Pts',(13.6542267893878,-12.1068315281475,31.6));
#11528=CARTESIAN_POINT('',(13.6542267893878,-12.1068315281475,32.1));
#11529=CARTESIAN_POINT('Ctrl Pts',(13.6542267893878,-12.1068315281475,32.1));
#11530=CARTESIAN_POINT('Ctrl Pts',(13.8002021810598,-12.0919715329555,32.1));
#11531=CARTESIAN_POINT('Ctrl Pts',(14.0883025987512,-12.0626435018904,32.1));
#11532=CARTESIAN_POINT('Ctrl Pts',(14.2724547990479,-11.8396307322827,32.1));
#11533=CARTESIAN_POINT('Ctrl Pts',(14.3633003329364,-11.7296145929897,32.1));
#11534=CARTESIAN_POINT('',(13.6542267893878,-12.1068315281475,31.6));
#11535=CARTESIAN_POINT('Ctrl Pts',(13.0967588519183,-11.9397102369869,31.6));
#11536=CARTESIAN_POINT('Ctrl Pts',(13.0967588519183,-11.9397102369869,32.1));
#11537=CARTESIAN_POINT('Ctrl Pts',(13.1835055701491,-11.9884538601462,31.6));
#11538=CARTESIAN_POINT('Ctrl Pts',(13.1835055701491,-11.9884538601462,32.1));
#11539=CARTESIAN_POINT('Ctrl Pts',(13.3568367846969,-12.0858499527704,31.6));
#11540=CARTESIAN_POINT('Ctrl Pts',(13.3568367846969,-12.0858499527704,32.1));
#11541=CARTESIAN_POINT('Ctrl Pts',(13.5551586581071,-12.0998420347847,31.6));
#11542=CARTESIAN_POINT('Ctrl Pts',(13.5551586581071,-12.0998420347847,32.1));
#11543=CARTESIAN_POINT('Ctrl Pts',(13.6542267893878,-12.1068315281475,31.6));
#11544=CARTESIAN_POINT('Ctrl Pts',(13.6542267893878,-12.1068315281475,32.1));
#11545=CARTESIAN_POINT('',(13.0967588519183,-11.9397102369869,31.6));
#11546=CARTESIAN_POINT('Ctrl Pts',(13.6542267893878,-12.1068315281475,31.6));
#11547=CARTESIAN_POINT('Ctrl Pts',(13.5551586581071,-12.0998420347847,31.6));
#11548=CARTESIAN_POINT('Ctrl Pts',(13.3568367846969,-12.0858499527704,31.6));
#11549=CARTESIAN_POINT('Ctrl Pts',(13.1835055701491,-11.9884538601462,31.6));
#11550=CARTESIAN_POINT('Ctrl Pts',(13.0967588519183,-11.9397102369869,31.6));
#11551=CARTESIAN_POINT('',(13.0967588519183,-11.9397102369869,32.1));
#11552=CARTESIAN_POINT('Ctrl Pts',(13.0967588519183,-11.9397102369869,32.1));
#11553=CARTESIAN_POINT('Ctrl Pts',(13.1835055701491,-11.9884538601462,32.1));
#11554=CARTESIAN_POINT('Ctrl Pts',(13.3568367846969,-12.0858499527704,32.1));
#11555=CARTESIAN_POINT('Ctrl Pts',(13.5551586581071,-12.0998420347847,32.1));
#11556=CARTESIAN_POINT('Ctrl Pts',(13.6542267893878,-12.1068315281475,32.1));
#11557=CARTESIAN_POINT('',(13.0967588519183,-11.9397102369869,31.6));
#11558=CARTESIAN_POINT('Ctrl Pts',(12.7028293704119,-11.4729641451442,31.6));
#11559=CARTESIAN_POINT('Ctrl Pts',(12.7028293704119,-11.4729641451442,32.1));
#11560=CARTESIAN_POINT('Ctrl Pts',(12.7531920290893,-11.5666737747356,31.6));
#11561=CARTESIAN_POINT('Ctrl Pts',(12.7531920290893,-11.5666737747356,32.1));
#11562=CARTESIAN_POINT('Ctrl Pts',(12.8517546784632,-11.7500689648813,31.6));
#11563=CARTESIAN_POINT('Ctrl Pts',(12.8517546784632,-11.7500689648813,32.1));
#11564=CARTESIAN_POINT('Ctrl Pts',(13.0162942399743,-11.8774279862262,31.6));
#11565=CARTESIAN_POINT('Ctrl Pts',(13.0162942399743,-11.8774279862262,32.1));
#11566=CARTESIAN_POINT('Ctrl Pts',(13.0967588519183,-11.9397102369869,31.6));
#11567=CARTESIAN_POINT('Ctrl Pts',(13.0967588519183,-11.9397102369869,32.1));
#11568=CARTESIAN_POINT('',(12.7028293704119,-11.4729641451442,31.6));
#11569=CARTESIAN_POINT('Ctrl Pts',(13.0967588519183,-11.9397102369869,31.6));
#11570=CARTESIAN_POINT('Ctrl Pts',(13.0162942399743,-11.8774279862262,31.6));
#11571=CARTESIAN_POINT('Ctrl Pts',(12.8517546784632,-11.7500689648813,31.6));
#11572=CARTESIAN_POINT('Ctrl Pts',(12.7531920290893,-11.5666737747356,31.6));
#11573=CARTESIAN_POINT('Ctrl Pts',(12.7028293704119,-11.4729641451442,31.6));
#11574=CARTESIAN_POINT('',(12.7028293704119,-11.4729641451442,32.1));
#11575=CARTESIAN_POINT('Ctrl Pts',(12.7028293704119,-11.4729641451442,32.1));
#11576=CARTESIAN_POINT('Ctrl Pts',(12.7531920290893,-11.5666737747356,32.1));
#11577=CARTESIAN_POINT('Ctrl Pts',(12.8517546784632,-11.7500689648813,32.1));
#11578=CARTESIAN_POINT('Ctrl Pts',(13.0162942399743,-11.8774279862262,32.1));
#11579=CARTESIAN_POINT('Ctrl Pts',(13.0967588519183,-11.9397102369869,32.1));
#11580=CARTESIAN_POINT('',(12.7028293704119,-11.4729641451442,31.6));
#11581=CARTESIAN_POINT('Ctrl Pts',(12.5631637667742,-10.7841847910488,31.6));
#11582=CARTESIAN_POINT('Ctrl Pts',(12.5631637667742,-10.7841847910488,32.1));
#11583=CARTESIAN_POINT('Ctrl Pts',(12.5679367843029,-10.9078677143776,31.6));
#11584=CARTESIAN_POINT('Ctrl Pts',(12.5679367843029,-10.9078677143776,32.1));
#11585=CARTESIAN_POINT('Ctrl Pts',(12.5770965718013,-11.1452247506914,31.6));
#11586=CARTESIAN_POINT('Ctrl Pts',(12.5770965718013,-11.1452247506914,32.1));
#11587=CARTESIAN_POINT('Ctrl Pts',(12.6621134271581,-11.3668325809538,31.6));
#11588=CARTESIAN_POINT('Ctrl Pts',(12.6621134271581,-11.3668325809538,32.1));
#11589=CARTESIAN_POINT('Ctrl Pts',(12.7028293704119,-11.4729641451442,31.6));
#11590=CARTESIAN_POINT('Ctrl Pts',(12.7028293704119,-11.4729641451442,32.1));
#11591=CARTESIAN_POINT('',(12.5631637667742,-10.7841847910488,31.6));
#11592=CARTESIAN_POINT('Ctrl Pts',(12.7028293704119,-11.4729641451442,31.6));
#11593=CARTESIAN_POINT('Ctrl Pts',(12.6621134271581,-11.3668325809538,31.6));
#11594=CARTESIAN_POINT('Ctrl Pts',(12.5770965718013,-11.1452247506914,31.6));
#11595=CARTESIAN_POINT('Ctrl Pts',(12.5679367843029,-10.9078677143776,31.6));
#11596=CARTESIAN_POINT('Ctrl Pts',(12.5631637667742,-10.7841847910488,31.6));
#11597=CARTESIAN_POINT('',(12.5631637667742,-10.7841847910488,32.1));
#11598=CARTESIAN_POINT('Ctrl Pts',(12.5631637667742,-10.7841847910488,32.1));
#11599=CARTESIAN_POINT('Ctrl Pts',(12.5679367843029,-10.9078677143776,32.1));
#11600=CARTESIAN_POINT('Ctrl Pts',(12.5770965718013,-11.1452247506914,32.1));
#11601=CARTESIAN_POINT('Ctrl Pts',(12.6621134271581,-11.3668325809538,32.1));
#11602=CARTESIAN_POINT('Ctrl Pts',(12.7028293704119,-11.4729641451442,32.1));
#11603=CARTESIAN_POINT('',(12.5631637667742,-10.7841847910488,31.6));
#11604=CARTESIAN_POINT('Ctrl Pts',(12.6896996592608,-10.0954060329998,31.6));
#11605=CARTESIAN_POINT('Ctrl Pts',(12.6896996592608,-10.0954060329998,32.1));
#11606=CARTESIAN_POINT('Ctrl Pts',(12.6528046444394,-10.2033494658107,31.6));
#11607=CARTESIAN_POINT('Ctrl Pts',(12.6528046444394,-10.2033494658107,32.1));
#11608=CARTESIAN_POINT('Ctrl Pts',(12.5765108645593,-10.4265615323256,31.6));
#11609=CARTESIAN_POINT('Ctrl Pts',(12.5765108645593,-10.4265615323256,32.1));
#11610=CARTESIAN_POINT('Ctrl Pts',(12.5677090827246,-10.6623972138335,31.6));
#11611=CARTESIAN_POINT('Ctrl Pts',(12.5677090827246,-10.6623972138335,32.1));
#11612=CARTESIAN_POINT('Ctrl Pts',(12.5631637667742,-10.7841847910488,31.6));
#11613=CARTESIAN_POINT('Ctrl Pts',(12.5631637667742,-10.7841847910488,32.1));
#11614=CARTESIAN_POINT('',(12.6896996592608,-10.0954060329998,31.6));
#11615=CARTESIAN_POINT('Ctrl Pts',(12.5631637667742,-10.7841847910488,31.6));
#11616=CARTESIAN_POINT('Ctrl Pts',(12.5677090827246,-10.6623972138335,31.6));
#11617=CARTESIAN_POINT('Ctrl Pts',(12.5765108645593,-10.4265615323256,31.6));
#11618=CARTESIAN_POINT('Ctrl Pts',(12.6528046444394,-10.2033494658107,31.6));
#11619=CARTESIAN_POINT('Ctrl Pts',(12.6896996592608,-10.0954060329998,31.6));
#11620=CARTESIAN_POINT('',(12.6896996592608,-10.0954060329998,32.1));
#11621=CARTESIAN_POINT('Ctrl Pts',(12.6896996592608,-10.0954060329998,32.1));
#11622=CARTESIAN_POINT('Ctrl Pts',(12.6528046444394,-10.2033494658107,32.1));
#11623=CARTESIAN_POINT('Ctrl Pts',(12.5765108645593,-10.4265615323256,32.1));
#11624=CARTESIAN_POINT('Ctrl Pts',(12.5677090827246,-10.6623972138335,32.1));
#11625=CARTESIAN_POINT('Ctrl Pts',(12.5631637667742,-10.7841847910488,32.1));
#11626=CARTESIAN_POINT('',(12.6896996592608,-10.0954060329998,31.6));
#11627=CARTESIAN_POINT('Ctrl Pts',(13.069302568349,-9.62149725099444,31.6));
#11628=CARTESIAN_POINT('Ctrl Pts',(13.069302568349,-9.62149725099444,32.1));
#11629=CARTESIAN_POINT('Ctrl Pts',(12.9896855534437,-9.68375527980859,31.6));
#11630=CARTESIAN_POINT('Ctrl Pts',(12.9896855534437,-9.68375527980859,32.1));
#11631=CARTESIAN_POINT('Ctrl Pts',(12.8260273341356,-9.81173091598995,31.6));
#11632=CARTESIAN_POINT('Ctrl Pts',(12.8260273341356,-9.81173091598995,32.1));
#11633=CARTESIAN_POINT('Ctrl Pts',(12.7359538726064,-9.99915874208781,31.6));
#11634=CARTESIAN_POINT('Ctrl Pts',(12.7359538726064,-9.99915874208781,32.1));
#11635=CARTESIAN_POINT('Ctrl Pts',(12.6896996592608,-10.0954060329998,31.6));
#11636=CARTESIAN_POINT('Ctrl Pts',(12.6896996592608,-10.0954060329998,32.1));
#11637=CARTESIAN_POINT('',(13.069302568349,-9.62149725099444,31.6));
#11638=CARTESIAN_POINT('Ctrl Pts',(12.6896996592608,-10.0954060329998,31.6));
#11639=CARTESIAN_POINT('Ctrl Pts',(12.7359538726064,-9.99915874208781,31.6));
#11640=CARTESIAN_POINT('Ctrl Pts',(12.8260273341356,-9.81173091598995,31.6));
#11641=CARTESIAN_POINT('Ctrl Pts',(12.9896855534437,-9.68375527980859,31.6));
#11642=CARTESIAN_POINT('Ctrl Pts',(13.069302568349,-9.62149725099444,31.6));
#11643=CARTESIAN_POINT('',(13.069302568349,-9.62149725099444,32.1));
#11644=CARTESIAN_POINT('Ctrl Pts',(13.069302568349,-9.62149725099444,32.1));
#11645=CARTESIAN_POINT('Ctrl Pts',(12.9896855534437,-9.68375527980859,32.1));
#11646=CARTESIAN_POINT('Ctrl Pts',(12.8260273341356,-9.81173091598995,32.1));
#11647=CARTESIAN_POINT('Ctrl Pts',(12.7359538726064,-9.99915874208781,32.1));
#11648=CARTESIAN_POINT('Ctrl Pts',(12.6896996592608,-10.0954060329998,32.1));
#11649=CARTESIAN_POINT('',(13.069302568349,-9.62149725099444,31.6));
#11650=CARTESIAN_POINT('Ctrl Pts',(13.6351270770159,-9.45676312585712,31.6));
#11651=CARTESIAN_POINT('Ctrl Pts',(13.6351270770159,-9.45676312585712,32.1));
#11652=CARTESIAN_POINT('Ctrl Pts',(13.5337647610438,-9.4633667891414,31.6));
#11653=CARTESIAN_POINT('Ctrl Pts',(13.5337647610438,-9.4633667891414,32.1));
#11654=CARTESIAN_POINT('Ctrl Pts',(13.3329163800759,-9.47645187965444,31.6));
#11655=CARTESIAN_POINT('Ctrl Pts',(13.3329163800759,-9.47645187965444,32.1));
#11656=CARTESIAN_POINT('Ctrl Pts',(13.1566248890474,-9.57345083662409,31.6));
#11657=CARTESIAN_POINT('Ctrl Pts',(13.1566248890474,-9.57345083662409,32.1));
#11658=CARTESIAN_POINT('Ctrl Pts',(13.069302568349,-9.62149725099444,31.6));
#11659=CARTESIAN_POINT('Ctrl Pts',(13.069302568349,-9.62149725099444,32.1));
#11660=CARTESIAN_POINT('',(13.6351270770159,-9.45676312585712,31.6));
#11661=CARTESIAN_POINT('Ctrl Pts',(13.069302568349,-9.62149725099444,31.6));
#11662=CARTESIAN_POINT('Ctrl Pts',(13.1566248890474,-9.57345083662409,31.6));
#11663=CARTESIAN_POINT('Ctrl Pts',(13.3329163800759,-9.47645187965444,31.6));
#11664=CARTESIAN_POINT('Ctrl Pts',(13.5337647610438,-9.4633667891414,31.6));
#11665=CARTESIAN_POINT('Ctrl Pts',(13.6351270770159,-9.45676312585712,31.6));
#11666=CARTESIAN_POINT('',(13.6351270770159,-9.45676312585712,32.1));
#11667=CARTESIAN_POINT('Ctrl Pts',(13.6351270770159,-9.45676312585712,32.1));
#11668=CARTESIAN_POINT('Ctrl Pts',(13.5337647610438,-9.4633667891414,32.1));
#11669=CARTESIAN_POINT('Ctrl Pts',(13.3329163800759,-9.47645187965444,32.1));
#11670=CARTESIAN_POINT('Ctrl Pts',(13.1566248890474,-9.57345083662409,32.1));
#11671=CARTESIAN_POINT('Ctrl Pts',(13.069302568349,-9.62149725099444,32.1));
#11672=CARTESIAN_POINT('',(13.6351270770159,-9.45676312585712,31.6));
#11673=CARTESIAN_POINT('Ctrl Pts',(14.0433807467547,-9.55345497270465,31.6));
#11674=CARTESIAN_POINT('Ctrl Pts',(14.0433807467547,-9.55345497270465,32.1));
#11675=CARTESIAN_POINT('Ctrl Pts',(13.9804854089078,-9.52526088345685,31.6));
#11676=CARTESIAN_POINT('Ctrl Pts',(13.9804854089078,-9.52526088345685,32.1));
#11677=CARTESIAN_POINT('Ctrl Pts',(13.8506584654708,-9.46706336746694,31.6));
#11678=CARTESIAN_POINT('Ctrl Pts',(13.8506584654708,-9.46706336746694,32.1));
#11679=CARTESIAN_POINT('Ctrl Pts',(13.7084446632438,-9.46026697213125,31.6));
#11680=CARTESIAN_POINT('Ctrl Pts',(13.7084446632438,-9.46026697213125,32.1));
#11681=CARTESIAN_POINT('Ctrl Pts',(13.6351270770159,-9.45676312585712,31.6));
#11682=CARTESIAN_POINT('Ctrl Pts',(13.6351270770159,-9.45676312585712,32.1));
#11683=CARTESIAN_POINT('',(14.0433807467547,-9.55345497270465,31.6));
#11684=CARTESIAN_POINT('Ctrl Pts',(13.6351270770159,-9.45676312585712,31.6));
#11685=CARTESIAN_POINT('Ctrl Pts',(13.7084446632438,-9.46026697213125,31.6));
#11686=CARTESIAN_POINT('Ctrl Pts',(13.8506584654708,-9.46706336746694,31.6));
#11687=CARTESIAN_POINT('Ctrl Pts',(13.9804854089078,-9.52526088345685,31.6));
#11688=CARTESIAN_POINT('Ctrl Pts',(14.0433807467547,-9.55345497270465,31.6));
#11689=CARTESIAN_POINT('',(14.0433807467547,-9.55345497270465,32.1));
#11690=CARTESIAN_POINT('Ctrl Pts',(14.0433807467547,-9.55345497270465,32.1));
#11691=CARTESIAN_POINT('Ctrl Pts',(13.9804854089078,-9.52526088345685,32.1));
#11692=CARTESIAN_POINT('Ctrl Pts',(13.8506584654708,-9.46706336746694,32.1));
#11693=CARTESIAN_POINT('Ctrl Pts',(13.7084446632438,-9.46026697213125,32.1));
#11694=CARTESIAN_POINT('Ctrl Pts',(13.6351270770159,-9.45676312585712,32.1));
#11695=CARTESIAN_POINT('',(14.0433807467547,-9.55345497270465,31.6));
#11696=CARTESIAN_POINT('Ctrl Pts',(14.3346519564715,-9.8053310885036,31.6));
#11697=CARTESIAN_POINT('Ctrl Pts',(14.3346519564715,-9.8053310885036,32.1));
#11698=CARTESIAN_POINT('Ctrl Pts',(14.2940048446504,-9.75579532092376,31.6));
#11699=CARTESIAN_POINT('Ctrl Pts',(14.2940048446504,-9.75579532092376,32.1));
#11700=CARTESIAN_POINT('Ctrl Pts',(14.2114083179884,-9.65513669687087,31.6));
#11701=CARTESIAN_POINT('Ctrl Pts',(14.2114083179884,-9.65513669687087,32.1));
#11702=CARTESIAN_POINT('Ctrl Pts',(14.099975592041,-9.58770328924807,31.6));
#11703=CARTESIAN_POINT('Ctrl Pts',(14.099975592041,-9.58770328924807,32.1));
#11704=CARTESIAN_POINT('Ctrl Pts',(14.0433807467547,-9.55345497270465,31.6));
#11705=CARTESIAN_POINT('Ctrl Pts',(14.0433807467547,-9.55345497270465,32.1));
#11706=CARTESIAN_POINT('',(14.3346519564715,-9.8053310885036,31.6));
#11707=CARTESIAN_POINT('Ctrl Pts',(14.0433807467547,-9.55345497270465,31.6));
#11708=CARTESIAN_POINT('Ctrl Pts',(14.099975592041,-9.58770328924807,31.6));
#11709=CARTESIAN_POINT('Ctrl Pts',(14.2114083179884,-9.65513669687087,31.6));
#11710=CARTESIAN_POINT('Ctrl Pts',(14.2940048446504,-9.75579532092376,31.6));
#11711=CARTESIAN_POINT('Ctrl Pts',(14.3346519564715,-9.8053310885036,31.6));
#11712=CARTESIAN_POINT('',(14.3346519564715,-9.8053310885036,32.1));
#11713=CARTESIAN_POINT('Ctrl Pts',(14.3346519564715,-9.8053310885036,32.1));
#11714=CARTESIAN_POINT('Ctrl Pts',(14.2940048446504,-9.75579532092376,32.1));
#11715=CARTESIAN_POINT('Ctrl Pts',(14.2114083179884,-9.65513669687087,32.1));
#11716=CARTESIAN_POINT('Ctrl Pts',(14.099975592041,-9.58770328924807,32.1));
#11717=CARTESIAN_POINT('Ctrl Pts',(14.0433807467547,-9.55345497270465,32.1));
#11718=CARTESIAN_POINT('',(14.3346519564715,-9.8053310885036,31.6));
#11719=CARTESIAN_POINT('Origin',(14.3346519564715,-8.54953304668307,31.6));
#11720=CARTESIAN_POINT('',(14.3346519564715,-8.54953304668307,31.6));
#11721=CARTESIAN_POINT('',(14.3346519564715,-9.8053310885036,31.6));
#11722=CARTESIAN_POINT('',(14.3346519564715,-8.54953304668307,32.1));
#11723=CARTESIAN_POINT('',(14.3346519564715,-9.8053310885036,32.1));
#11724=CARTESIAN_POINT('',(14.3346519564715,-8.54953304668307,31.6));
#11725=CARTESIAN_POINT('Origin',(14.7620029543963,-8.54953304668307,31.6));
#11726=CARTESIAN_POINT('',(14.7620029543963,-8.54953304668307,31.6));
#11727=CARTESIAN_POINT('',(14.3346519564715,-8.54953304668307,31.6));
#11728=CARTESIAN_POINT('',(14.7620029543963,-8.54953304668307,32.1));
#11729=CARTESIAN_POINT('',(14.3346519564715,-8.54953304668307,32.1));
#11730=CARTESIAN_POINT('',(14.7620029543963,-8.54953304668307,31.6));
#11731=CARTESIAN_POINT('Origin',(14.7620029543963,-12.0495329870784,31.6));
#11732=CARTESIAN_POINT('',(14.7620029543963,-12.0495329870784,31.6));
#11733=CARTESIAN_POINT('',(14.7620029543963,-8.54953304668307,31.6));
#11734=CARTESIAN_POINT('',(14.7620029543963,-12.0495329870784,32.1));
#11735=CARTESIAN_POINT('',(14.7620029543963,-8.54953304668307,32.1));
#11736=CARTESIAN_POINT('',(14.7620029543963,-12.0495329870784,31.6));
#11737=CARTESIAN_POINT('Origin',(14.3633003329364,-12.0495329870784,31.6));
#11738=CARTESIAN_POINT('',(14.7620029543963,-12.0495329870784,31.6));
#11739=CARTESIAN_POINT('',(14.7620029543963,-12.0495329870784,32.1));
#11740=CARTESIAN_POINT('Origin',(0.119780132683824,-10.7841853870952,32.1));
#11741=CARTESIAN_POINT('Origin',(0.119780132683824,-10.7841853870952,31.6));
#11742=CARTESIAN_POINT('Ctrl Pts',(-5.39283918389409,-10.9393690600002,
31.6));
#11743=CARTESIAN_POINT('Ctrl Pts',(-5.39283918389409,-10.9393690600002,
32.1));
#11744=CARTESIAN_POINT('Ctrl Pts',(-5.2552863976234,-10.9191477189526,31.6));
#11745=CARTESIAN_POINT('Ctrl Pts',(-5.2552863976234,-10.9191477189526,32.1));
#11746=CARTESIAN_POINT('Ctrl Pts',(-5.01673444520904,-10.8840787064074,
31.6));
#11747=CARTESIAN_POINT('Ctrl Pts',(-5.01673444520904,-10.8840787064074,
32.1));
#11748=CARTESIAN_POINT('Ctrl Pts',(-4.7878394767211,-10.8088664079283,31.6));
#11749=CARTESIAN_POINT('Ctrl Pts',(-4.7878394767211,-10.8088664079283,32.1));
#11750=CARTESIAN_POINT('Ctrl Pts',(-4.69092892655461,-10.7770226969326,
31.6));
#11751=CARTESIAN_POINT('Ctrl Pts',(-4.69092892655461,-10.7770226969326,
32.1));
#11752=CARTESIAN_POINT('',(-4.69092892655461,-10.7770226969326,31.6));
#11753=CARTESIAN_POINT('',(-5.39283918389409,-10.9393690600002,31.6));
#11754=CARTESIAN_POINT('Ctrl Pts',(-4.69092892655461,-10.7770226969326,
31.6));
#11755=CARTESIAN_POINT('Ctrl Pts',(-4.7878394767211,-10.8088664079283,31.6));
#11756=CARTESIAN_POINT('Ctrl Pts',(-5.01673444520904,-10.8840787064074,
31.6));
#11757=CARTESIAN_POINT('Ctrl Pts',(-5.2552863976234,-10.9191477189526,31.6));
#11758=CARTESIAN_POINT('Ctrl Pts',(-5.39283918389409,-10.9393690600002,
31.6));
#11759=CARTESIAN_POINT('',(-4.69092892655461,-10.7770226969326,32.1));
#11760=CARTESIAN_POINT('',(-4.69092892655461,-10.7770226969326,31.6));
#11761=CARTESIAN_POINT('',(-5.39283918389409,-10.9393690600002,32.1));
#11762=CARTESIAN_POINT('Ctrl Pts',(-5.39283918389409,-10.9393690600002,
32.1));
#11763=CARTESIAN_POINT('Ctrl Pts',(-5.2552863976234,-10.9191477189526,32.1));
#11764=CARTESIAN_POINT('Ctrl Pts',(-5.01673444520904,-10.8840787064074,
32.1));
#11765=CARTESIAN_POINT('Ctrl Pts',(-4.7878394767211,-10.8088664079283,32.1));
#11766=CARTESIAN_POINT('Ctrl Pts',(-4.69092892655461,-10.7770226969326,
32.1));
#11767=CARTESIAN_POINT('',(-5.39283918389409,-10.9393690600002,31.6));
#11768=CARTESIAN_POINT('Ctrl Pts',(-5.76766835698216,-11.0253177656734,
31.6));
#11769=CARTESIAN_POINT('Ctrl Pts',(-5.76766835698216,-11.0253177656734,
32.1));
#11770=CARTESIAN_POINT('Ctrl Pts',(-5.71841975307649,-11.0089924974594,
31.6));
#11771=CARTESIAN_POINT('Ctrl Pts',(-5.71841975307649,-11.0089924974594,
32.1));
#11772=CARTESIAN_POINT('Ctrl Pts',(-5.5963306070924,-10.9685215420182,31.6));
#11773=CARTESIAN_POINT('Ctrl Pts',(-5.5963306070924,-10.9685215420182,32.1));
#11774=CARTESIAN_POINT('Ctrl Pts',(-5.46887904073376,-10.9502626422668,
31.6));
#11775=CARTESIAN_POINT('Ctrl Pts',(-5.46887904073376,-10.9502626422668,
32.1));
#11776=CARTESIAN_POINT('Ctrl Pts',(-5.39283918389409,-10.9393690600002,
31.6));
#11777=CARTESIAN_POINT('Ctrl Pts',(-5.39283918389409,-10.9393690600002,
32.1));
#11778=CARTESIAN_POINT('',(-5.76766835698216,-11.0253177656734,31.6));
#11779=CARTESIAN_POINT('Ctrl Pts',(-5.39283918389409,-10.9393690600002,
31.6));
#11780=CARTESIAN_POINT('Ctrl Pts',(-5.46887904073376,-10.9502626422668,
31.6));
#11781=CARTESIAN_POINT('Ctrl Pts',(-5.5963306070924,-10.9685215420182,31.6));
#11782=CARTESIAN_POINT('Ctrl Pts',(-5.71841975307649,-11.0089924974594,
31.6));
#11783=CARTESIAN_POINT('Ctrl Pts',(-5.76766835698216,-11.0253177656734,
31.6));
#11784=CARTESIAN_POINT('',(-5.76766835698216,-11.0253177656734,32.1));
#11785=CARTESIAN_POINT('Ctrl Pts',(-5.76766835698216,-11.0253177656734,
32.1));
#11786=CARTESIAN_POINT('Ctrl Pts',(-5.71841975307649,-11.0089924974594,
32.1));
#11787=CARTESIAN_POINT('Ctrl Pts',(-5.5963306070924,-10.9685215420182,32.1));
#11788=CARTESIAN_POINT('Ctrl Pts',(-5.46887904073376,-10.9502626422668,
32.1));
#11789=CARTESIAN_POINT('Ctrl Pts',(-5.39283918389409,-10.9393690600002,
32.1));
#11790=CARTESIAN_POINT('',(-5.76766835698216,-11.0253177656734,31.6));
#11791=CARTESIAN_POINT('Ctrl Pts',(-5.93717741021245,-11.1649833693111,
31.6));
#11792=CARTESIAN_POINT('Ctrl Pts',(-5.93717741021245,-11.1649833693111,
32.1));
#11793=CARTESIAN_POINT('Ctrl Pts',(-5.91477840651276,-11.1360073491027,
31.6));
#11794=CARTESIAN_POINT('Ctrl Pts',(-5.91477840651276,-11.1360073491027,
32.1));
#11795=CARTESIAN_POINT('Ctrl Pts',(-5.86889697912327,-11.0766537642265,
31.6));
#11796=CARTESIAN_POINT('Ctrl Pts',(-5.86889697912327,-11.0766537642265,
32.1));
#11797=CARTESIAN_POINT('Ctrl Pts',(-5.801938273627,-11.0426970439258,31.6));
#11798=CARTESIAN_POINT('Ctrl Pts',(-5.801938273627,-11.0426970439258,32.1));
#11799=CARTESIAN_POINT('Ctrl Pts',(-5.76766835698216,-11.0253177656734,
31.6));
#11800=CARTESIAN_POINT('Ctrl Pts',(-5.76766835698216,-11.0253177656734,
32.1));
#11801=CARTESIAN_POINT('',(-5.93717741021245,-11.1649833693111,31.6));
#11802=CARTESIAN_POINT('Ctrl Pts',(-5.76766835698216,-11.0253177656734,
31.6));
#11803=CARTESIAN_POINT('Ctrl Pts',(-5.801938273627,-11.0426970439258,31.6));
#11804=CARTESIAN_POINT('Ctrl Pts',(-5.86889697912327,-11.0766537642265,
31.6));
#11805=CARTESIAN_POINT('Ctrl Pts',(-5.91477840651276,-11.1360073491027,
31.6));
#11806=CARTESIAN_POINT('Ctrl Pts',(-5.93717741021245,-11.1649833693111,
31.6));
#11807=CARTESIAN_POINT('',(-5.93717741021245,-11.1649833693111,32.1));
#11808=CARTESIAN_POINT('Ctrl Pts',(-5.93717741021245,-11.1649833693111,
32.1));
#11809=CARTESIAN_POINT('Ctrl Pts',(-5.91477840651276,-11.1360073491027,
32.1));
#11810=CARTESIAN_POINT('Ctrl Pts',(-5.86889697912327,-11.0766537642265,
32.1));
#11811=CARTESIAN_POINT('Ctrl Pts',(-5.801938273627,-11.0426970439258,32.1));
#11812=CARTESIAN_POINT('Ctrl Pts',(-5.76766835698216,-11.0253177656734,
32.1));
#11813=CARTESIAN_POINT('',(-5.93717741021245,-11.1649833693111,31.6));
#11814=CARTESIAN_POINT('Ctrl Pts',(-5.99686371335118,-11.3691102041805,
31.6));
#11815=CARTESIAN_POINT('Ctrl Pts',(-5.99686371335118,-11.3691102041805,
32.1));
#11816=CARTESIAN_POINT('Ctrl Pts',(-5.99443980250697,-11.3326497097384,
31.6));
#11817=CARTESIAN_POINT('Ctrl Pts',(-5.99443980250697,-11.3326497097384,
32.1));
#11818=CARTESIAN_POINT('Ctrl Pts',(-5.98962221369362,-11.2601834841043,
31.6));
#11819=CARTESIAN_POINT('Ctrl Pts',(-5.98962221369362,-11.2601834841043,
32.1));
#11820=CARTESIAN_POINT('Ctrl Pts',(-5.95458572063492,-11.1965837003366,
31.6));
#11821=CARTESIAN_POINT('Ctrl Pts',(-5.95458572063492,-11.1965837003366,
32.1));
#11822=CARTESIAN_POINT('Ctrl Pts',(-5.93717741021245,-11.1649833693111,
31.6));
#11823=CARTESIAN_POINT('Ctrl Pts',(-5.93717741021245,-11.1649833693111,
32.1));
#11824=CARTESIAN_POINT('',(-5.99686371335118,-11.3691102041805,31.6));
#11825=CARTESIAN_POINT('Ctrl Pts',(-5.93717741021245,-11.1649833693111,
31.6));
#11826=CARTESIAN_POINT('Ctrl Pts',(-5.95458572063492,-11.1965837003366,
31.6));
#11827=CARTESIAN_POINT('Ctrl Pts',(-5.98962221369362,-11.2601834841043,
31.6));
#11828=CARTESIAN_POINT('Ctrl Pts',(-5.99443980250697,-11.3326497097384,
31.6));
#11829=CARTESIAN_POINT('Ctrl Pts',(-5.99686371335118,-11.3691102041805,
31.6));
#11830=CARTESIAN_POINT('',(-5.99686371335118,-11.3691102041805,32.1));
#11831=CARTESIAN_POINT('Ctrl Pts',(-5.99686371335118,-11.3691102041805,
32.1));
#11832=CARTESIAN_POINT('Ctrl Pts',(-5.99443980250697,-11.3326497097384,
32.1));
#11833=CARTESIAN_POINT('Ctrl Pts',(-5.98962221369362,-11.2601834841043,
32.1));
#11834=CARTESIAN_POINT('Ctrl Pts',(-5.95458572063492,-11.1965837003366,
32.1));
#11835=CARTESIAN_POINT('Ctrl Pts',(-5.93717741021245,-11.1649833693111,
32.1));
#11836=CARTESIAN_POINT('',(-5.99686371335118,-11.3691102041805,31.6));
#11837=CARTESIAN_POINT('Ctrl Pts',(-5.8667479658994,-11.6556041016185,31.6));
#11838=CARTESIAN_POINT('Ctrl Pts',(-5.8667479658994,-11.6556041016185,32.1));
#11839=CARTESIAN_POINT('Ctrl Pts',(-5.9046983257862,-11.6150885208325,31.6));
#11840=CARTESIAN_POINT('Ctrl Pts',(-5.9046983257862,-11.6150885208325,32.1));
#11841=CARTESIAN_POINT('Ctrl Pts',(-5.98041183954729,-11.5342572192972,
31.6));
#11842=CARTESIAN_POINT('Ctrl Pts',(-5.98041183954729,-11.5342572192972,
32.1));
#11843=CARTESIAN_POINT('Ctrl Pts',(-5.99138880247371,-11.4240683931517,
31.6));
#11844=CARTESIAN_POINT('Ctrl Pts',(-5.99138880247371,-11.4240683931517,
32.1));
#11845=CARTESIAN_POINT('Ctrl Pts',(-5.99686371335118,-11.3691102041805,
31.6));
#11846=CARTESIAN_POINT('Ctrl Pts',(-5.99686371335118,-11.3691102041805,
32.1));
#11847=CARTESIAN_POINT('',(-5.8667479658994,-11.6556041016185,31.6));
#11848=CARTESIAN_POINT('Ctrl Pts',(-5.99686371335118,-11.3691102041805,
31.6));
#11849=CARTESIAN_POINT('Ctrl Pts',(-5.99138880247371,-11.4240683931517,
31.6));
#11850=CARTESIAN_POINT('Ctrl Pts',(-5.98041183954729,-11.5342572192972,
31.6));
#11851=CARTESIAN_POINT('Ctrl Pts',(-5.9046983257862,-11.6150885208325,31.6));
#11852=CARTESIAN_POINT('Ctrl Pts',(-5.8667479658994,-11.6556041016185,31.6));
#11853=CARTESIAN_POINT('',(-5.8667479658994,-11.6556041016185,32.1));
#11854=CARTESIAN_POINT('Ctrl Pts',(-5.8667479658994,-11.6556041016185,32.1));
#11855=CARTESIAN_POINT('Ctrl Pts',(-5.9046983257862,-11.6150885208325,32.1));
#11856=CARTESIAN_POINT('Ctrl Pts',(-5.98041183954729,-11.5342572192972,
32.1));
#11857=CARTESIAN_POINT('Ctrl Pts',(-5.99138880247371,-11.4240683931517,
32.1));
#11858=CARTESIAN_POINT('Ctrl Pts',(-5.99686371335118,-11.3691102041805,
32.1));
#11859=CARTESIAN_POINT('',(-5.8667479658994,-11.6556041016185,31.6));
#11860=CARTESIAN_POINT('Ctrl Pts',(-5.48594938763707,-11.770201779803,31.6));
#11861=CARTESIAN_POINT('Ctrl Pts',(-5.48594938763707,-11.770201779803,32.1));
#11862=CARTESIAN_POINT('Ctrl Pts',(-5.561714339205,-11.76766267563,31.6));
#11863=CARTESIAN_POINT('Ctrl Pts',(-5.561714339205,-11.76766267563,32.1));
#11864=CARTESIAN_POINT('Ctrl Pts',(-5.69943200534523,-11.7630473555702,
31.6));
#11865=CARTESIAN_POINT('Ctrl Pts',(-5.69943200534523,-11.7630473555702,
32.1));
#11866=CARTESIAN_POINT('Ctrl Pts',(-5.8148340169671,-11.6889410503489,31.6));
#11867=CARTESIAN_POINT('Ctrl Pts',(-5.8148340169671,-11.6889410503489,32.1));
#11868=CARTESIAN_POINT('Ctrl Pts',(-5.8667479658994,-11.6556041016185,31.6));
#11869=CARTESIAN_POINT('Ctrl Pts',(-5.8667479658994,-11.6556041016185,32.1));
#11870=CARTESIAN_POINT('',(-5.48594938763707,-11.770201779803,31.6));
#11871=CARTESIAN_POINT('Ctrl Pts',(-5.8667479658994,-11.6556041016185,31.6));
#11872=CARTESIAN_POINT('Ctrl Pts',(-5.8148340169671,-11.6889410503489,31.6));
#11873=CARTESIAN_POINT('Ctrl Pts',(-5.69943200534523,-11.7630473555702,
31.6));
#11874=CARTESIAN_POINT('Ctrl Pts',(-5.561714339205,-11.76766267563,31.6));
#11875=CARTESIAN_POINT('Ctrl Pts',(-5.48594938763707,-11.770201779803,31.6));
#11876=CARTESIAN_POINT('',(-5.48594938763707,-11.770201779803,32.1));
#11877=CARTESIAN_POINT('Ctrl Pts',(-5.48594938763707,-11.770201779803,32.1));
#11878=CARTESIAN_POINT('Ctrl Pts',(-5.561714339205,-11.76766267563,32.1));
#11879=CARTESIAN_POINT('Ctrl Pts',(-5.69943200534523,-11.7630473555702,
32.1));
#11880=CARTESIAN_POINT('Ctrl Pts',(-5.8148340169671,-11.6889410503489,32.1));
#11881=CARTESIAN_POINT('Ctrl Pts',(-5.8667479658994,-11.6556041016185,32.1));
#11882=CARTESIAN_POINT('',(-5.48594938763707,-11.770201779803,31.6));
#11883=CARTESIAN_POINT('Ctrl Pts',(-5.04427181729405,-11.6615723146999,
31.6));
#11884=CARTESIAN_POINT('Ctrl Pts',(-5.04427181729405,-11.6615723146999,
32.1));
#11885=CARTESIAN_POINT('Ctrl Pts',(-5.11217894351585,-11.693248355119,31.6));
#11886=CARTESIAN_POINT('Ctrl Pts',(-5.11217894351585,-11.693248355119,32.1));
#11887=CARTESIAN_POINT('Ctrl Pts',(-5.25213489525191,-11.7585323780301,
31.6));
#11888=CARTESIAN_POINT('Ctrl Pts',(-5.25213489525191,-11.7585323780301,
32.1));
#11889=CARTESIAN_POINT('Ctrl Pts',(-5.40648863310571,-11.7662359885454,
31.6));
#11890=CARTESIAN_POINT('Ctrl Pts',(-5.40648863310571,-11.7662359885454,
32.1));
#11891=CARTESIAN_POINT('Ctrl Pts',(-5.48594938763707,-11.770201779803,31.6));
#11892=CARTESIAN_POINT('Ctrl Pts',(-5.48594938763707,-11.770201779803,32.1));
#11893=CARTESIAN_POINT('',(-5.04427181729405,-11.6615723146999,31.6));
#11894=CARTESIAN_POINT('Ctrl Pts',(-5.48594938763707,-11.770201779803,31.6));
#11895=CARTESIAN_POINT('Ctrl Pts',(-5.40648863310571,-11.7662359885454,
31.6));
#11896=CARTESIAN_POINT('Ctrl Pts',(-5.25213489525191,-11.7585323780301,
31.6));
#11897=CARTESIAN_POINT('Ctrl Pts',(-5.11217894351585,-11.693248355119,31.6));
#11898=CARTESIAN_POINT('Ctrl Pts',(-5.04427181729405,-11.6615723146999,
31.6));
#11899=CARTESIAN_POINT('',(-5.04427181729405,-11.6615723146999,32.1));
#11900=CARTESIAN_POINT('Ctrl Pts',(-5.04427181729405,-11.6615723146999,
32.1));
#11901=CARTESIAN_POINT('Ctrl Pts',(-5.11217894351585,-11.693248355119,32.1));
#11902=CARTESIAN_POINT('Ctrl Pts',(-5.25213489525191,-11.7585323780301,
32.1));
#11903=CARTESIAN_POINT('Ctrl Pts',(-5.40648863310571,-11.7662359885454,
32.1));
#11904=CARTESIAN_POINT('Ctrl Pts',(-5.48594938763707,-11.770201779803,32.1));
#11905=CARTESIAN_POINT('',(-5.04427181729405,-11.6615723146999,31.6));
#11906=CARTESIAN_POINT('Ctrl Pts',(-4.7601656819257,-11.3643352760875,31.6));
#11907=CARTESIAN_POINT('Ctrl Pts',(-4.7601656819257,-11.3643352760875,32.1));
#11908=CARTESIAN_POINT('Ctrl Pts',(-4.79517242764533,-11.4241437205391,
31.6));
#11909=CARTESIAN_POINT('Ctrl Pts',(-4.79517242764533,-11.4241437205391,
32.1));
#11910=CARTESIAN_POINT('Ctrl Pts',(-4.86629302030967,-11.5456520735232,
31.6));
#11911=CARTESIAN_POINT('Ctrl Pts',(-4.86629302030967,-11.5456520735232,
32.1));
#11912=CARTESIAN_POINT('Ctrl Pts',(-4.98433306014541,-11.62253330948,31.6));
#11913=CARTESIAN_POINT('Ctrl Pts',(-4.98433306014541,-11.62253330948,32.1));
#11914=CARTESIAN_POINT('Ctrl Pts',(-5.04427181729405,-11.6615723146999,
31.6));
#11915=CARTESIAN_POINT('Ctrl Pts',(-5.04427181729405,-11.6615723146999,
32.1));
#11916=CARTESIAN_POINT('',(-4.7601656819257,-11.3643352760875,31.6));
#11917=CARTESIAN_POINT('Ctrl Pts',(-5.04427181729405,-11.6615723146999,
31.6));
#11918=CARTESIAN_POINT('Ctrl Pts',(-4.98433306014541,-11.62253330948,31.6));
#11919=CARTESIAN_POINT('Ctrl Pts',(-4.86629302030967,-11.5456520735232,
31.6));
#11920=CARTESIAN_POINT('Ctrl Pts',(-4.79517242764533,-11.4241437205391,
31.6));
#11921=CARTESIAN_POINT('Ctrl Pts',(-4.7601656819257,-11.3643352760875,31.6));
#11922=CARTESIAN_POINT('',(-4.7601656819257,-11.3643352760875,32.1));
#11923=CARTESIAN_POINT('Ctrl Pts',(-4.7601656819257,-11.3643352760875,32.1));
#11924=CARTESIAN_POINT('Ctrl Pts',(-4.79517242764533,-11.4241437205391,
32.1));
#11925=CARTESIAN_POINT('Ctrl Pts',(-4.86629302030967,-11.5456520735232,
32.1));
#11926=CARTESIAN_POINT('Ctrl Pts',(-4.98433306014541,-11.62253330948,32.1));
#11927=CARTESIAN_POINT('Ctrl Pts',(-5.04427181729405,-11.6615723146999,
32.1));
#11928=CARTESIAN_POINT('',(-4.7601656819257,-11.3643352760875,31.6));
#11929=CARTESIAN_POINT('Ctrl Pts',(-4.69092892655461,-10.9345947279537,
31.6));
#11930=CARTESIAN_POINT('Ctrl Pts',(-4.69092892655461,-10.9345947279537,
32.1));
#11931=CARTESIAN_POINT('Ctrl Pts',(-4.69175395364029,-11.0186311560484,
31.6));
#11932=CARTESIAN_POINT('Ctrl Pts',(-4.69175395364029,-11.0186311560484,
32.1));
#11933=CARTESIAN_POINT('Ctrl Pts',(-4.69319780643616,-11.1657005477884,
31.6));
#11934=CARTESIAN_POINT('Ctrl Pts',(-4.69319780643616,-11.1657005477884,
32.1));
#11935=CARTESIAN_POINT('Ctrl Pts',(-4.7400745998748,-11.3047427237594,31.6));
#11936=CARTESIAN_POINT('Ctrl Pts',(-4.7400745998748,-11.3047427237594,32.1));
#11937=CARTESIAN_POINT('Ctrl Pts',(-4.7601656819257,-11.3643352760875,31.6));
#11938=CARTESIAN_POINT('Ctrl Pts',(-4.7601656819257,-11.3643352760875,32.1));
#11939=CARTESIAN_POINT('',(-4.69092892655461,-10.9345947279537,31.6));
#11940=CARTESIAN_POINT('Ctrl Pts',(-4.7601656819257,-11.3643352760875,31.6));
#11941=CARTESIAN_POINT('Ctrl Pts',(-4.7400745998748,-11.3047427237594,31.6));
#11942=CARTESIAN_POINT('Ctrl Pts',(-4.69319780643616,-11.1657005477884,
31.6));
#11943=CARTESIAN_POINT('Ctrl Pts',(-4.69175395364029,-11.0186311560484,
31.6));
#11944=CARTESIAN_POINT('Ctrl Pts',(-4.69092892655461,-10.9345947279537,
31.6));
#11945=CARTESIAN_POINT('',(-4.69092892655461,-10.9345947279537,32.1));
#11946=CARTESIAN_POINT('Ctrl Pts',(-4.69092892655461,-10.9345947279537,
32.1));
#11947=CARTESIAN_POINT('Ctrl Pts',(-4.69175395364029,-11.0186311560484,
32.1));
#11948=CARTESIAN_POINT('Ctrl Pts',(-4.69319780643616,-11.1657005477884,
32.1));
#11949=CARTESIAN_POINT('Ctrl Pts',(-4.7400745998748,-11.3047427237594,32.1));
#11950=CARTESIAN_POINT('Ctrl Pts',(-4.7601656819257,-11.3643352760875,32.1));
#11951=CARTESIAN_POINT('',(-4.69092892655461,-10.9345947279537,31.6));
#11952=CARTESIAN_POINT('Origin',(-4.69092892655461,-10.7770226969326,31.6));
#11953=CARTESIAN_POINT('',(-4.69092892655461,-10.9345947279537,31.6));
#11954=CARTESIAN_POINT('',(-4.69092892655461,-10.9345947279537,32.1));
#11955=CARTESIAN_POINT('Ctrl Pts',(-5.1147012616071,-12.0232711805904,31.6));
#11956=CARTESIAN_POINT('Ctrl Pts',(-5.1147012616071,-12.0232711805904,32.1));
#11957=CARTESIAN_POINT('Ctrl Pts',(-5.03786047874882,-11.9882925242477,
31.6));
#11958=CARTESIAN_POINT('Ctrl Pts',(-5.03786047874882,-11.9882925242477,
32.1));
#11959=CARTESIAN_POINT('Ctrl Pts',(-4.8722887963603,-11.9129227171879,31.6));
#11960=CARTESIAN_POINT('Ctrl Pts',(-4.8722887963603,-11.9129227171879,32.1));
#11961=CARTESIAN_POINT('Ctrl Pts',(-4.73089244981816,-11.7982377004717,
31.6));
#11962=CARTESIAN_POINT('Ctrl Pts',(-4.73089244981816,-11.7982377004717,
32.1));
#11963=CARTESIAN_POINT('Ctrl Pts',(-4.65511726388066,-11.7367772831523,
31.6));
#11964=CARTESIAN_POINT('Ctrl Pts',(-4.65511726388066,-11.7367772831523,
32.1));
#11965=CARTESIAN_POINT('',(-4.65511726388066,-11.7367772831523,31.6));
#11966=CARTESIAN_POINT('',(-5.1147012616071,-12.0232711805904,31.6));
#11967=CARTESIAN_POINT('Ctrl Pts',(-4.65511726388066,-11.7367772831523,
31.6));
#11968=CARTESIAN_POINT('Ctrl Pts',(-4.73089244981816,-11.7982377004717,
31.6));
#11969=CARTESIAN_POINT('Ctrl Pts',(-4.8722887963603,-11.9129227171879,31.6));
#11970=CARTESIAN_POINT('Ctrl Pts',(-5.03786047874882,-11.9882925242477,
31.6));
#11971=CARTESIAN_POINT('Ctrl Pts',(-5.1147012616071,-12.0232711805904,31.6));
#11972=CARTESIAN_POINT('',(-4.65511726388066,-11.7367772831523,32.1));
#11973=CARTESIAN_POINT('',(-4.65511726388066,-11.7367772831523,31.6));
#11974=CARTESIAN_POINT('',(-5.1147012616071,-12.0232711805904,32.1));
#11975=CARTESIAN_POINT('Ctrl Pts',(-5.1147012616071,-12.0232711805904,32.1));
#11976=CARTESIAN_POINT('Ctrl Pts',(-5.03786047874882,-11.9882925242477,
32.1));
#11977=CARTESIAN_POINT('Ctrl Pts',(-4.8722887963603,-11.9129227171879,32.1));
#11978=CARTESIAN_POINT('Ctrl Pts',(-4.73089244981816,-11.7982377004717,
32.1));
#11979=CARTESIAN_POINT('Ctrl Pts',(-4.65511726388066,-11.7367772831523,
32.1));
#11980=CARTESIAN_POINT('',(-5.1147012616071,-12.0232711805904,31.6));
#11981=CARTESIAN_POINT('Ctrl Pts',(-5.58861004361241,-12.1068315281475,
31.6));
#11982=CARTESIAN_POINT('Ctrl Pts',(-5.58861004361241,-12.1068315281475,
32.1));
#11983=CARTESIAN_POINT('Ctrl Pts',(-5.50627437012105,-12.1036040610927,
31.6));
#11984=CARTESIAN_POINT('Ctrl Pts',(-5.50627437012105,-12.1036040610927,
32.1));
#11985=CARTESIAN_POINT('Ctrl Pts',(-5.34447591398998,-12.0972617411174,
31.6));
#11986=CARTESIAN_POINT('Ctrl Pts',(-5.34447591398998,-12.0972617411174,
32.1));
#11987=CARTESIAN_POINT('Ctrl Pts',(-5.1903807754463,-12.0476410124726,31.6));
#11988=CARTESIAN_POINT('Ctrl Pts',(-5.1903807754463,-12.0476410124726,32.1));
#11989=CARTESIAN_POINT('Ctrl Pts',(-5.1147012616071,-12.0232711805904,31.6));
#11990=CARTESIAN_POINT('Ctrl Pts',(-5.1147012616071,-12.0232711805904,32.1));
#11991=CARTESIAN_POINT('',(-5.58861004361241,-12.1068315281475,31.6));
#11992=CARTESIAN_POINT('Ctrl Pts',(-5.1147012616071,-12.0232711805904,31.6));
#11993=CARTESIAN_POINT('Ctrl Pts',(-5.1903807754463,-12.0476410124726,31.6));
#11994=CARTESIAN_POINT('Ctrl Pts',(-5.34447591398998,-12.0972617411174,
31.6));
#11995=CARTESIAN_POINT('Ctrl Pts',(-5.50627437012105,-12.1036040610927,
31.6));
#11996=CARTESIAN_POINT('Ctrl Pts',(-5.58861004361241,-12.1068315281475,
31.6));
#11997=CARTESIAN_POINT('',(-5.58861004361241,-12.1068315281475,32.1));
#11998=CARTESIAN_POINT('Ctrl Pts',(-5.58861004361241,-12.1068315281475,
32.1));
#11999=CARTESIAN_POINT('Ctrl Pts',(-5.50627437012105,-12.1036040610927,
32.1));
#12000=CARTESIAN_POINT('Ctrl Pts',(-5.34447591398998,-12.0972617411174,
32.1));
#12001=CARTESIAN_POINT('Ctrl Pts',(-5.1903807754463,-12.0476410124726,32.1));
#12002=CARTESIAN_POINT('Ctrl Pts',(-5.1147012616071,-12.0232711805904,32.1));
#12003=CARTESIAN_POINT('',(-5.58861004361241,-12.1068315281475,31.6));
#12004=CARTESIAN_POINT('Ctrl Pts',(-6.23083340176671,-11.9027046932781,
31.6));
#12005=CARTESIAN_POINT('Ctrl Pts',(-6.23083340176671,-11.9027046932781,
32.1));
#12006=CARTESIAN_POINT('Ctrl Pts',(-6.14273073686851,-11.9621212808893,
31.6));
#12007=CARTESIAN_POINT('Ctrl Pts',(-6.14273073686851,-11.9621212808893,
32.1));
#12008=CARTESIAN_POINT('Ctrl Pts',(-5.94957689499681,-12.0923845615887,
31.6));
#12009=CARTESIAN_POINT('Ctrl Pts',(-5.94957689499681,-12.0923845615887,
32.1));
#12010=CARTESIAN_POINT('Ctrl Pts',(-5.71577085644244,-12.1017421743647,
31.6));
#12011=CARTESIAN_POINT('Ctrl Pts',(-5.71577085644244,-12.1017421743647,
32.1));
#12012=CARTESIAN_POINT('Ctrl Pts',(-5.58861004361241,-12.1068315281475,
31.6));
#12013=CARTESIAN_POINT('Ctrl Pts',(-5.58861004361241,-12.1068315281475,
32.1));
#12014=CARTESIAN_POINT('',(-6.23083340176671,-11.9027046932781,31.6));
#12015=CARTESIAN_POINT('Ctrl Pts',(-5.58861004361241,-12.1068315281475,
31.6));
#12016=CARTESIAN_POINT('Ctrl Pts',(-5.71577085644244,-12.1017421743647,
31.6));
#12017=CARTESIAN_POINT('Ctrl Pts',(-5.94957689499681,-12.0923845615887,
31.6));
#12018=CARTESIAN_POINT('Ctrl Pts',(-6.14273073686851,-11.9621212808893,
31.6));
#12019=CARTESIAN_POINT('Ctrl Pts',(-6.23083340176671,-11.9027046932781,
31.6));
#12020=CARTESIAN_POINT('',(-6.23083340176671,-11.9027046932781,32.1));
#12021=CARTESIAN_POINT('Ctrl Pts',(-6.23083340176671,-11.9027046932781,
32.1));
#12022=CARTESIAN_POINT('Ctrl Pts',(-6.14273073686851,-11.9621212808893,
32.1));
#12023=CARTESIAN_POINT('Ctrl Pts',(-5.94957689499681,-12.0923845615887,
32.1));
#12024=CARTESIAN_POINT('Ctrl Pts',(-5.71577085644244,-12.1017421743647,
32.1));
#12025=CARTESIAN_POINT('Ctrl Pts',(-5.58861004361241,-12.1068315281475,
32.1));
#12026=CARTESIAN_POINT('',(-6.23083340176671,-11.9027046932781,31.6));
#12027=CARTESIAN_POINT('Ctrl Pts',(-6.45525383004277,-11.3810472263896,
31.6));
#12028=CARTESIAN_POINT('Ctrl Pts',(-6.45525383004277,-11.3810472263896,
32.1));
#12029=CARTESIAN_POINT('Ctrl Pts',(-6.44639878180693,-11.4817101131266,
31.6));
#12030=CARTESIAN_POINT('Ctrl Pts',(-6.44639878180693,-11.4817101131266,
32.1));
#12031=CARTESIAN_POINT('Ctrl Pts',(-6.4289159407061,-11.6804524809491,31.6));
#12032=CARTESIAN_POINT('Ctrl Pts',(-6.4289159407061,-11.6804524809491,32.1));
#12033=CARTESIAN_POINT('Ctrl Pts',(-6.29628624057476,-11.8292654173773,
31.6));
#12034=CARTESIAN_POINT('Ctrl Pts',(-6.29628624057476,-11.8292654173773,
32.1));
#12035=CARTESIAN_POINT('Ctrl Pts',(-6.23083340176671,-11.9027046932781,
31.6));
#12036=CARTESIAN_POINT('Ctrl Pts',(-6.23083340176671,-11.9027046932781,
32.1));
#12037=CARTESIAN_POINT('',(-6.45525383004277,-11.3810472263896,31.6));
#12038=CARTESIAN_POINT('Ctrl Pts',(-6.23083340176671,-11.9027046932781,
31.6));
#12039=CARTESIAN_POINT('Ctrl Pts',(-6.29628624057476,-11.8292654173773,
31.6));
#12040=CARTESIAN_POINT('Ctrl Pts',(-6.4289159407061,-11.6804524809491,31.6));
#12041=CARTESIAN_POINT('Ctrl Pts',(-6.44639878180693,-11.4817101131266,
31.6));
#12042=CARTESIAN_POINT('Ctrl Pts',(-6.45525383004277,-11.3810472263896,
31.6));
#12043=CARTESIAN_POINT('',(-6.45525383004277,-11.3810472263896,32.1));
#12044=CARTESIAN_POINT('Ctrl Pts',(-6.45525383004277,-11.3810472263896,
32.1));
#12045=CARTESIAN_POINT('Ctrl Pts',(-6.44639878180693,-11.4817101131266,
32.1));
#12046=CARTESIAN_POINT('Ctrl Pts',(-6.4289159407061,-11.6804524809491,32.1));
#12047=CARTESIAN_POINT('Ctrl Pts',(-6.29628624057476,-11.8292654173773,
32.1));
#12048=CARTESIAN_POINT('Ctrl Pts',(-6.23083340176671,-11.9027046932781,
32.1));
#12049=CARTESIAN_POINT('',(-6.45525383004277,-11.3810472263896,31.6));
#12050=CARTESIAN_POINT('Ctrl Pts',(-6.37049960145085,-11.0408358349407,
31.6));
#12051=CARTESIAN_POINT('Ctrl Pts',(-6.37049960145085,-11.0408358349407,
32.1));
#12052=CARTESIAN_POINT('Ctrl Pts',(-6.3952179917213,-11.0939652996256,31.6));
#12053=CARTESIAN_POINT('Ctrl Pts',(-6.3952179917213,-11.0939652996256,32.1));
#12054=CARTESIAN_POINT('Ctrl Pts',(-6.44541432938707,-11.2018568136016,
31.6));
#12055=CARTESIAN_POINT('Ctrl Pts',(-6.44541432938707,-11.2018568136016,
32.1));
#12056=CARTESIAN_POINT('Ctrl Pts',(-6.45194107618061,-11.3207175660952,
31.6));
#12057=CARTESIAN_POINT('Ctrl Pts',(-6.45194107618061,-11.3207175660952,
32.1));
#12058=CARTESIAN_POINT('Ctrl Pts',(-6.45525383004277,-11.3810472263896,
31.6));
#12059=CARTESIAN_POINT('Ctrl Pts',(-6.45525383004277,-11.3810472263896,
32.1));
#12060=CARTESIAN_POINT('',(-6.37049960145085,-11.0408358349407,31.6));
#12061=CARTESIAN_POINT('Ctrl Pts',(-6.45525383004277,-11.3810472263896,
31.6));
#12062=CARTESIAN_POINT('Ctrl Pts',(-6.45194107618061,-11.3207175660952,
31.6));
#12063=CARTESIAN_POINT('Ctrl Pts',(-6.44541432938707,-11.2018568136016,
31.6));
#12064=CARTESIAN_POINT('Ctrl Pts',(-6.3952179917213,-11.0939652996256,31.6));
#12065=CARTESIAN_POINT('Ctrl Pts',(-6.37049960145085,-11.0408358349407,
31.6));
#12066=CARTESIAN_POINT('',(-6.37049960145085,-11.0408358349407,32.1));
#12067=CARTESIAN_POINT('Ctrl Pts',(-6.37049960145085,-11.0408358349407,
32.1));
#12068=CARTESIAN_POINT('Ctrl Pts',(-6.3952179917213,-11.0939652996256,32.1));
#12069=CARTESIAN_POINT('Ctrl Pts',(-6.44541432938707,-11.2018568136016,
32.1));
#12070=CARTESIAN_POINT('Ctrl Pts',(-6.45194107618061,-11.3207175660952,
32.1));
#12071=CARTESIAN_POINT('Ctrl Pts',(-6.45525383004277,-11.3810472263896,
32.1));
#12072=CARTESIAN_POINT('',(-6.37049960145085,-11.0408358349407,31.6));
#12073=CARTESIAN_POINT('Ctrl Pts',(-6.14846693524449,-10.7937346472347,
31.6));
#12074=CARTESIAN_POINT('Ctrl Pts',(-6.14846693524449,-10.7937346472347,
32.1));
#12075=CARTESIAN_POINT('Ctrl Pts',(-6.1922437632801,-10.8276855223423,31.6));
#12076=CARTESIAN_POINT('Ctrl Pts',(-6.1922437632801,-10.8276855223423,32.1));
#12077=CARTESIAN_POINT('Ctrl Pts',(-6.28113999472601,-10.8966284994101,
31.6));
#12078=CARTESIAN_POINT('Ctrl Pts',(-6.28113999472601,-10.8966284994101,
32.1));
#12079=CARTESIAN_POINT('Ctrl Pts',(-6.34041466286342,-10.9922851643155,
31.6));
#12080=CARTESIAN_POINT('Ctrl Pts',(-6.34041466286342,-10.9922851643155,
32.1));
#12081=CARTESIAN_POINT('Ctrl Pts',(-6.37049960145085,-11.0408358349407,
31.6));
#12082=CARTESIAN_POINT('Ctrl Pts',(-6.37049960145085,-11.0408358349407,
32.1));
#12083=CARTESIAN_POINT('',(-6.14846693524449,-10.7937346472347,31.6));
#12084=CARTESIAN_POINT('Ctrl Pts',(-6.37049960145085,-11.0408358349407,
31.6));
#12085=CARTESIAN_POINT('Ctrl Pts',(-6.34041466286342,-10.9922851643155,
31.6));
#12086=CARTESIAN_POINT('Ctrl Pts',(-6.28113999472601,-10.8966284994101,
31.6));
#12087=CARTESIAN_POINT('Ctrl Pts',(-6.1922437632801,-10.8276855223423,31.6));
#12088=CARTESIAN_POINT('Ctrl Pts',(-6.14846693524449,-10.7937346472347,
31.6));
#12089=CARTESIAN_POINT('',(-6.14846693524449,-10.7937346472347,32.1));
#12090=CARTESIAN_POINT('Ctrl Pts',(-6.14846693524449,-10.7937346472347,
32.1));
#12091=CARTESIAN_POINT('Ctrl Pts',(-6.1922437632801,-10.8276855223423,32.1));
#12092=CARTESIAN_POINT('Ctrl Pts',(-6.28113999472601,-10.8966284994101,
32.1));
#12093=CARTESIAN_POINT('Ctrl Pts',(-6.34041466286342,-10.9922851643155,
32.1));
#12094=CARTESIAN_POINT('Ctrl Pts',(-6.37049960145085,-11.0408358349407,
32.1));
#12095=CARTESIAN_POINT('',(-6.14846693524449,-10.7937346472347,31.6));
#12096=CARTESIAN_POINT('Ctrl Pts',(-5.83929227837651,-10.6528757586086,
31.6));
#12097=CARTESIAN_POINT('Ctrl Pts',(-5.83929227837651,-10.6528757586086,
32.1));
#12098=CARTESIAN_POINT('Ctrl Pts',(-5.89470693902612,-10.6703841942375,
31.6));
#12099=CARTESIAN_POINT('Ctrl Pts',(-5.89470693902612,-10.6703841942375,
32.1));
#12100=CARTESIAN_POINT('Ctrl Pts',(-6.00351696613187,-10.7047630631692,
31.6));
#12101=CARTESIAN_POINT('Ctrl Pts',(-6.00351696613187,-10.7047630631692,
32.1));
#12102=CARTESIAN_POINT('Ctrl Pts',(-6.10075177270508,-10.7644466548256,
31.6));
#12103=CARTESIAN_POINT('Ctrl Pts',(-6.10075177270508,-10.7644466548256,
32.1));
#12104=CARTESIAN_POINT('Ctrl Pts',(-6.14846693524449,-10.7937346472347,
31.6));
#12105=CARTESIAN_POINT('Ctrl Pts',(-6.14846693524449,-10.7937346472347,
32.1));
#12106=CARTESIAN_POINT('',(-5.83929227837651,-10.6528757586086,31.6));
#12107=CARTESIAN_POINT('Ctrl Pts',(-6.14846693524449,-10.7937346472347,
31.6));
#12108=CARTESIAN_POINT('Ctrl Pts',(-6.10075177270508,-10.7644466548256,
31.6));
#12109=CARTESIAN_POINT('Ctrl Pts',(-6.00351696613187,-10.7047630631692,
31.6));
#12110=CARTESIAN_POINT('Ctrl Pts',(-5.89470693902612,-10.6703841942375,
31.6));
#12111=CARTESIAN_POINT('Ctrl Pts',(-5.83929227837651,-10.6528757586086,
31.6));
#12112=CARTESIAN_POINT('',(-5.83929227837651,-10.6528757586086,32.1));
#12113=CARTESIAN_POINT('Ctrl Pts',(-5.83929227837651,-10.6528757586086,
32.1));
#12114=CARTESIAN_POINT('Ctrl Pts',(-5.89470693902612,-10.6703841942375,
32.1));
#12115=CARTESIAN_POINT('Ctrl Pts',(-6.00351696613187,-10.7047630631692,
32.1));
#12116=CARTESIAN_POINT('Ctrl Pts',(-6.10075177270508,-10.7644466548256,
32.1));
#12117=CARTESIAN_POINT('Ctrl Pts',(-6.14846693524449,-10.7937346472347,
32.1));
#12118=CARTESIAN_POINT('',(-5.83929227837651,-10.6528757586086,31.6));
#12119=CARTESIAN_POINT('Ctrl Pts',(-5.45730041512578,-10.5884145273769,
31.6));
#12120=CARTESIAN_POINT('Ctrl Pts',(-5.45730041512578,-10.5884145273769,
32.1));
#12121=CARTESIAN_POINT('Ctrl Pts',(-5.5319458317732,-10.5975998787222,31.6));
#12122=CARTESIAN_POINT('Ctrl Pts',(-5.5319458317732,-10.5975998787222,32.1));
#12123=CARTESIAN_POINT('Ctrl Pts',(-5.66026801405737,-10.6133903235025,
31.6));
#12124=CARTESIAN_POINT('Ctrl Pts',(-5.66026801405737,-10.6133903235025,
32.1));
#12125=CARTESIAN_POINT('Ctrl Pts',(-5.78649283316584,-10.6412303591683,
31.6));
#12126=CARTESIAN_POINT('Ctrl Pts',(-5.78649283316584,-10.6412303591683,
32.1));
#12127=CARTESIAN_POINT('Ctrl Pts',(-5.83929227837651,-10.6528757586086,
31.6));
#12128=CARTESIAN_POINT('Ctrl Pts',(-5.83929227837651,-10.6528757586086,
32.1));
#12129=CARTESIAN_POINT('',(-5.45730041512578,-10.5884145273769,31.6));
#12130=CARTESIAN_POINT('Ctrl Pts',(-5.83929227837651,-10.6528757586086,
31.6));
#12131=CARTESIAN_POINT('Ctrl Pts',(-5.78649283316584,-10.6412303591683,
31.6));
#12132=CARTESIAN_POINT('Ctrl Pts',(-5.66026801405737,-10.6133903235025,
31.6));
#12133=CARTESIAN_POINT('Ctrl Pts',(-5.5319458317732,-10.5975998787222,31.6));
#12134=CARTESIAN_POINT('Ctrl Pts',(-5.45730041512578,-10.5884145273769,
31.6));
#12135=CARTESIAN_POINT('',(-5.45730041512578,-10.5884145273769,32.1));
#12136=CARTESIAN_POINT('Ctrl Pts',(-5.45730041512578,-10.5884145273769,
32.1));
#12137=CARTESIAN_POINT('Ctrl Pts',(-5.5319458317732,-10.5975998787222,32.1));
#12138=CARTESIAN_POINT('Ctrl Pts',(-5.66026801405737,-10.6133903235025,
32.1));
#12139=CARTESIAN_POINT('Ctrl Pts',(-5.78649283316584,-10.6412303591683,
32.1));
#12140=CARTESIAN_POINT('Ctrl Pts',(-5.83929227837651,-10.6528757586086,
32.1));
#12141=CARTESIAN_POINT('',(-5.45730041512578,-10.5884145273769,31.6));
#12142=CARTESIAN_POINT('Ctrl Pts',(-4.69092892655461,-10.4403923525417,
31.6));
#12143=CARTESIAN_POINT('Ctrl Pts',(-4.69092892655461,-10.4403923525417,
32.1));
#12144=CARTESIAN_POINT('Ctrl Pts',(-4.79533544696532,-10.4692429917164,
31.6));
#12145=CARTESIAN_POINT('Ctrl Pts',(-4.79533544696532,-10.4692429917164,
32.1));
#12146=CARTESIAN_POINT('Ctrl Pts',(-5.04672879217431,-10.5387104796186,
31.6));
#12147=CARTESIAN_POINT('Ctrl Pts',(-5.04672879217431,-10.5387104796186,
32.1));
#12148=CARTESIAN_POINT('Ctrl Pts',(-5.30581541724345,-10.5700756623689,
31.6));
#12149=CARTESIAN_POINT('Ctrl Pts',(-5.30581541724345,-10.5700756623689,
32.1));
#12150=CARTESIAN_POINT('Ctrl Pts',(-5.45730041512578,-10.5884145273769,
31.6));
#12151=CARTESIAN_POINT('Ctrl Pts',(-5.45730041512578,-10.5884145273769,
32.1));
#12152=CARTESIAN_POINT('',(-4.69092892655461,-10.4403923525417,31.6));
#12153=CARTESIAN_POINT('Ctrl Pts',(-5.45730041512578,-10.5884145273769,
31.6));
#12154=CARTESIAN_POINT('Ctrl Pts',(-5.30581541724345,-10.5700756623689,
31.6));
#12155=CARTESIAN_POINT('Ctrl Pts',(-5.04672879217431,-10.5387104796186,
31.6));
#12156=CARTESIAN_POINT('Ctrl Pts',(-4.79533544696532,-10.4692429917164,
31.6));
#12157=CARTESIAN_POINT('Ctrl Pts',(-4.69092892655461,-10.4403923525417,
31.6));
#12158=CARTESIAN_POINT('',(-4.69092892655461,-10.4403923525417,32.1));
#12159=CARTESIAN_POINT('Ctrl Pts',(-4.69092892655461,-10.4403923525417,
32.1));
#12160=CARTESIAN_POINT('Ctrl Pts',(-4.79533544696532,-10.4692429917164,
32.1));
#12161=CARTESIAN_POINT('Ctrl Pts',(-5.04672879217431,-10.5387104796186,
32.1));
#12162=CARTESIAN_POINT('Ctrl Pts',(-5.30581541724345,-10.5700756623689,
32.1));
#12163=CARTESIAN_POINT('Ctrl Pts',(-5.45730041512578,-10.5884145273769,
32.1));
#12164=CARTESIAN_POINT('',(-4.69092892655461,-10.4403923525417,31.6));
#12165=CARTESIAN_POINT('Ctrl Pts',(-4.6885423565778,-10.3281824364269,31.6));
#12166=CARTESIAN_POINT('Ctrl Pts',(-4.6885423565778,-10.3281824364269,32.1));
#12167=CARTESIAN_POINT('Ctrl Pts',(-4.68871782052224,-10.3415128840475,
31.6));
#12168=CARTESIAN_POINT('Ctrl Pts',(-4.68871782052224,-10.3415128840475,
32.1));
#12169=CARTESIAN_POINT('Ctrl Pts',(-4.68921022614242,-10.3789222067952,
31.6));
#12170=CARTESIAN_POINT('Ctrl Pts',(-4.68921022614242,-10.3789222067952,
32.1));
#12171=CARTESIAN_POINT('Ctrl Pts',(-4.69025588076637,-10.4163205466565,
31.6));
#12172=CARTESIAN_POINT('Ctrl Pts',(-4.69025588076637,-10.4163205466565,
32.1));
#12173=CARTESIAN_POINT('Ctrl Pts',(-4.69092892655461,-10.4403923525417,
31.6));
#12174=CARTESIAN_POINT('Ctrl Pts',(-4.69092892655461,-10.4403923525417,
32.1));
#12175=CARTESIAN_POINT('',(-4.6885423565778,-10.3281824364269,31.6));
#12176=CARTESIAN_POINT('Ctrl Pts',(-4.69092892655461,-10.4403923525417,
31.6));
#12177=CARTESIAN_POINT('Ctrl Pts',(-4.69025588076637,-10.4163205466565,
31.6));
#12178=CARTESIAN_POINT('Ctrl Pts',(-4.68921022614242,-10.3789222067952,
31.6));
#12179=CARTESIAN_POINT('Ctrl Pts',(-4.68871782052224,-10.3415128840475,
31.6));
#12180=CARTESIAN_POINT('Ctrl Pts',(-4.6885423565778,-10.3281824364269,31.6));
#12181=CARTESIAN_POINT('',(-4.6885423565778,-10.3281824364269,32.1));
#12182=CARTESIAN_POINT('Ctrl Pts',(-4.6885423565778,-10.3281824364269,32.1));
#12183=CARTESIAN_POINT('Ctrl Pts',(-4.68871782052224,-10.3415128840475,
32.1));
#12184=CARTESIAN_POINT('Ctrl Pts',(-4.68921022614242,-10.3789222067952,
32.1));
#12185=CARTESIAN_POINT('Ctrl Pts',(-4.69025588076637,-10.4163205466565,
32.1));
#12186=CARTESIAN_POINT('Ctrl Pts',(-4.69092892655461,-10.4403923525417,
32.1));
#12187=CARTESIAN_POINT('',(-4.6885423565778,-10.3281824364269,31.6));
#12188=CARTESIAN_POINT('Ctrl Pts',(-4.81030153283208,-9.95812759538531,
31.6));
#12189=CARTESIAN_POINT('Ctrl Pts',(-4.81030153283208,-9.95812759538531,
32.1));
#12190=CARTESIAN_POINT('Ctrl Pts',(-4.77494972552272,-10.0050968061464,
31.6));
#12191=CARTESIAN_POINT('Ctrl Pts',(-4.77494972552272,-10.0050968061464,
32.1));
#12192=CARTESIAN_POINT('Ctrl Pts',(-4.69327983819393,-10.1136052656209,
31.6));
#12193=CARTESIAN_POINT('Ctrl Pts',(-4.69327983819393,-10.1136052656209,
32.1));
#12194=CARTESIAN_POINT('Ctrl Pts',(-4.69025682284469,-10.2505282414767,
31.6));
#12195=CARTESIAN_POINT('Ctrl Pts',(-4.69025682284469,-10.2505282414767,
32.1));
#12196=CARTESIAN_POINT('Ctrl Pts',(-4.6885423565778,-10.3281824364269,31.6));
#12197=CARTESIAN_POINT('Ctrl Pts',(-4.6885423565778,-10.3281824364269,32.1));
#12198=CARTESIAN_POINT('',(-4.81030153283208,-9.95812759538531,31.6));
#12199=CARTESIAN_POINT('Ctrl Pts',(-4.6885423565778,-10.3281824364269,31.6));
#12200=CARTESIAN_POINT('Ctrl Pts',(-4.69025682284469,-10.2505282414767,
31.6));
#12201=CARTESIAN_POINT('Ctrl Pts',(-4.69327983819393,-10.1136052656209,
31.6));
#12202=CARTESIAN_POINT('Ctrl Pts',(-4.77494972552272,-10.0050968061464,
31.6));
#12203=CARTESIAN_POINT('Ctrl Pts',(-4.81030153283208,-9.95812759538531,
31.6));
#12204=CARTESIAN_POINT('',(-4.81030153283208,-9.95812759538531,32.1));
#12205=CARTESIAN_POINT('Ctrl Pts',(-4.81030153283208,-9.95812759538531,
32.1));
#12206=CARTESIAN_POINT('Ctrl Pts',(-4.77494972552272,-10.0050968061464,
32.1));
#12207=CARTESIAN_POINT('Ctrl Pts',(-4.69327983819393,-10.1136052656209,
32.1));
#12208=CARTESIAN_POINT('Ctrl Pts',(-4.69025682284469,-10.2505282414767,
32.1));
#12209=CARTESIAN_POINT('Ctrl Pts',(-4.6885423565778,-10.3281824364269,32.1));
#12210=CARTESIAN_POINT('',(-4.81030153283208,-9.95812759538531,31.6));
#12211=CARTESIAN_POINT('Ctrl Pts',(-5.29972838410466,-9.81249377866625,
31.6));
#12212=CARTESIAN_POINT('Ctrl Pts',(-5.29972838410466,-9.81249377866625,
32.1));
#12213=CARTESIAN_POINT('Ctrl Pts',(-5.20192715614764,-9.81553374475185,
31.6));
#12214=CARTESIAN_POINT('Ctrl Pts',(-5.20192715614764,-9.81553374475185,
32.1));
#12215=CARTESIAN_POINT('Ctrl Pts',(-5.02505980461448,-9.82103133165891,
31.6));
#12216=CARTESIAN_POINT('Ctrl Pts',(-5.02505980461448,-9.82103133165891,
32.1));
#12217=CARTESIAN_POINT('Ctrl Pts',(-4.87664730510159,-9.91577412784852,
31.6));
#12218=CARTESIAN_POINT('Ctrl Pts',(-4.87664730510159,-9.91577412784852,
32.1));
#12219=CARTESIAN_POINT('Ctrl Pts',(-4.81030153283208,-9.95812759538531,
31.6));
#12220=CARTESIAN_POINT('Ctrl Pts',(-4.81030153283208,-9.95812759538531,
32.1));
#12221=CARTESIAN_POINT('',(-5.29972838410466,-9.81249377866625,31.6));
#12222=CARTESIAN_POINT('Ctrl Pts',(-4.81030153283208,-9.95812759538531,
31.6));
#12223=CARTESIAN_POINT('Ctrl Pts',(-4.87664730510159,-9.91577412784852,
31.6));
#12224=CARTESIAN_POINT('Ctrl Pts',(-5.02505980461448,-9.82103133165891,
31.6));
#12225=CARTESIAN_POINT('Ctrl Pts',(-5.20192715614764,-9.81553374475185,
31.6));
#12226=CARTESIAN_POINT('Ctrl Pts',(-5.29972838410466,-9.81249377866625,
31.6));
#12227=CARTESIAN_POINT('',(-5.29972838410466,-9.81249377866625,32.1));
#12228=CARTESIAN_POINT('Ctrl Pts',(-5.29972838410466,-9.81249377866625,
32.1));
#12229=CARTESIAN_POINT('Ctrl Pts',(-5.20192715614764,-9.81553374475185,
32.1));
#12230=CARTESIAN_POINT('Ctrl Pts',(-5.02505980461448,-9.82103133165891,
32.1));
#12231=CARTESIAN_POINT('Ctrl Pts',(-4.87664730510159,-9.91577412784852,
32.1));
#12232=CARTESIAN_POINT('Ctrl Pts',(-4.81030153283208,-9.95812759538531,
32.1));
#12233=CARTESIAN_POINT('',(-5.29972838410466,-9.81249377866625,31.6));
#12234=CARTESIAN_POINT('Ctrl Pts',(-5.74737535962193,-9.91873488565325,
31.6));
#12235=CARTESIAN_POINT('Ctrl Pts',(-5.74737535962193,-9.91873488565325,
32.1));
#12236=CARTESIAN_POINT('Ctrl Pts',(-5.68711074493975,-9.88789603858745,
31.6));
#12237=CARTESIAN_POINT('Ctrl Pts',(-5.68711074493975,-9.88789603858745,
32.1));
#12238=CARTESIAN_POINT('Ctrl Pts',(-5.54729246849197,-9.81634767696402,
31.6));
#12239=CARTESIAN_POINT('Ctrl Pts',(-5.54729246849197,-9.81634767696402,
32.1));
#12240=CARTESIAN_POINT('Ctrl Pts',(-5.38950572570567,-9.81389136727379,
31.6));
#12241=CARTESIAN_POINT('Ctrl Pts',(-5.38950572570567,-9.81389136727379,
32.1));
#12242=CARTESIAN_POINT('Ctrl Pts',(-5.29972838410466,-9.81249377866625,
31.6));
#12243=CARTESIAN_POINT('Ctrl Pts',(-5.29972838410466,-9.81249377866625,
32.1));
#12244=CARTESIAN_POINT('',(-5.74737535962193,-9.91873488565325,31.6));
#12245=CARTESIAN_POINT('Ctrl Pts',(-5.29972838410466,-9.81249377866625,
31.6));
#12246=CARTESIAN_POINT('Ctrl Pts',(-5.38950572570567,-9.81389136727379,
31.6));
#12247=CARTESIAN_POINT('Ctrl Pts',(-5.54729246849197,-9.81634767696402,
31.6));
#12248=CARTESIAN_POINT('Ctrl Pts',(-5.68711074493975,-9.88789603858745,
31.6));
#12249=CARTESIAN_POINT('Ctrl Pts',(-5.74737535962193,-9.91873488565325,
31.6));
#12250=CARTESIAN_POINT('',(-5.74737535962193,-9.91873488565325,32.1));
#12251=CARTESIAN_POINT('Ctrl Pts',(-5.74737535962193,-9.91873488565325,
32.1));
#12252=CARTESIAN_POINT('Ctrl Pts',(-5.68711074493975,-9.88789603858745,
32.1));
#12253=CARTESIAN_POINT('Ctrl Pts',(-5.54729246849197,-9.81634767696402,
32.1));
#12254=CARTESIAN_POINT('Ctrl Pts',(-5.38950572570567,-9.81389136727379,
32.1));
#12255=CARTESIAN_POINT('Ctrl Pts',(-5.29972838410466,-9.81249377866625,
32.1));
#12256=CARTESIAN_POINT('',(-5.74737535962193,-9.91873488565325,31.6));
#12257=CARTESIAN_POINT('Ctrl Pts',(-5.96105205067723,-10.2947579397762,
31.6));
#12258=CARTESIAN_POINT('Ctrl Pts',(-5.96105205067723,-10.2947579397762,
32.1));
#12259=CARTESIAN_POINT('Ctrl Pts',(-5.93834178326887,-10.2145089144458,
31.6));
#12260=CARTESIAN_POINT('Ctrl Pts',(-5.93834178326887,-10.2145089144458,
32.1));
#12261=CARTESIAN_POINT('Ctrl Pts',(-5.89771534200191,-10.0709512779068,
31.6));
#12262=CARTESIAN_POINT('Ctrl Pts',(-5.89771534200191,-10.0709512779068,
32.1));
#12263=CARTESIAN_POINT('Ctrl Pts',(-5.79338487348531,-9.96531864932513,
31.6));
#12264=CARTESIAN_POINT('Ctrl Pts',(-5.79338487348531,-9.96531864932513,
32.1));
#12265=CARTESIAN_POINT('Ctrl Pts',(-5.74737535962193,-9.91873488565325,
31.6));
#12266=CARTESIAN_POINT('Ctrl Pts',(-5.74737535962193,-9.91873488565325,
32.1));
#12267=CARTESIAN_POINT('',(-5.96105205067723,-10.2947579397762,31.6));
#12268=CARTESIAN_POINT('Ctrl Pts',(-5.74737535962193,-9.91873488565325,
31.6));
#12269=CARTESIAN_POINT('Ctrl Pts',(-5.79338487348531,-9.96531864932513,
31.6));
#12270=CARTESIAN_POINT('Ctrl Pts',(-5.89771534200191,-10.0709512779068,
31.6));
#12271=CARTESIAN_POINT('Ctrl Pts',(-5.93834178326887,-10.2145089144458,
31.6));
#12272=CARTESIAN_POINT('Ctrl Pts',(-5.96105205067723,-10.2947579397762,
31.6));
#12273=CARTESIAN_POINT('',(-5.96105205067723,-10.2947579397762,32.1));
#12274=CARTESIAN_POINT('Ctrl Pts',(-5.96105205067723,-10.2947579397762,
32.1));
#12275=CARTESIAN_POINT('Ctrl Pts',(-5.93834178326887,-10.2145089144458,
32.1));
#12276=CARTESIAN_POINT('Ctrl Pts',(-5.89771534200191,-10.0709512779068,
32.1));
#12277=CARTESIAN_POINT('Ctrl Pts',(-5.79338487348531,-9.96531864932513,
32.1));
#12278=CARTESIAN_POINT('Ctrl Pts',(-5.74737535962193,-9.91873488565325,
32.1));
#12279=CARTESIAN_POINT('',(-5.96105205067723,-10.2947579397762,31.6));
#12280=CARTESIAN_POINT('Origin',(-6.38124274262517,-10.2374593987071,31.6));
#12281=CARTESIAN_POINT('',(-6.38124274262517,-10.2374593987071,31.6));
#12282=CARTESIAN_POINT('',(-5.96105205067723,-10.2947579397762,31.6));
#12283=CARTESIAN_POINT('',(-6.38124274262517,-10.2374593987071,32.1));
#12284=CARTESIAN_POINT('',(-5.96105205067723,-10.2947579397762,32.1));
#12285=CARTESIAN_POINT('',(-6.38124274262517,-10.2374593987071,31.6));
#12286=CARTESIAN_POINT('Ctrl Pts',(-6.1926345730695,-9.80175004144549,31.6));
#12287=CARTESIAN_POINT('Ctrl Pts',(-6.1926345730695,-9.80175004144549,32.1));
#12288=CARTESIAN_POINT('Ctrl Pts',(-6.2338638378228,-9.86410954359811,31.6));
#12289=CARTESIAN_POINT('Ctrl Pts',(-6.2338638378228,-9.86410954359811,32.1));
#12290=CARTESIAN_POINT('Ctrl Pts',(-6.32238591489652,-9.99799969877949,
31.6));
#12291=CARTESIAN_POINT('Ctrl Pts',(-6.32238591489652,-9.99799969877949,
32.1));
#12292=CARTESIAN_POINT('Ctrl Pts',(-6.36074789909245,-10.1540758853273,
31.6));
#12293=CARTESIAN_POINT('Ctrl Pts',(-6.36074789909245,-10.1540758853273,
32.1));
#12294=CARTESIAN_POINT('Ctrl Pts',(-6.38124274262517,-10.2374593987071,
31.6));
#12295=CARTESIAN_POINT('Ctrl Pts',(-6.38124274262517,-10.2374593987071,
32.1));
#12296=CARTESIAN_POINT('',(-6.1926345730695,-9.80175004144549,31.6));
#12297=CARTESIAN_POINT('Ctrl Pts',(-6.38124274262517,-10.2374593987071,
31.6));
#12298=CARTESIAN_POINT('Ctrl Pts',(-6.36074789909245,-10.1540758853273,
31.6));
#12299=CARTESIAN_POINT('Ctrl Pts',(-6.32238591489652,-9.99799969877949,
31.6));
#12300=CARTESIAN_POINT('Ctrl Pts',(-6.2338638378228,-9.86410954359811,31.6));
#12301=CARTESIAN_POINT('Ctrl Pts',(-6.1926345730695,-9.80175004144549,31.6));
#12302=CARTESIAN_POINT('',(-6.1926345730695,-9.80175004144549,32.1));
#12303=CARTESIAN_POINT('Ctrl Pts',(-6.1926345730695,-9.80175004144549,32.1));
#12304=CARTESIAN_POINT('Ctrl Pts',(-6.2338638378228,-9.86410954359811,32.1));
#12305=CARTESIAN_POINT('Ctrl Pts',(-6.32238591489652,-9.99799969877949,
32.1));
#12306=CARTESIAN_POINT('Ctrl Pts',(-6.36074789909245,-10.1540758853273,
32.1));
#12307=CARTESIAN_POINT('Ctrl Pts',(-6.38124274262517,-10.2374593987071,
32.1));
#12308=CARTESIAN_POINT('',(-6.1926345730695,-9.80175004144549,31.6));
#12309=CARTESIAN_POINT('Ctrl Pts',(-5.81302987584202,-9.54629287858844,
31.6));
#12310=CARTESIAN_POINT('Ctrl Pts',(-5.81302987584202,-9.54629287858844,
32.1));
#12311=CARTESIAN_POINT('Ctrl Pts',(-5.8894516783888,-9.57753088174207,31.6));
#12312=CARTESIAN_POINT('Ctrl Pts',(-5.8894516783888,-9.57753088174207,32.1));
#12313=CARTESIAN_POINT('Ctrl Pts',(-6.03387647685486,-9.63656563569443,
31.6));
#12314=CARTESIAN_POINT('Ctrl Pts',(-6.03387647685486,-9.63656563569443,
32.1));
#12315=CARTESIAN_POINT('Ctrl Pts',(-6.14181247514077,-9.74887073484288,
31.6));
#12316=CARTESIAN_POINT('Ctrl Pts',(-6.14181247514077,-9.74887073484288,
32.1));
#12317=CARTESIAN_POINT('Ctrl Pts',(-6.1926345730695,-9.80175004144549,31.6));
#12318=CARTESIAN_POINT('Ctrl Pts',(-6.1926345730695,-9.80175004144549,32.1));
#12319=CARTESIAN_POINT('',(-5.81302987584202,-9.54629287858844,31.6));
#12320=CARTESIAN_POINT('Ctrl Pts',(-6.1926345730695,-9.80175004144549,31.6));
#12321=CARTESIAN_POINT('Ctrl Pts',(-6.14181247514077,-9.74887073484288,
31.6));
#12322=CARTESIAN_POINT('Ctrl Pts',(-6.03387647685486,-9.63656563569443,
31.6));
#12323=CARTESIAN_POINT('Ctrl Pts',(-5.8894516783888,-9.57753088174207,31.6));
#12324=CARTESIAN_POINT('Ctrl Pts',(-5.81302987584202,-9.54629287858844,
31.6));
#12325=CARTESIAN_POINT('',(-5.81302987584202,-9.54629287858844,32.1));
#12326=CARTESIAN_POINT('Ctrl Pts',(-5.81302987584202,-9.54629287858844,
32.1));
#12327=CARTESIAN_POINT('Ctrl Pts',(-5.8894516783888,-9.57753088174207,32.1));
#12328=CARTESIAN_POINT('Ctrl Pts',(-6.03387647685486,-9.63656563569443,
32.1));
#12329=CARTESIAN_POINT('Ctrl Pts',(-6.14181247514077,-9.74887073484288,
32.1));
#12330=CARTESIAN_POINT('Ctrl Pts',(-6.1926345730695,-9.80175004144549,32.1));
#12331=CARTESIAN_POINT('',(-5.81302987584202,-9.54629287858844,31.6));
#12332=CARTESIAN_POINT('Ctrl Pts',(-5.23765491494267,-9.45676372190356,
31.6));
#12333=CARTESIAN_POINT('Ctrl Pts',(-5.23765491494267,-9.45676372190356,
32.1));
#12334=CARTESIAN_POINT('Ctrl Pts',(-5.3408568870751,-9.45960841454048,31.6));
#12335=CARTESIAN_POINT('Ctrl Pts',(-5.3408568870751,-9.45960841454048,32.1));
#12336=CARTESIAN_POINT('Ctrl Pts',(-5.53657129165971,-9.46500314987506,
31.6));
#12337=CARTESIAN_POINT('Ctrl Pts',(-5.53657129165971,-9.46500314987506,
32.1));
#12338=CARTESIAN_POINT('Ctrl Pts',(-5.72429471031083,-9.52020123974603,
31.6));
#12339=CARTESIAN_POINT('Ctrl Pts',(-5.72429471031083,-9.52020123974603,
32.1));
#12340=CARTESIAN_POINT('Ctrl Pts',(-5.81302987584202,-9.54629287858844,
31.6));
#12341=CARTESIAN_POINT('Ctrl Pts',(-5.81302987584202,-9.54629287858844,
32.1));
#12342=CARTESIAN_POINT('',(-5.23765491494267,-9.45676372190356,31.6));
#12343=CARTESIAN_POINT('Ctrl Pts',(-5.81302987584202,-9.54629287858844,
31.6));
#12344=CARTESIAN_POINT('Ctrl Pts',(-5.72429471031083,-9.52020123974603,
31.6));
#12345=CARTESIAN_POINT('Ctrl Pts',(-5.53657129165971,-9.46500314987506,
31.6));
#12346=CARTESIAN_POINT('Ctrl Pts',(-5.3408568870751,-9.45960841454048,31.6));
#12347=CARTESIAN_POINT('Ctrl Pts',(-5.23765491494267,-9.45676372190356,
31.6));
#12348=CARTESIAN_POINT('',(-5.23765491494267,-9.45676372190356,32.1));
#12349=CARTESIAN_POINT('Ctrl Pts',(-5.23765491494267,-9.45676372190356,
32.1));
#12350=CARTESIAN_POINT('Ctrl Pts',(-5.3408568870751,-9.45960841454048,32.1));
#12351=CARTESIAN_POINT('Ctrl Pts',(-5.53657129165971,-9.46500314987506,
32.1));
#12352=CARTESIAN_POINT('Ctrl Pts',(-5.72429471031083,-9.52020123974603,
32.1));
#12353=CARTESIAN_POINT('Ctrl Pts',(-5.81302987584202,-9.54629287858844,
32.1));
#12354=CARTESIAN_POINT('',(-5.23765491494267,-9.45676372190356,31.6));
#12355=CARTESIAN_POINT('Ctrl Pts',(-4.71002863892644,-9.53316197534442,
31.6));
#12356=CARTESIAN_POINT('Ctrl Pts',(-4.71002863892644,-9.53316197534442,
32.1));
#12357=CARTESIAN_POINT('Ctrl Pts',(-4.78733880371136,-9.51093900501667,
31.6));
#12358=CARTESIAN_POINT('Ctrl Pts',(-4.78733880371136,-9.51093900501667,
32.1));
#12359=CARTESIAN_POINT('Ctrl Pts',(-4.95951444436391,-9.46144675307247,
31.6));
#12360=CARTESIAN_POINT('Ctrl Pts',(-4.95951444436391,-9.46144675307247,
32.1));
#12361=CARTESIAN_POINT('Ctrl Pts',(-5.1388464301545,-9.45842735328037,31.6));
#12362=CARTESIAN_POINT('Ctrl Pts',(-5.1388464301545,-9.45842735328037,32.1));
#12363=CARTESIAN_POINT('Ctrl Pts',(-5.23765491494267,-9.45676372190356,
31.6));
#12364=CARTESIAN_POINT('Ctrl Pts',(-5.23765491494267,-9.45676372190356,
32.1));
#12365=CARTESIAN_POINT('',(-4.71002863892644,-9.53316197534442,31.6));
#12366=CARTESIAN_POINT('Ctrl Pts',(-5.23765491494267,-9.45676372190356,
31.6));
#12367=CARTESIAN_POINT('Ctrl Pts',(-5.1388464301545,-9.45842735328037,31.6));
#12368=CARTESIAN_POINT('Ctrl Pts',(-4.95951444436391,-9.46144675307247,
31.6));
#12369=CARTESIAN_POINT('Ctrl Pts',(-4.78733880371136,-9.51093900501667,
31.6));
#12370=CARTESIAN_POINT('Ctrl Pts',(-4.71002863892644,-9.53316197534442,
31.6));
#12371=CARTESIAN_POINT('',(-4.71002863892644,-9.53316197534442,32.1));
#12372=CARTESIAN_POINT('Ctrl Pts',(-4.71002863892644,-9.53316197534442,
32.1));
#12373=CARTESIAN_POINT('Ctrl Pts',(-4.78733880371136,-9.51093900501667,
32.1));
#12374=CARTESIAN_POINT('Ctrl Pts',(-4.95951444436391,-9.46144675307247,
32.1));
#12375=CARTESIAN_POINT('Ctrl Pts',(-5.1388464301545,-9.45842735328037,32.1));
#12376=CARTESIAN_POINT('Ctrl Pts',(-5.23765491494267,-9.45676372190356,
32.1));
#12377=CARTESIAN_POINT('',(-4.71002863892644,-9.53316197534442,31.6));
#12378=CARTESIAN_POINT('Ctrl Pts',(-4.41159771927922,-9.72535178800463,
31.6));
#12379=CARTESIAN_POINT('Ctrl Pts',(-4.41159771927922,-9.72535178800463,
32.1));
#12380=CARTESIAN_POINT('Ctrl Pts',(-4.45065056917568,-9.68741866798741,
31.6));
#12381=CARTESIAN_POINT('Ctrl Pts',(-4.45065056917568,-9.68741866798741,
32.1));
#12382=CARTESIAN_POINT('Ctrl Pts',(-4.53701164955636,-9.60353374702563,
31.6));
#12383=CARTESIAN_POINT('Ctrl Pts',(-4.53701164955636,-9.60353374702563,
32.1));
#12384=CARTESIAN_POINT('Ctrl Pts',(-4.64879448160309,-9.5580679464513,31.6));
#12385=CARTESIAN_POINT('Ctrl Pts',(-4.64879448160309,-9.5580679464513,32.1));
#12386=CARTESIAN_POINT('Ctrl Pts',(-4.71002863892644,-9.53316197534442,
31.6));
#12387=CARTESIAN_POINT('Ctrl Pts',(-4.71002863892644,-9.53316197534442,
32.1));
#12388=CARTESIAN_POINT('',(-4.41159771927922,-9.72535178800463,31.6));
#12389=CARTESIAN_POINT('Ctrl Pts',(-4.71002863892644,-9.53316197534442,
31.6));
#12390=CARTESIAN_POINT('Ctrl Pts',(-4.64879448160309,-9.5580679464513,31.6));
#12391=CARTESIAN_POINT('Ctrl Pts',(-4.53701164955636,-9.60353374702563,
31.6));
#12392=CARTESIAN_POINT('Ctrl Pts',(-4.45065056917568,-9.68741866798741,
31.6));
#12393=CARTESIAN_POINT('Ctrl Pts',(-4.41159771927922,-9.72535178800463,
31.6));
#12394=CARTESIAN_POINT('',(-4.41159771927922,-9.72535178800463,32.1));
#12395=CARTESIAN_POINT('Ctrl Pts',(-4.41159771927922,-9.72535178800463,
32.1));
#12396=CARTESIAN_POINT('Ctrl Pts',(-4.45065056917568,-9.68741866798741,
32.1));
#12397=CARTESIAN_POINT('Ctrl Pts',(-4.53701164955636,-9.60353374702563,
32.1));
#12398=CARTESIAN_POINT('Ctrl Pts',(-4.64879448160309,-9.5580679464513,32.1));
#12399=CARTESIAN_POINT('Ctrl Pts',(-4.71002863892644,-9.53316197534442,
32.1));
#12400=CARTESIAN_POINT('',(-4.41159771927922,-9.72535178800463,31.6));
#12401=CARTESIAN_POINT('Ctrl Pts',(-4.27790092476933,-10.0178144945705,
31.6));
#12402=CARTESIAN_POINT('Ctrl Pts',(-4.27790092476933,-10.0178144945705,
32.1));
#12403=CARTESIAN_POINT('Ctrl Pts',(-4.29218524297919,-9.96250109129619,
31.6));
#12404=CARTESIAN_POINT('Ctrl Pts',(-4.29218524297919,-9.96250109129619,
32.1));
#12405=CARTESIAN_POINT('Ctrl Pts',(-4.31943641179617,-9.85697593648486,
31.6));
#12406=CARTESIAN_POINT('Ctrl Pts',(-4.31943641179617,-9.85697593648486,
32.1));
#12407=CARTESIAN_POINT('Ctrl Pts',(-4.38188362785946,-9.76778924997,31.6));
#12408=CARTESIAN_POINT('Ctrl Pts',(-4.38188362785946,-9.76778924997,32.1));
#12409=CARTESIAN_POINT('Ctrl Pts',(-4.41159771927922,-9.72535178800463,
31.6));
#12410=CARTESIAN_POINT('Ctrl Pts',(-4.41159771927922,-9.72535178800463,
32.1));
#12411=CARTESIAN_POINT('',(-4.27790092476933,-10.0178144945705,31.6));
#12412=CARTESIAN_POINT('Ctrl Pts',(-4.41159771927922,-9.72535178800463,
31.6));
#12413=CARTESIAN_POINT('Ctrl Pts',(-4.38188362785946,-9.76778924997,31.6));
#12414=CARTESIAN_POINT('Ctrl Pts',(-4.31943641179617,-9.85697593648486,
31.6));
#12415=CARTESIAN_POINT('Ctrl Pts',(-4.29218524297919,-9.96250109129619,
31.6));
#12416=CARTESIAN_POINT('Ctrl Pts',(-4.27790092476933,-10.0178144945705,
31.6));
#12417=CARTESIAN_POINT('',(-4.27790092476933,-10.0178144945705,32.1));
#12418=CARTESIAN_POINT('Ctrl Pts',(-4.27790092476933,-10.0178144945705,
32.1));
#12419=CARTESIAN_POINT('Ctrl Pts',(-4.29218524297919,-9.96250109129619,
32.1));
#12420=CARTESIAN_POINT('Ctrl Pts',(-4.31943641179617,-9.85697593648486,
32.1));
#12421=CARTESIAN_POINT('Ctrl Pts',(-4.38188362785946,-9.76778924997,32.1));
#12422=CARTESIAN_POINT('Ctrl Pts',(-4.41159771927922,-9.72535178800463,
32.1));
#12423=CARTESIAN_POINT('',(-4.27790092476933,-10.0178144945705,31.6));
#12424=CARTESIAN_POINT('Ctrl Pts',(-4.2564134503278,-10.4141305460536,31.6));
#12425=CARTESIAN_POINT('Ctrl Pts',(-4.2564134503278,-10.4141305460536,32.1));
#12426=CARTESIAN_POINT('Ctrl Pts',(-4.25618458839838,-10.3332272855739,
31.6));
#12427=CARTESIAN_POINT('Ctrl Pts',(-4.25618458839838,-10.3332272855739,
32.1));
#12428=CARTESIAN_POINT('Ctrl Pts',(-4.25580953444492,-10.2006447815023,
31.6));
#12429=CARTESIAN_POINT('Ctrl Pts',(-4.25580953444492,-10.2006447815023,
32.1));
#12430=CARTESIAN_POINT('Ctrl Pts',(-4.27170503030759,-10.0690922614111,
31.6));
#12431=CARTESIAN_POINT('Ctrl Pts',(-4.27170503030759,-10.0690922614111,
32.1));
#12432=CARTESIAN_POINT('Ctrl Pts',(-4.27790092476933,-10.0178144945705,
31.6));
#12433=CARTESIAN_POINT('Ctrl Pts',(-4.27790092476933,-10.0178144945705,
32.1));
#12434=CARTESIAN_POINT('',(-4.2564134503278,-10.4141305460536,31.6));
#12435=CARTESIAN_POINT('Ctrl Pts',(-4.27790092476933,-10.0178144945705,
31.6));
#12436=CARTESIAN_POINT('Ctrl Pts',(-4.27170503030759,-10.0690922614111,
31.6));
#12437=CARTESIAN_POINT('Ctrl Pts',(-4.25580953444492,-10.2006447815023,
31.6));
#12438=CARTESIAN_POINT('Ctrl Pts',(-4.25618458839838,-10.3332272855739,
31.6));
#12439=CARTESIAN_POINT('Ctrl Pts',(-4.2564134503278,-10.4141305460536,31.6));
#12440=CARTESIAN_POINT('',(-4.2564134503278,-10.4141305460536,32.1));
#12441=CARTESIAN_POINT('Ctrl Pts',(-4.2564134503278,-10.4141305460536,32.1));
#12442=CARTESIAN_POINT('Ctrl Pts',(-4.25618458839838,-10.3332272855739,
32.1));
#12443=CARTESIAN_POINT('Ctrl Pts',(-4.25580953444492,-10.2006447815023,
32.1));
#12444=CARTESIAN_POINT('Ctrl Pts',(-4.27170503030759,-10.0690922614111,
32.1));
#12445=CARTESIAN_POINT('Ctrl Pts',(-4.27790092476933,-10.0178144945705,
32.1));
#12446=CARTESIAN_POINT('',(-4.2564134503278,-10.4141305460536,31.6));
#12447=CARTESIAN_POINT('Origin',(-4.2564134503278,-10.9871183409297,31.6));
#12448=CARTESIAN_POINT('',(-4.2564134503278,-10.9871183409297,31.6));
#12449=CARTESIAN_POINT('',(-4.2564134503278,-10.4141305460536,31.6));
#12450=CARTESIAN_POINT('',(-4.2564134503278,-10.9871183409297,32.1));
#12451=CARTESIAN_POINT('',(-4.2564134503278,-10.4141305460536,32.1));
#12452=CARTESIAN_POINT('',(-4.2564134503278,-10.9871183409297,31.6));
#12453=CARTESIAN_POINT('Ctrl Pts',(-4.22895835885136,-11.7451332583034,
31.6));
#12454=CARTESIAN_POINT('Ctrl Pts',(-4.22895835885136,-11.7451332583034,
32.1));
#12455=CARTESIAN_POINT('Ctrl Pts',(-4.23681761220812,-11.6555496194858,
31.6));
#12456=CARTESIAN_POINT('Ctrl Pts',(-4.23681761220812,-11.6555496194858,
32.1));
#12457=CARTESIAN_POINT('Ctrl Pts',(-4.25893324439765,-11.4034647564131,
31.6));
#12458=CARTESIAN_POINT('Ctrl Pts',(-4.25893324439765,-11.4034647564131,
32.1));
#12459=CARTESIAN_POINT('Ctrl Pts',(-4.257401109185,-11.1503095436697,31.6));
#12460=CARTESIAN_POINT('Ctrl Pts',(-4.257401109185,-11.1503095436697,32.1));
#12461=CARTESIAN_POINT('Ctrl Pts',(-4.2564134503278,-10.9871183409297,31.6));
#12462=CARTESIAN_POINT('Ctrl Pts',(-4.2564134503278,-10.9871183409297,32.1));
#12463=CARTESIAN_POINT('',(-4.22895835885136,-11.7451332583034,31.6));
#12464=CARTESIAN_POINT('Ctrl Pts',(-4.2564134503278,-10.9871183409297,31.6));
#12465=CARTESIAN_POINT('Ctrl Pts',(-4.257401109185,-11.1503095436697,31.6));
#12466=CARTESIAN_POINT('Ctrl Pts',(-4.25893324439765,-11.4034647564131,
31.6));
#12467=CARTESIAN_POINT('Ctrl Pts',(-4.23681761220812,-11.6555496194858,
31.6));
#12468=CARTESIAN_POINT('Ctrl Pts',(-4.22895835885136,-11.7451332583034,
31.6));
#12469=CARTESIAN_POINT('',(-4.22895835885136,-11.7451332583034,32.1));
#12470=CARTESIAN_POINT('Ctrl Pts',(-4.22895835885136,-11.7451332583034,
32.1));
#12471=CARTESIAN_POINT('Ctrl Pts',(-4.23681761220812,-11.6555496194858,
32.1));
#12472=CARTESIAN_POINT('Ctrl Pts',(-4.25893324439765,-11.4034647564131,
32.1));
#12473=CARTESIAN_POINT('Ctrl Pts',(-4.257401109185,-11.1503095436697,32.1));
#12474=CARTESIAN_POINT('Ctrl Pts',(-4.2564134503278,-10.9871183409297,32.1));
#12475=CARTESIAN_POINT('',(-4.22895835885136,-11.7451332583034,31.6));
#12476=CARTESIAN_POINT('Ctrl Pts',(-4.12032889374821,-12.0495329870784,
31.6));
#12477=CARTESIAN_POINT('Ctrl Pts',(-4.12032889374821,-12.0495329870784,
32.1));
#12478=CARTESIAN_POINT('Ctrl Pts',(-4.14510740274014,-12.0006762988597,
31.6));
#12479=CARTESIAN_POINT('Ctrl Pts',(-4.14510740274014,-12.0006762988597,
32.1));
#12480=CARTESIAN_POINT('Ctrl Pts',(-4.19423535627328,-11.9038089244195,
31.6));
#12481=CARTESIAN_POINT('Ctrl Pts',(-4.19423535627328,-11.9038089244195,
32.1));
#12482=CARTESIAN_POINT('Ctrl Pts',(-4.21745161190962,-11.7977162897306,
31.6));
#12483=CARTESIAN_POINT('Ctrl Pts',(-4.21745161190962,-11.7977162897306,
32.1));
#12484=CARTESIAN_POINT('Ctrl Pts',(-4.22895835885136,-11.7451332583034,
31.6));
#12485=CARTESIAN_POINT('Ctrl Pts',(-4.22895835885136,-11.7451332583034,
32.1));
#12486=CARTESIAN_POINT('',(-4.12032889374821,-12.0495329870784,31.6));
#12487=CARTESIAN_POINT('Ctrl Pts',(-4.22895835885136,-11.7451332583034,
31.6));
#12488=CARTESIAN_POINT('Ctrl Pts',(-4.21745161190962,-11.7977162897306,
31.6));
#12489=CARTESIAN_POINT('Ctrl Pts',(-4.19423535627328,-11.9038089244195,
31.6));
#12490=CARTESIAN_POINT('Ctrl Pts',(-4.14510740274014,-12.0006762988597,
31.6));
#12491=CARTESIAN_POINT('Ctrl Pts',(-4.12032889374821,-12.0495329870784,
31.6));
#12492=CARTESIAN_POINT('',(-4.12032889374821,-12.0495329870784,32.1));
#12493=CARTESIAN_POINT('Ctrl Pts',(-4.12032889374821,-12.0495329870784,
32.1));
#12494=CARTESIAN_POINT('Ctrl Pts',(-4.14510740274014,-12.0006762988597,
32.1));
#12495=CARTESIAN_POINT('Ctrl Pts',(-4.19423535627328,-11.9038089244195,
32.1));
#12496=CARTESIAN_POINT('Ctrl Pts',(-4.21745161190962,-11.7977162897306,
32.1));
#12497=CARTESIAN_POINT('Ctrl Pts',(-4.22895835885136,-11.7451332583034,
32.1));
#12498=CARTESIAN_POINT('',(-4.12032889374821,-12.0495329870784,31.6));
#12499=CARTESIAN_POINT('Origin',(-4.56916975030034,-12.0495329870784,31.6));
#12500=CARTESIAN_POINT('',(-4.56916975030034,-12.0495329870784,31.6));
#12501=CARTESIAN_POINT('',(-4.12032889374821,-12.0495329870784,31.6));
#12502=CARTESIAN_POINT('',(-4.56916975030034,-12.0495329870784,32.1));
#12503=CARTESIAN_POINT('',(-4.12032889374821,-12.0495329870784,32.1));
#12504=CARTESIAN_POINT('',(-4.56916975030034,-12.0495329870784,31.6));
#12505=CARTESIAN_POINT('Ctrl Pts',(-4.65511726388066,-11.7367772831523,
31.6));
#12506=CARTESIAN_POINT('Ctrl Pts',(-4.65511726388066,-11.7367772831523,
32.1));
#12507=CARTESIAN_POINT('Ctrl Pts',(-4.6473343148507,-11.793399457446,31.6));
#12508=CARTESIAN_POINT('Ctrl Pts',(-4.6473343148507,-11.793399457446,32.1));
#12509=CARTESIAN_POINT('Ctrl Pts',(-4.63247487589456,-11.9015042053048,
31.6));
#12510=CARTESIAN_POINT('Ctrl Pts',(-4.63247487589456,-11.9015042053048,
32.1));
#12511=CARTESIAN_POINT('Ctrl Pts',(-4.58959186627029,-12.0017791769423,
31.6));
#12512=CARTESIAN_POINT('Ctrl Pts',(-4.58959186627029,-12.0017791769423,
32.1));
#12513=CARTESIAN_POINT('Ctrl Pts',(-4.56916975030034,-12.0495329870784,
31.6));
#12514=CARTESIAN_POINT('Ctrl Pts',(-4.56916975030034,-12.0495329870784,
32.1));
#12515=CARTESIAN_POINT('Ctrl Pts',(-4.56916975030034,-12.0495329870784,
31.6));
#12516=CARTESIAN_POINT('Ctrl Pts',(-4.58959186627029,-12.0017791769423,
31.6));
#12517=CARTESIAN_POINT('Ctrl Pts',(-4.63247487589456,-11.9015042053048,
31.6));
#12518=CARTESIAN_POINT('Ctrl Pts',(-4.6473343148507,-11.793399457446,31.6));
#12519=CARTESIAN_POINT('Ctrl Pts',(-4.65511726388066,-11.7367772831523,
31.6));
#12520=CARTESIAN_POINT('Ctrl Pts',(-4.65511726388066,-11.7367772831523,
32.1));
#12521=CARTESIAN_POINT('Ctrl Pts',(-4.6473343148507,-11.793399457446,32.1));
#12522=CARTESIAN_POINT('Ctrl Pts',(-4.63247487589456,-11.9015042053048,
32.1));
#12523=CARTESIAN_POINT('Ctrl Pts',(-4.58959186627029,-12.0017791769423,
32.1));
#12524=CARTESIAN_POINT('Ctrl Pts',(-4.56916975030034,-12.0495329870784,
32.1));
#12525=CARTESIAN_POINT('Origin',(0.119780132683824,-10.7841853870952,32.1));
#12526=CARTESIAN_POINT('Origin',(0.119780132683824,-10.7841853870952,31.6));
#12527=CARTESIAN_POINT('Ctrl Pts',(-9.74038290032475,-10.9393690600002,
31.6));
#12528=CARTESIAN_POINT('Ctrl Pts',(-9.74038290032475,-10.9393690600002,
32.1));
#12529=CARTESIAN_POINT('Ctrl Pts',(-9.60283021169095,-10.9191477220313,
31.6));
#12530=CARTESIAN_POINT('Ctrl Pts',(-9.60283021169095,-10.9191477220313,
32.1));
#12531=CARTESIAN_POINT('Ctrl Pts',(-9.36427845173137,-10.8840787182255,
31.6));
#12532=CARTESIAN_POINT('Ctrl Pts',(-9.36427845173137,-10.8840787182255,
32.1));
#12533=CARTESIAN_POINT('Ctrl Pts',(-9.1353836892026,-10.8088664084896,31.6));
#12534=CARTESIAN_POINT('Ctrl Pts',(-9.1353836892026,-10.8088664084896,32.1));
#12535=CARTESIAN_POINT('Ctrl Pts',(-9.03847323903172,-10.7770226969326,
31.6));
#12536=CARTESIAN_POINT('Ctrl Pts',(-9.03847323903172,-10.7770226969326,
32.1));
#12537=CARTESIAN_POINT('',(-9.03847323903172,-10.7770226969326,31.6));
#12538=CARTESIAN_POINT('',(-9.74038290032475,-10.9393690600002,31.6));
#12539=CARTESIAN_POINT('Ctrl Pts',(-9.03847323903172,-10.7770226969326,
31.6));
#12540=CARTESIAN_POINT('Ctrl Pts',(-9.1353836892026,-10.8088664084896,31.6));
#12541=CARTESIAN_POINT('Ctrl Pts',(-9.36427845173137,-10.8840787182255,
31.6));
#12542=CARTESIAN_POINT('Ctrl Pts',(-9.60283021169095,-10.9191477220313,
31.6));
#12543=CARTESIAN_POINT('Ctrl Pts',(-9.74038290032475,-10.9393690600002,
31.6));
#12544=CARTESIAN_POINT('',(-9.03847323903172,-10.7770226969326,32.1));
#12545=CARTESIAN_POINT('',(-9.03847323903172,-10.7770226969326,31.6));
#12546=CARTESIAN_POINT('',(-9.74038290032475,-10.9393690600002,32.1));
#12547=CARTESIAN_POINT('Ctrl Pts',(-9.74038290032475,-10.9393690600002,
32.1));
#12548=CARTESIAN_POINT('Ctrl Pts',(-9.60283021169095,-10.9191477220313,
32.1));
#12549=CARTESIAN_POINT('Ctrl Pts',(-9.36427845173137,-10.8840787182255,
32.1));
#12550=CARTESIAN_POINT('Ctrl Pts',(-9.1353836892026,-10.8088664084896,32.1));
#12551=CARTESIAN_POINT('Ctrl Pts',(-9.03847323903172,-10.7770226969326,
32.1));
#12552=CARTESIAN_POINT('',(-9.74038290032475,-10.9393690600002,31.6));
#12553=CARTESIAN_POINT('Ctrl Pts',(-10.1152126694593,-11.0253177656734,
31.6));
#12554=CARTESIAN_POINT('Ctrl Pts',(-10.1152126694593,-11.0253177656734,
32.1));
#12555=CARTESIAN_POINT('Ctrl Pts',(-10.065963915359,-11.0089924998394,31.6));
#12556=CARTESIAN_POINT('Ctrl Pts',(-10.065963915359,-11.0089924998394,32.1));
#12557=CARTESIAN_POINT('Ctrl Pts',(-9.94387455097924,-10.9685216013279,
31.6));
#12558=CARTESIAN_POINT('Ctrl Pts',(-9.94387455097924,-10.9685216013279,
32.1));
#12559=CARTESIAN_POINT('Ctrl Pts',(-9.81642280155785,-10.9502626586128,
31.6));
#12560=CARTESIAN_POINT('Ctrl Pts',(-9.81642280155785,-10.9502626586128,
32.1));
#12561=CARTESIAN_POINT('Ctrl Pts',(-9.74038290032475,-10.9393690600002,
31.6));
#12562=CARTESIAN_POINT('Ctrl Pts',(-9.74038290032475,-10.9393690600002,
32.1));
#12563=CARTESIAN_POINT('',(-10.1152126694593,-11.0253177656734,31.6));
#12564=CARTESIAN_POINT('Ctrl Pts',(-9.74038290032475,-10.9393690600002,
31.6));
#12565=CARTESIAN_POINT('Ctrl Pts',(-9.81642280155785,-10.9502626586128,
31.6));
#12566=CARTESIAN_POINT('Ctrl Pts',(-9.94387455097924,-10.9685216013279,
31.6));
#12567=CARTESIAN_POINT('Ctrl Pts',(-10.065963915359,-11.0089924998394,31.6));
#12568=CARTESIAN_POINT('Ctrl Pts',(-10.1152126694593,-11.0253177656734,
31.6));
#12569=CARTESIAN_POINT('',(-10.1152126694593,-11.0253177656734,32.1));
#12570=CARTESIAN_POINT('Ctrl Pts',(-10.1152126694593,-11.0253177656734,
32.1));
#12571=CARTESIAN_POINT('Ctrl Pts',(-10.065963915359,-11.0089924998394,32.1));
#12572=CARTESIAN_POINT('Ctrl Pts',(-9.94387455097924,-10.9685216013279,
32.1));
#12573=CARTESIAN_POINT('Ctrl Pts',(-9.81642280155785,-10.9502626586128,
32.1));
#12574=CARTESIAN_POINT('Ctrl Pts',(-9.74038290032475,-10.9393690600002,
32.1));
#12575=CARTESIAN_POINT('',(-10.1152126694593,-11.0253177656734,31.6));
#12576=CARTESIAN_POINT('Ctrl Pts',(-10.2847214246663,-11.1649833693111,
31.6));
#12577=CARTESIAN_POINT('Ctrl Pts',(-10.2847214246663,-11.1649833693111,
32.1));
#12578=CARTESIAN_POINT('Ctrl Pts',(-10.2623223604719,-11.1360073642162,
31.6));
#12579=CARTESIAN_POINT('Ctrl Pts',(-10.2623223604719,-11.1360073642162,
32.1));
#12580=CARTESIAN_POINT('Ctrl Pts',(-10.2164409097003,-11.0766539403511,
31.6));
#12581=CARTESIAN_POINT('Ctrl Pts',(-10.2164409097003,-11.0766539403511,
32.1));
#12582=CARTESIAN_POINT('Ctrl Pts',(-10.1494824094379,-11.0426970795241,
31.6));
#12583=CARTESIAN_POINT('Ctrl Pts',(-10.1494824094379,-11.0426970795241,
32.1));
#12584=CARTESIAN_POINT('Ctrl Pts',(-10.1152126694593,-11.0253177656734,
31.6));
#12585=CARTESIAN_POINT('Ctrl Pts',(-10.1152126694593,-11.0253177656734,
32.1));
#12586=CARTESIAN_POINT('',(-10.2847214246663,-11.1649833693111,31.6));
#12587=CARTESIAN_POINT('Ctrl Pts',(-10.1152126694593,-11.0253177656734,
31.6));
#12588=CARTESIAN_POINT('Ctrl Pts',(-10.1494824094379,-11.0426970795241,
31.6));
#12589=CARTESIAN_POINT('Ctrl Pts',(-10.2164409097003,-11.0766539403511,
31.6));
#12590=CARTESIAN_POINT('Ctrl Pts',(-10.2623223604719,-11.1360073642162,
31.6));
#12591=CARTESIAN_POINT('Ctrl Pts',(-10.2847214246663,-11.1649833693111,
31.6));
#12592=CARTESIAN_POINT('',(-10.2847214246663,-11.1649833693111,32.1));
#12593=CARTESIAN_POINT('Ctrl Pts',(-10.2847214246663,-11.1649833693111,
32.1));
#12594=CARTESIAN_POINT('Ctrl Pts',(-10.2623223604719,-11.1360073642162,
32.1));
#12595=CARTESIAN_POINT('Ctrl Pts',(-10.2164409097003,-11.0766539403511,
32.1));
#12596=CARTESIAN_POINT('Ctrl Pts',(-10.1494824094379,-11.0426970795241,
32.1));
#12597=CARTESIAN_POINT('Ctrl Pts',(-10.1152126694593,-11.0253177656734,
32.1));
#12598=CARTESIAN_POINT('',(-10.2847214246663,-11.1649833693111,31.6));
#12599=CARTESIAN_POINT('Ctrl Pts',(-10.3444077278051,-11.3691102041805,
31.6));
#12600=CARTESIAN_POINT('Ctrl Pts',(-10.3444077278051,-11.3691102041805,
32.1));
#12601=CARTESIAN_POINT('Ctrl Pts',(-10.3419838878545,-11.3326497036468,
31.6));
#12602=CARTESIAN_POINT('Ctrl Pts',(-10.3419838878545,-11.3326497036468,
32.1));
#12603=CARTESIAN_POINT('Ctrl Pts',(-10.3371664380902,-11.2601834380158,
31.6));
#12604=CARTESIAN_POINT('Ctrl Pts',(-10.3371664380902,-11.2601834380158,
32.1));
#12605=CARTESIAN_POINT('Ctrl Pts',(-10.3021298093088,-11.1965836932658,
31.6));
#12606=CARTESIAN_POINT('Ctrl Pts',(-10.3021298093088,-11.1965836932658,
32.1));
#12607=CARTESIAN_POINT('Ctrl Pts',(-10.2847214246663,-11.1649833693111,
31.6));
#12608=CARTESIAN_POINT('Ctrl Pts',(-10.2847214246663,-11.1649833693111,
32.1));
#12609=CARTESIAN_POINT('',(-10.3444077278051,-11.3691102041805,31.6));
#12610=CARTESIAN_POINT('Ctrl Pts',(-10.2847214246663,-11.1649833693111,
31.6));
#12611=CARTESIAN_POINT('Ctrl Pts',(-10.3021298093088,-11.1965836932658,
31.6));
#12612=CARTESIAN_POINT('Ctrl Pts',(-10.3371664380902,-11.2601834380158,
31.6));
#12613=CARTESIAN_POINT('Ctrl Pts',(-10.3419838878545,-11.3326497036468,
31.6));
#12614=CARTESIAN_POINT('Ctrl Pts',(-10.3444077278051,-11.3691102041805,
31.6));
#12615=CARTESIAN_POINT('',(-10.3444077278051,-11.3691102041805,32.1));
#12616=CARTESIAN_POINT('Ctrl Pts',(-10.3444077278051,-11.3691102041805,
32.1));
#12617=CARTESIAN_POINT('Ctrl Pts',(-10.3419838878545,-11.3326497036468,
32.1));
#12618=CARTESIAN_POINT('Ctrl Pts',(-10.3371664380902,-11.2601834380158,
32.1));
#12619=CARTESIAN_POINT('Ctrl Pts',(-10.3021298093088,-11.1965836932658,
32.1));
#12620=CARTESIAN_POINT('Ctrl Pts',(-10.2847214246663,-11.1649833693111,
32.1));
#12621=CARTESIAN_POINT('',(-10.3444077278051,-11.3691102041805,31.6));
#12622=CARTESIAN_POINT('Ctrl Pts',(-10.2142916823301,-11.6556041016185,
31.6));
#12623=CARTESIAN_POINT('Ctrl Pts',(-10.2142916823301,-11.6556041016185,
32.1));
#12624=CARTESIAN_POINT('Ctrl Pts',(-10.2522421664247,-11.6150885369123,
31.6));
#12625=CARTESIAN_POINT('Ctrl Pts',(-10.2522421664247,-11.6150885369123,
32.1));
#12626=CARTESIAN_POINT('Ctrl Pts',(-10.3279558859804,-11.5342573123052,
31.6));
#12627=CARTESIAN_POINT('Ctrl Pts',(-10.3279558859804,-11.5342573123052,
32.1));
#12628=CARTESIAN_POINT('Ctrl Pts',(-10.3389328296066,-11.4240684036572,
31.6));
#12629=CARTESIAN_POINT('Ctrl Pts',(-10.3389328296066,-11.4240684036572,
32.1));
#12630=CARTESIAN_POINT('Ctrl Pts',(-10.3444077278051,-11.3691102041805,
31.6));
#12631=CARTESIAN_POINT('Ctrl Pts',(-10.3444077278051,-11.3691102041805,
32.1));
#12632=CARTESIAN_POINT('',(-10.2142916823301,-11.6556041016185,31.6));
#12633=CARTESIAN_POINT('Ctrl Pts',(-10.3444077278051,-11.3691102041805,
31.6));
#12634=CARTESIAN_POINT('Ctrl Pts',(-10.3389328296066,-11.4240684036572,
31.6));
#12635=CARTESIAN_POINT('Ctrl Pts',(-10.3279558859804,-11.5342573123052,
31.6));
#12636=CARTESIAN_POINT('Ctrl Pts',(-10.2522421664247,-11.6150885369123,
31.6));
#12637=CARTESIAN_POINT('Ctrl Pts',(-10.2142916823301,-11.6556041016185,
31.6));
#12638=CARTESIAN_POINT('',(-10.2142916823301,-11.6556041016185,32.1));
#12639=CARTESIAN_POINT('Ctrl Pts',(-10.2142916823301,-11.6556041016185,
32.1));
#12640=CARTESIAN_POINT('Ctrl Pts',(-10.2522421664247,-11.6150885369123,
32.1));
#12641=CARTESIAN_POINT('Ctrl Pts',(-10.3279558859804,-11.5342573123052,
32.1));
#12642=CARTESIAN_POINT('Ctrl Pts',(-10.3389328296066,-11.4240684036572,
32.1));
#12643=CARTESIAN_POINT('Ctrl Pts',(-10.3444077278051,-11.3691102041805,
32.1));
#12644=CARTESIAN_POINT('',(-10.2142916823301,-11.6556041016185,31.6));
#12645=CARTESIAN_POINT('Ctrl Pts',(-9.83349370011418,-11.770201779803,31.6));
#12646=CARTESIAN_POINT('Ctrl Pts',(-9.83349370011418,-11.770201779803,32.1));
#12647=CARTESIAN_POINT('Ctrl Pts',(-9.90925866953757,-11.767662712578,31.6));
#12648=CARTESIAN_POINT('Ctrl Pts',(-9.90925866953757,-11.767662712578,32.1));
#12649=CARTESIAN_POINT('Ctrl Pts',(-10.0469761891843,-11.7630474656756,
31.6));
#12650=CARTESIAN_POINT('Ctrl Pts',(-10.0469761891843,-11.7630474656756,
32.1));
#12651=CARTESIAN_POINT('Ctrl Pts',(-10.1623779353223,-11.6889410479733,
31.6));
#12652=CARTESIAN_POINT('Ctrl Pts',(-10.1623779353223,-11.6889410479733,
32.1));
#12653=CARTESIAN_POINT('Ctrl Pts',(-10.2142916823301,-11.6556041016185,
31.6));
#12654=CARTESIAN_POINT('Ctrl Pts',(-10.2142916823301,-11.6556041016185,
32.1));
#12655=CARTESIAN_POINT('',(-9.83349370011418,-11.770201779803,31.6));
#12656=CARTESIAN_POINT('Ctrl Pts',(-10.2142916823301,-11.6556041016185,
31.6));
#12657=CARTESIAN_POINT('Ctrl Pts',(-10.1623779353223,-11.6889410479733,
31.6));
#12658=CARTESIAN_POINT('Ctrl Pts',(-10.0469761891843,-11.7630474656756,
31.6));
#12659=CARTESIAN_POINT('Ctrl Pts',(-9.90925866953757,-11.767662712578,31.6));
#12660=CARTESIAN_POINT('Ctrl Pts',(-9.83349370011418,-11.770201779803,31.6));
#12661=CARTESIAN_POINT('',(-9.83349370011418,-11.770201779803,32.1));
#12662=CARTESIAN_POINT('Ctrl Pts',(-9.83349370011418,-11.770201779803,32.1));
#12663=CARTESIAN_POINT('Ctrl Pts',(-9.90925866953757,-11.767662712578,32.1));
#12664=CARTESIAN_POINT('Ctrl Pts',(-10.0469761891843,-11.7630474656756,
32.1));
#12665=CARTESIAN_POINT('Ctrl Pts',(-10.1623779353223,-11.6889410479733,
32.1));
#12666=CARTESIAN_POINT('Ctrl Pts',(-10.2142916823301,-11.6556041016185,
32.1));
#12667=CARTESIAN_POINT('',(-9.83349370011418,-11.770201779803,31.6));
#12668=CARTESIAN_POINT('Ctrl Pts',(-9.39181553372472,-11.6615723146999,
31.6));
#12669=CARTESIAN_POINT('Ctrl Pts',(-9.39181553372472,-11.6615723146999,
32.1));
#12670=CARTESIAN_POINT('Ctrl Pts',(-9.45972276081325,-11.6932483551171,
31.6));
#12671=CARTESIAN_POINT('Ctrl Pts',(-9.45972276081325,-11.6932483551171,
32.1));
#12672=CARTESIAN_POINT('Ctrl Pts',(-9.59967892098214,-11.7585323782795,
31.6));
#12673=CARTESIAN_POINT('Ctrl Pts',(-9.59967892098214,-11.7585323782795,
32.1));
#12674=CARTESIAN_POINT('Ctrl Pts',(-9.75403284793985,-11.7662359886205,
31.6));
#12675=CARTESIAN_POINT('Ctrl Pts',(-9.75403284793985,-11.7662359886205,
32.1));
#12676=CARTESIAN_POINT('Ctrl Pts',(-9.83349370011418,-11.770201779803,31.6));
#12677=CARTESIAN_POINT('Ctrl Pts',(-9.83349370011418,-11.770201779803,32.1));
#12678=CARTESIAN_POINT('',(-9.39181553372472,-11.6615723146999,31.6));
#12679=CARTESIAN_POINT('Ctrl Pts',(-9.83349370011418,-11.770201779803,31.6));
#12680=CARTESIAN_POINT('Ctrl Pts',(-9.75403284793985,-11.7662359886205,
31.6));
#12681=CARTESIAN_POINT('Ctrl Pts',(-9.59967892098214,-11.7585323782795,
31.6));
#12682=CARTESIAN_POINT('Ctrl Pts',(-9.45972276081325,-11.6932483551171,
31.6));
#12683=CARTESIAN_POINT('Ctrl Pts',(-9.39181553372472,-11.6615723146999,
31.6));
#12684=CARTESIAN_POINT('',(-9.39181553372472,-11.6615723146999,32.1));
#12685=CARTESIAN_POINT('Ctrl Pts',(-9.39181553372472,-11.6615723146999,
32.1));
#12686=CARTESIAN_POINT('Ctrl Pts',(-9.45972276081325,-11.6932483551171,
32.1));
#12687=CARTESIAN_POINT('Ctrl Pts',(-9.59967892098214,-11.7585323782795,
32.1));
#12688=CARTESIAN_POINT('Ctrl Pts',(-9.75403284793985,-11.7662359886205,
32.1));
#12689=CARTESIAN_POINT('Ctrl Pts',(-9.83349370011418,-11.770201779803,32.1));
#12690=CARTESIAN_POINT('',(-9.39181553372472,-11.6615723146999,31.6));
#12691=CARTESIAN_POINT('Ctrl Pts',(-9.10770939835637,-11.3643352760875,
31.6));
#12692=CARTESIAN_POINT('Ctrl Pts',(-9.10770939835637,-11.3643352760875,
32.1));
#12693=CARTESIAN_POINT('Ctrl Pts',(-9.14271632078024,-11.4241436960346,
31.6));
#12694=CARTESIAN_POINT('Ctrl Pts',(-9.14271632078024,-11.4241436960346,
32.1));
#12695=CARTESIAN_POINT('Ctrl Pts',(-9.21383716706816,-11.5456518192073,
31.6));
#12696=CARTESIAN_POINT('Ctrl Pts',(-9.21383716706816,-11.5456518192073,
32.1));
#12697=CARTESIAN_POINT('Ctrl Pts',(-9.33187697859215,-11.6225332610183,
31.6));
#12698=CARTESIAN_POINT('Ctrl Pts',(-9.33187697859215,-11.6225332610183,
32.1));
#12699=CARTESIAN_POINT('Ctrl Pts',(-9.39181553372472,-11.6615723146999,
31.6));
#12700=CARTESIAN_POINT('Ctrl Pts',(-9.39181553372472,-11.6615723146999,
32.1));
#12701=CARTESIAN_POINT('',(-9.10770939835637,-11.3643352760875,31.6));
#12702=CARTESIAN_POINT('Ctrl Pts',(-9.39181553372472,-11.6615723146999,
31.6));
#12703=CARTESIAN_POINT('Ctrl Pts',(-9.33187697859215,-11.6225332610183,
31.6));
#12704=CARTESIAN_POINT('Ctrl Pts',(-9.21383716706816,-11.5456518192073,
31.6));
#12705=CARTESIAN_POINT('Ctrl Pts',(-9.14271632078024,-11.4241436960346,
31.6));
#12706=CARTESIAN_POINT('Ctrl Pts',(-9.10770939835637,-11.3643352760875,
31.6));
#12707=CARTESIAN_POINT('',(-9.10770939835637,-11.3643352760875,32.1));
#12708=CARTESIAN_POINT('Ctrl Pts',(-9.10770939835637,-11.3643352760875,
32.1));
#12709=CARTESIAN_POINT('Ctrl Pts',(-9.14271632078024,-11.4241436960346,
32.1));
#12710=CARTESIAN_POINT('Ctrl Pts',(-9.21383716706816,-11.5456518192073,
32.1));
#12711=CARTESIAN_POINT('Ctrl Pts',(-9.33187697859215,-11.6225332610183,
32.1));
#12712=CARTESIAN_POINT('Ctrl Pts',(-9.39181553372472,-11.6615723146999,
32.1));
#12713=CARTESIAN_POINT('',(-9.10770939835637,-11.3643352760875,31.6));
#12714=CARTESIAN_POINT('Ctrl Pts',(-9.03847323903172,-10.9345947279537,
31.6));
#12715=CARTESIAN_POINT('Ctrl Pts',(-9.03847323903172,-10.9345947279537,
32.1));
#12716=CARTESIAN_POINT('Ctrl Pts',(-9.03929833413274,-11.0186311362468,
31.6));
#12717=CARTESIAN_POINT('Ctrl Pts',(-9.03929833413274,-11.0186311362468,
32.1));
#12718=CARTESIAN_POINT('Ctrl Pts',(-9.04074230541566,-11.1657004378883,
31.6));
#12719=CARTESIAN_POINT('Ctrl Pts',(-9.04074230541566,-11.1657004378883,
32.1));
#12720=CARTESIAN_POINT('Ctrl Pts',(-9.08761855814698,-11.3047427117543,
31.6));
#12721=CARTESIAN_POINT('Ctrl Pts',(-9.08761855814698,-11.3047427117543,
32.1));
#12722=CARTESIAN_POINT('Ctrl Pts',(-9.10770939835637,-11.3643352760875,
31.6));
#12723=CARTESIAN_POINT('Ctrl Pts',(-9.10770939835637,-11.3643352760875,
32.1));
#12724=CARTESIAN_POINT('',(-9.03847323903172,-10.9345947279537,31.6));
#12725=CARTESIAN_POINT('Ctrl Pts',(-9.10770939835637,-11.3643352760875,
31.6));
#12726=CARTESIAN_POINT('Ctrl Pts',(-9.08761855814698,-11.3047427117543,
31.6));
#12727=CARTESIAN_POINT('Ctrl Pts',(-9.04074230541566,-11.1657004378883,
31.6));
#12728=CARTESIAN_POINT('Ctrl Pts',(-9.03929833413274,-11.0186311362468,
31.6));
#12729=CARTESIAN_POINT('Ctrl Pts',(-9.03847323903172,-10.9345947279537,
31.6));
#12730=CARTESIAN_POINT('',(-9.03847323903172,-10.9345947279537,32.1));
#12731=CARTESIAN_POINT('Ctrl Pts',(-9.03847323903172,-10.9345947279537,
32.1));
#12732=CARTESIAN_POINT('Ctrl Pts',(-9.03929833413274,-11.0186311362468,
32.1));
#12733=CARTESIAN_POINT('Ctrl Pts',(-9.04074230541566,-11.1657004378883,
32.1));
#12734=CARTESIAN_POINT('Ctrl Pts',(-9.08761855814698,-11.3047427117543,
32.1));
#12735=CARTESIAN_POINT('Ctrl Pts',(-9.10770939835637,-11.3643352760875,
32.1));
#12736=CARTESIAN_POINT('',(-9.03847323903172,-10.9345947279537,31.6));
#12737=CARTESIAN_POINT('Origin',(-9.03847323903172,-10.7770226969326,31.6));
#12738=CARTESIAN_POINT('',(-9.03847323903172,-10.9345947279537,31.6));
#12739=CARTESIAN_POINT('',(-9.03847323903172,-10.9345947279537,32.1));
#12740=CARTESIAN_POINT('Ctrl Pts',(-9.46224557408421,-12.0232711805904,
31.6));
#12741=CARTESIAN_POINT('Ctrl Pts',(-9.46224557408421,-12.0232711805904,
32.1));
#12742=CARTESIAN_POINT('Ctrl Pts',(-9.38540467659736,-11.988292548866,31.6));
#12743=CARTESIAN_POINT('Ctrl Pts',(-9.38540467659736,-11.988292548866,32.1));
#12744=CARTESIAN_POINT('Ctrl Pts',(-9.21983291387435,-11.9129228707172,
31.6));
#12745=CARTESIAN_POINT('Ctrl Pts',(-9.21983291387435,-11.9129228707172,
32.1));
#12746=CARTESIAN_POINT('Ctrl Pts',(-9.07843665126354,-11.7982377191596,
31.6));
#12747=CARTESIAN_POINT('Ctrl Pts',(-9.07843665126354,-11.7982377191596,
32.1));
#12748=CARTESIAN_POINT('Ctrl Pts',(-9.00266157635777,-11.7367772831523,
31.6));
#12749=CARTESIAN_POINT('Ctrl Pts',(-9.00266157635777,-11.7367772831523,
32.1));
#12750=CARTESIAN_POINT('',(-9.00266157635777,-11.7367772831523,31.6));
#12751=CARTESIAN_POINT('',(-9.46224557408421,-12.0232711805904,31.6));
#12752=CARTESIAN_POINT('Ctrl Pts',(-9.00266157635777,-11.7367772831523,
31.6));
#12753=CARTESIAN_POINT('Ctrl Pts',(-9.07843665126354,-11.7982377191596,
31.6));
#12754=CARTESIAN_POINT('Ctrl Pts',(-9.21983291387435,-11.9129228707172,
31.6));
#12755=CARTESIAN_POINT('Ctrl Pts',(-9.38540467659736,-11.988292548866,31.6));
#12756=CARTESIAN_POINT('Ctrl Pts',(-9.46224557408421,-12.0232711805904,
31.6));
#12757=CARTESIAN_POINT('',(-9.00266157635777,-11.7367772831523,32.1));
#12758=CARTESIAN_POINT('',(-9.00266157635777,-11.7367772831523,31.6));
#12759=CARTESIAN_POINT('',(-9.46224557408421,-12.0232711805904,32.1));
#12760=CARTESIAN_POINT('Ctrl Pts',(-9.46224557408421,-12.0232711805904,
32.1));
#12761=CARTESIAN_POINT('Ctrl Pts',(-9.38540467659736,-11.988292548866,32.1));
#12762=CARTESIAN_POINT('Ctrl Pts',(-9.21983291387435,-11.9129228707172,
32.1));
#12763=CARTESIAN_POINT('Ctrl Pts',(-9.07843665126354,-11.7982377191596,
32.1));
#12764=CARTESIAN_POINT('Ctrl Pts',(-9.00266157635777,-11.7367772831523,
32.1));
#12765=CARTESIAN_POINT('',(-9.46224557408421,-12.0232711805904,31.6));
#12766=CARTESIAN_POINT('Ctrl Pts',(-9.93615376004307,-12.1068315281475,
31.6));
#12767=CARTESIAN_POINT('Ctrl Pts',(-9.93615376004307,-12.1068315281475,
32.1));
#12768=CARTESIAN_POINT('Ctrl Pts',(-9.85381833946471,-12.1036040344807,
31.6));
#12769=CARTESIAN_POINT('Ctrl Pts',(-9.85381833946471,-12.1036040344807,
32.1));
#12770=CARTESIAN_POINT('Ctrl Pts',(-9.69202009231743,-12.0972616509197,
31.6));
#12771=CARTESIAN_POINT('Ctrl Pts',(-9.69202009231743,-12.0972616509197,
32.1));
#12772=CARTESIAN_POINT('Ctrl Pts',(-9.53792513735185,-12.0476410129092,
31.6));
#12773=CARTESIAN_POINT('Ctrl Pts',(-9.53792513735185,-12.0476410129092,
32.1));
#12774=CARTESIAN_POINT('Ctrl Pts',(-9.46224557408421,-12.0232711805904,
31.6));
#12775=CARTESIAN_POINT('Ctrl Pts',(-9.46224557408421,-12.0232711805904,
32.1));
#12776=CARTESIAN_POINT('',(-9.93615376004307,-12.1068315281475,31.6));
#12777=CARTESIAN_POINT('Ctrl Pts',(-9.46224557408421,-12.0232711805904,
31.6));
#12778=CARTESIAN_POINT('Ctrl Pts',(-9.53792513735185,-12.0476410129092,
31.6));
#12779=CARTESIAN_POINT('Ctrl Pts',(-9.69202009231743,-12.0972616509197,
31.6));
#12780=CARTESIAN_POINT('Ctrl Pts',(-9.85381833946471,-12.1036040344807,
31.6));
#12781=CARTESIAN_POINT('Ctrl Pts',(-9.93615376004307,-12.1068315281475,
31.6));
#12782=CARTESIAN_POINT('',(-9.93615376004307,-12.1068315281475,32.1));
#12783=CARTESIAN_POINT('Ctrl Pts',(-9.93615376004307,-12.1068315281475,
32.1));
#12784=CARTESIAN_POINT('Ctrl Pts',(-9.85381833946471,-12.1036040344807,
32.1));
#12785=CARTESIAN_POINT('Ctrl Pts',(-9.69202009231743,-12.0972616509197,
32.1));
#12786=CARTESIAN_POINT('Ctrl Pts',(-9.53792513735185,-12.0476410129092,
32.1));
#12787=CARTESIAN_POINT('Ctrl Pts',(-9.46224557408421,-12.0232711805904,
32.1));
#12788=CARTESIAN_POINT('',(-9.93615376004307,-12.1068315281475,31.6));
#12789=CARTESIAN_POINT('Ctrl Pts',(-10.5783777142438,-11.9027046932781,
31.6));
#12790=CARTESIAN_POINT('Ctrl Pts',(-10.5783777142438,-11.9027046932781,
32.1));
#12791=CARTESIAN_POINT('Ctrl Pts',(-10.4902749473355,-11.9621212809406,
31.6));
#12792=CARTESIAN_POINT('Ctrl Pts',(-10.4902749473355,-11.9621212809406,
32.1));
#12793=CARTESIAN_POINT('Ctrl Pts',(-10.2971208859492,-12.0923845589678,
31.6));
#12794=CARTESIAN_POINT('Ctrl Pts',(-10.2971208859492,-12.0923845589678,
32.1));
#12795=CARTESIAN_POINT('Ctrl Pts',(-10.0633146681044,-12.1017421735005,
31.6));
#12796=CARTESIAN_POINT('Ctrl Pts',(-10.0633146681044,-12.1017421735005,
32.1));
#12797=CARTESIAN_POINT('Ctrl Pts',(-9.93615376004307,-12.1068315281475,
31.6));
#12798=CARTESIAN_POINT('Ctrl Pts',(-9.93615376004307,-12.1068315281475,
32.1));
#12799=CARTESIAN_POINT('',(-10.5783777142438,-11.9027046932781,31.6));
#12800=CARTESIAN_POINT('Ctrl Pts',(-9.93615376004307,-12.1068315281475,
31.6));
#12801=CARTESIAN_POINT('Ctrl Pts',(-10.0633146681044,-12.1017421735005,
31.6));
#12802=CARTESIAN_POINT('Ctrl Pts',(-10.2971208859492,-12.0923845589678,
31.6));
#12803=CARTESIAN_POINT('Ctrl Pts',(-10.4902749473355,-11.9621212809406,
31.6));
#12804=CARTESIAN_POINT('Ctrl Pts',(-10.5783777142438,-11.9027046932781,
31.6));
#12805=CARTESIAN_POINT('',(-10.5783777142438,-11.9027046932781,32.1));
#12806=CARTESIAN_POINT('Ctrl Pts',(-10.5783777142438,-11.9027046932781,
32.1));
#12807=CARTESIAN_POINT('Ctrl Pts',(-10.4902749473355,-11.9621212809406,
32.1));
#12808=CARTESIAN_POINT('Ctrl Pts',(-10.2971208859492,-12.0923845589678,
32.1));
#12809=CARTESIAN_POINT('Ctrl Pts',(-10.0633146681044,-12.1017421735005,
32.1));
#12810=CARTESIAN_POINT('Ctrl Pts',(-9.93615376004307,-12.1068315281475,
32.1));
#12811=CARTESIAN_POINT('',(-10.5783777142438,-11.9027046932781,31.6));
#12812=CARTESIAN_POINT('Ctrl Pts',(-10.8027978444967,-11.3810472263896,
31.6));
#12813=CARTESIAN_POINT('Ctrl Pts',(-10.8027978444967,-11.3810472263896,
32.1));
#12814=CARTESIAN_POINT('Ctrl Pts',(-10.7939427149119,-11.4817100949158,
31.6));
#12815=CARTESIAN_POINT('Ctrl Pts',(-10.7939427149119,-11.4817100949158,
32.1));
#12816=CARTESIAN_POINT('Ctrl Pts',(-10.7764597219129,-11.6804523277481,
31.6));
#12817=CARTESIAN_POINT('Ctrl Pts',(-10.7764597219129,-11.6804523277481,
32.1));
#12818=CARTESIAN_POINT('Ctrl Pts',(-10.6438303550892,-11.8292653919036,
31.6));
#12819=CARTESIAN_POINT('Ctrl Pts',(-10.6438303550892,-11.8292653919036,
32.1));
#12820=CARTESIAN_POINT('Ctrl Pts',(-10.5783777142438,-11.9027046932781,
31.6));
#12821=CARTESIAN_POINT('Ctrl Pts',(-10.5783777142438,-11.9027046932781,
32.1));
#12822=CARTESIAN_POINT('',(-10.8027978444967,-11.3810472263896,31.6));
#12823=CARTESIAN_POINT('Ctrl Pts',(-10.5783777142438,-11.9027046932781,
31.6));
#12824=CARTESIAN_POINT('Ctrl Pts',(-10.6438303550892,-11.8292653919036,
31.6));
#12825=CARTESIAN_POINT('Ctrl Pts',(-10.7764597219129,-11.6804523277481,
31.6));
#12826=CARTESIAN_POINT('Ctrl Pts',(-10.7939427149119,-11.4817100949158,
31.6));
#12827=CARTESIAN_POINT('Ctrl Pts',(-10.8027978444967,-11.3810472263896,
31.6));
#12828=CARTESIAN_POINT('',(-10.8027978444967,-11.3810472263896,32.1));
#12829=CARTESIAN_POINT('Ctrl Pts',(-10.8027978444967,-11.3810472263896,
32.1));
#12830=CARTESIAN_POINT('Ctrl Pts',(-10.7939427149119,-11.4817100949158,
32.1));
#12831=CARTESIAN_POINT('Ctrl Pts',(-10.7764597219129,-11.6804523277481,
32.1));
#12832=CARTESIAN_POINT('Ctrl Pts',(-10.6438303550892,-11.8292653919036,
32.1));
#12833=CARTESIAN_POINT('Ctrl Pts',(-10.5783777142438,-11.9027046932781,
32.1));
#12834=CARTESIAN_POINT('',(-10.8027978444967,-11.3810472263896,31.6));
#12835=CARTESIAN_POINT('Ctrl Pts',(-10.7180433178815,-11.0408358349407,
31.6));
#12836=CARTESIAN_POINT('Ctrl Pts',(-10.7180433178815,-11.0408358349407,
32.1));
#12837=CARTESIAN_POINT('Ctrl Pts',(-10.7427618320178,-11.0939652904748,
31.6));
#12838=CARTESIAN_POINT('Ctrl Pts',(-10.7427618320178,-11.0939652904748,
32.1));
#12839=CARTESIAN_POINT('Ctrl Pts',(-10.7929584052923,-11.20185675163,31.6));
#12840=CARTESIAN_POINT('Ctrl Pts',(-10.7929584052923,-11.20185675163,32.1));
#12841=CARTESIAN_POINT('Ctrl Pts',(-10.7994851120004,-11.3207175575512,
31.6));
#12842=CARTESIAN_POINT('Ctrl Pts',(-10.7994851120004,-11.3207175575512,
32.1));
#12843=CARTESIAN_POINT('Ctrl Pts',(-10.8027978444967,-11.3810472263896,
31.6));
#12844=CARTESIAN_POINT('Ctrl Pts',(-10.8027978444967,-11.3810472263896,
32.1));
#12845=CARTESIAN_POINT('',(-10.7180433178815,-11.0408358349407,31.6));
#12846=CARTESIAN_POINT('Ctrl Pts',(-10.8027978444967,-11.3810472263896,
31.6));
#12847=CARTESIAN_POINT('Ctrl Pts',(-10.7994851120004,-11.3207175575512,
31.6));
#12848=CARTESIAN_POINT('Ctrl Pts',(-10.7929584052923,-11.20185675163,31.6));
#12849=CARTESIAN_POINT('Ctrl Pts',(-10.7427618320178,-11.0939652904748,
31.6));
#12850=CARTESIAN_POINT('Ctrl Pts',(-10.7180433178815,-11.0408358349407,
31.6));
#12851=CARTESIAN_POINT('',(-10.7180433178815,-11.0408358349407,32.1));
#12852=CARTESIAN_POINT('Ctrl Pts',(-10.7180433178815,-11.0408358349407,
32.1));
#12853=CARTESIAN_POINT('Ctrl Pts',(-10.7427618320178,-11.0939652904748,
32.1));
#12854=CARTESIAN_POINT('Ctrl Pts',(-10.7929584052923,-11.20185675163,32.1));
#12855=CARTESIAN_POINT('Ctrl Pts',(-10.7994851120004,-11.3207175575512,
32.1));
#12856=CARTESIAN_POINT('Ctrl Pts',(-10.8027978444967,-11.3810472263896,
32.1));
#12857=CARTESIAN_POINT('',(-10.7180433178815,-11.0408358349407,31.6));
#12858=CARTESIAN_POINT('Ctrl Pts',(-10.4960106516752,-10.7937346472347,
31.6));
#12859=CARTESIAN_POINT('Ctrl Pts',(-10.4960106516752,-10.7937346472347,
32.1));
#12860=CARTESIAN_POINT('Ctrl Pts',(-10.5397876775775,-10.8276854790805,
31.6));
#12861=CARTESIAN_POINT('Ctrl Pts',(-10.5397876775775,-10.8276854790805,
32.1));
#12862=CARTESIAN_POINT('Ctrl Pts',(-10.6286841501269,-10.8966282436701,
31.6));
#12863=CARTESIAN_POINT('Ctrl Pts',(-10.6286841501269,-10.8966282436701,
32.1));
#12864=CARTESIAN_POINT('Ctrl Pts',(-10.6879585620846,-10.9922851346996,
31.6));
#12865=CARTESIAN_POINT('Ctrl Pts',(-10.6879585620846,-10.9922851346996,
32.1));
#12866=CARTESIAN_POINT('Ctrl Pts',(-10.7180433178815,-11.0408358349407,
31.6));
#12867=CARTESIAN_POINT('Ctrl Pts',(-10.7180433178815,-11.0408358349407,
32.1));
#12868=CARTESIAN_POINT('',(-10.4960106516752,-10.7937346472347,31.6));
#12869=CARTESIAN_POINT('Ctrl Pts',(-10.7180433178815,-11.0408358349407,
31.6));
#12870=CARTESIAN_POINT('Ctrl Pts',(-10.6879585620846,-10.9922851346996,
31.6));
#12871=CARTESIAN_POINT('Ctrl Pts',(-10.6286841501269,-10.8966282436701,
31.6));
#12872=CARTESIAN_POINT('Ctrl Pts',(-10.5397876775775,-10.8276854790805,
31.6));
#12873=CARTESIAN_POINT('Ctrl Pts',(-10.4960106516752,-10.7937346472347,
31.6));
#12874=CARTESIAN_POINT('',(-10.4960106516752,-10.7937346472347,32.1));
#12875=CARTESIAN_POINT('Ctrl Pts',(-10.4960106516752,-10.7937346472347,
32.1));
#12876=CARTESIAN_POINT('Ctrl Pts',(-10.5397876775775,-10.8276854790805,
32.1));
#12877=CARTESIAN_POINT('Ctrl Pts',(-10.6286841501269,-10.8966282436701,
32.1));
#12878=CARTESIAN_POINT('Ctrl Pts',(-10.6879585620846,-10.9922851346996,
32.1));
#12879=CARTESIAN_POINT('Ctrl Pts',(-10.7180433178815,-11.0408358349407,
32.1));
#12880=CARTESIAN_POINT('',(-10.4960106516752,-10.7937346472347,31.6));
#12881=CARTESIAN_POINT('Ctrl Pts',(-10.1868359948072,-10.6528757586086,
31.6));
#12882=CARTESIAN_POINT('Ctrl Pts',(-10.1868359948072,-10.6528757586086,
32.1));
#12883=CARTESIAN_POINT('Ctrl Pts',(-10.2422507113147,-10.6703841811256,
31.6));
#12884=CARTESIAN_POINT('Ctrl Pts',(-10.2422507113147,-10.6703841811256,
32.1));
#12885=CARTESIAN_POINT('Ctrl Pts',(-10.3510607635123,-10.7047629975854,
31.6));
#12886=CARTESIAN_POINT('Ctrl Pts',(-10.3510607635123,-10.7047629975854,
32.1));
#12887=CARTESIAN_POINT('Ctrl Pts',(-10.4482955416071,-10.7644466490874,
31.6));
#12888=CARTESIAN_POINT('Ctrl Pts',(-10.4482955416071,-10.7644466490874,
32.1));
#12889=CARTESIAN_POINT('Ctrl Pts',(-10.4960106516752,-10.7937346472347,
31.6));
#12890=CARTESIAN_POINT('Ctrl Pts',(-10.4960106516752,-10.7937346472347,
32.1));
#12891=CARTESIAN_POINT('',(-10.1868359948072,-10.6528757586086,31.6));
#12892=CARTESIAN_POINT('Ctrl Pts',(-10.4960106516752,-10.7937346472347,
31.6));
#12893=CARTESIAN_POINT('Ctrl Pts',(-10.4482955416071,-10.7644466490874,
31.6));
#12894=CARTESIAN_POINT('Ctrl Pts',(-10.3510607635123,-10.7047629975854,
31.6));
#12895=CARTESIAN_POINT('Ctrl Pts',(-10.2422507113147,-10.6703841811256,
31.6));
#12896=CARTESIAN_POINT('Ctrl Pts',(-10.1868359948072,-10.6528757586086,
31.6));
#12897=CARTESIAN_POINT('',(-10.1868359948072,-10.6528757586086,32.1));
#12898=CARTESIAN_POINT('Ctrl Pts',(-10.1868359948072,-10.6528757586086,
32.1));
#12899=CARTESIAN_POINT('Ctrl Pts',(-10.2422507113147,-10.6703841811256,
32.1));
#12900=CARTESIAN_POINT('Ctrl Pts',(-10.3510607635123,-10.7047629975854,
32.1));
#12901=CARTESIAN_POINT('Ctrl Pts',(-10.4482955416071,-10.7644466490874,
32.1));
#12902=CARTESIAN_POINT('Ctrl Pts',(-10.4960106516752,-10.7937346472347,
32.1));
#12903=CARTESIAN_POINT('',(-10.1868359948072,-10.6528757586086,31.6));
#12904=CARTESIAN_POINT('Ctrl Pts',(-9.80484413155644,-10.5884145273769,
31.6));
#12905=CARTESIAN_POINT('Ctrl Pts',(-9.80484413155644,-10.5884145273769,
32.1));
#12906=CARTESIAN_POINT('Ctrl Pts',(-9.87948954820387,-10.5975998787222,
31.6));
#12907=CARTESIAN_POINT('Ctrl Pts',(-9.87948954820387,-10.5975998787222,
32.1));
#12908=CARTESIAN_POINT('Ctrl Pts',(-10.007811730488,-10.6133903235025,31.6));
#12909=CARTESIAN_POINT('Ctrl Pts',(-10.007811730488,-10.6133903235025,32.1));
#12910=CARTESIAN_POINT('Ctrl Pts',(-10.1340365495965,-10.6412303591683,
31.6));
#12911=CARTESIAN_POINT('Ctrl Pts',(-10.1340365495965,-10.6412303591683,
32.1));
#12912=CARTESIAN_POINT('Ctrl Pts',(-10.1868359948072,-10.6528757586086,
31.6));
#12913=CARTESIAN_POINT('Ctrl Pts',(-10.1868359948072,-10.6528757586086,
32.1));
#12914=CARTESIAN_POINT('',(-9.80484413155644,-10.5884145273769,31.6));
#12915=CARTESIAN_POINT('Ctrl Pts',(-10.1868359948072,-10.6528757586086,
31.6));
#12916=CARTESIAN_POINT('Ctrl Pts',(-10.1340365495965,-10.6412303591683,
31.6));
#12917=CARTESIAN_POINT('Ctrl Pts',(-10.007811730488,-10.6133903235025,31.6));
#12918=CARTESIAN_POINT('Ctrl Pts',(-9.87948954820387,-10.5975998787222,
31.6));
#12919=CARTESIAN_POINT('Ctrl Pts',(-9.80484413155644,-10.5884145273769,
31.6));
#12920=CARTESIAN_POINT('',(-9.80484413155644,-10.5884145273769,32.1));
#12921=CARTESIAN_POINT('Ctrl Pts',(-9.80484413155644,-10.5884145273769,
32.1));
#12922=CARTESIAN_POINT('Ctrl Pts',(-9.87948954820387,-10.5975998787222,
32.1));
#12923=CARTESIAN_POINT('Ctrl Pts',(-10.007811730488,-10.6133903235025,32.1));
#12924=CARTESIAN_POINT('Ctrl Pts',(-10.1340365495965,-10.6412303591683,
32.1));
#12925=CARTESIAN_POINT('Ctrl Pts',(-10.1868359948072,-10.6528757586086,
32.1));
#12926=CARTESIAN_POINT('',(-9.80484413155644,-10.5884145273769,31.6));
#12927=CARTESIAN_POINT('Ctrl Pts',(-9.03847323903172,-10.4403923525417,
31.6));
#12928=CARTESIAN_POINT('Ctrl Pts',(-9.03847323903172,-10.4403923525417,
32.1));
#12929=CARTESIAN_POINT('Ctrl Pts',(-9.14287965963056,-10.4692429922221,
31.6));
#12930=CARTESIAN_POINT('Ctrl Pts',(-9.14287965963056,-10.4692429922221,
32.1));
#12931=CARTESIAN_POINT('Ctrl Pts',(-9.39427280051529,-10.5387104912916,
31.6));
#12932=CARTESIAN_POINT('Ctrl Pts',(-9.39427280051529,-10.5387104912916,
32.1));
#12933=CARTESIAN_POINT('Ctrl Pts',(-9.65335923165256,-10.5700756654985,
31.6));
#12934=CARTESIAN_POINT('Ctrl Pts',(-9.65335923165256,-10.5700756654985,
32.1));
#12935=CARTESIAN_POINT('Ctrl Pts',(-9.80484413155644,-10.5884145273769,
31.6));
#12936=CARTESIAN_POINT('Ctrl Pts',(-9.80484413155644,-10.5884145273769,
32.1));
#12937=CARTESIAN_POINT('',(-9.03847323903172,-10.4403923525417,31.6));
#12938=CARTESIAN_POINT('Ctrl Pts',(-9.80484413155644,-10.5884145273769,
31.6));
#12939=CARTESIAN_POINT('Ctrl Pts',(-9.65335923165256,-10.5700756654985,
31.6));
#12940=CARTESIAN_POINT('Ctrl Pts',(-9.39427280051529,-10.5387104912916,
31.6));
#12941=CARTESIAN_POINT('Ctrl Pts',(-9.14287965963056,-10.4692429922221,
31.6));
#12942=CARTESIAN_POINT('Ctrl Pts',(-9.03847323903172,-10.4403923525417,
31.6));
#12943=CARTESIAN_POINT('',(-9.03847323903172,-10.4403923525417,32.1));
#12944=CARTESIAN_POINT('Ctrl Pts',(-9.03847323903172,-10.4403923525417,
32.1));
#12945=CARTESIAN_POINT('Ctrl Pts',(-9.14287965963056,-10.4692429922221,
32.1));
#12946=CARTESIAN_POINT('Ctrl Pts',(-9.39427280051529,-10.5387104912916,
32.1));
#12947=CARTESIAN_POINT('Ctrl Pts',(-9.65335923165256,-10.5700756654985,
32.1));
#12948=CARTESIAN_POINT('Ctrl Pts',(-9.80484413155644,-10.5884145273769,
32.1));
#12949=CARTESIAN_POINT('',(-9.03847323903172,-10.4403923525417,31.6));
#12950=CARTESIAN_POINT('Ctrl Pts',(-9.03608607300847,-10.3281824364269,
31.6));
#12951=CARTESIAN_POINT('Ctrl Pts',(-9.03608607300847,-10.3281824364269,
32.1));
#12952=CARTESIAN_POINT('Ctrl Pts',(-9.03626151737045,-10.3415128845329,
31.6));
#12953=CARTESIAN_POINT('Ctrl Pts',(-9.03626151737045,-10.3415128845329,
32.1));
#12954=CARTESIAN_POINT('Ctrl Pts',(-9.03675386810106,-10.3789222135661,
31.6));
#12955=CARTESIAN_POINT('Ctrl Pts',(-9.03675386810106,-10.3789222135661,
32.1));
#12956=CARTESIAN_POINT('Ctrl Pts',(-9.03779993063755,-10.4163205482409,
31.6));
#12957=CARTESIAN_POINT('Ctrl Pts',(-9.03779993063755,-10.4163205482409,
32.1));
#12958=CARTESIAN_POINT('Ctrl Pts',(-9.03847323903172,-10.4403923525417,
31.6));
#12959=CARTESIAN_POINT('Ctrl Pts',(-9.03847323903172,-10.4403923525417,
32.1));
#12960=CARTESIAN_POINT('',(-9.03608607300847,-10.3281824364269,31.6));
#12961=CARTESIAN_POINT('Ctrl Pts',(-9.03847323903172,-10.4403923525417,
31.6));
#12962=CARTESIAN_POINT('Ctrl Pts',(-9.03779993063755,-10.4163205482409,
31.6));
#12963=CARTESIAN_POINT('Ctrl Pts',(-9.03675386810106,-10.3789222135661,
31.6));
#12964=CARTESIAN_POINT('Ctrl Pts',(-9.03626151737045,-10.3415128845329,
31.6));
#12965=CARTESIAN_POINT('Ctrl Pts',(-9.03608607300847,-10.3281824364269,
31.6));
#12966=CARTESIAN_POINT('',(-9.03608607300847,-10.3281824364269,32.1));
#12967=CARTESIAN_POINT('Ctrl Pts',(-9.03608607300847,-10.3281824364269,
32.1));
#12968=CARTESIAN_POINT('Ctrl Pts',(-9.03626151737045,-10.3415128845329,
32.1));
#12969=CARTESIAN_POINT('Ctrl Pts',(-9.03675386810106,-10.3789222135661,
32.1));
#12970=CARTESIAN_POINT('Ctrl Pts',(-9.03779993063755,-10.4163205482409,
32.1));
#12971=CARTESIAN_POINT('Ctrl Pts',(-9.03847323903172,-10.4403923525417,
32.1));
#12972=CARTESIAN_POINT('',(-9.03608607300847,-10.3281824364269,31.6));
#12973=CARTESIAN_POINT('Ctrl Pts',(-9.15784584530919,-9.95812759538531,
31.6));
#12974=CARTESIAN_POINT('Ctrl Pts',(-9.15784584530919,-9.95812759538531,
32.1));
#12975=CARTESIAN_POINT('Ctrl Pts',(-9.12249393274954,-10.0050967963104,
31.6));
#12976=CARTESIAN_POINT('Ctrl Pts',(-9.12249393274954,-10.0050967963104,
32.1));
#12977=CARTESIAN_POINT('Ctrl Pts',(-9.04082383644639,-10.1136051876558,
31.6));
#12978=CARTESIAN_POINT('Ctrl Pts',(-9.04082383644639,-10.1136051876558,
32.1));
#12979=CARTESIAN_POINT('Ctrl Pts',(-9.03780064091555,-10.2505282290875,
31.6));
#12980=CARTESIAN_POINT('Ctrl Pts',(-9.03780064091555,-10.2505282290875,
32.1));
#12981=CARTESIAN_POINT('Ctrl Pts',(-9.03608607300847,-10.3281824364269,
31.6));
#12982=CARTESIAN_POINT('Ctrl Pts',(-9.03608607300847,-10.3281824364269,
32.1));
#12983=CARTESIAN_POINT('',(-9.15784584530919,-9.95812759538531,31.6));
#12984=CARTESIAN_POINT('Ctrl Pts',(-9.03608607300847,-10.3281824364269,
31.6));
#12985=CARTESIAN_POINT('Ctrl Pts',(-9.03780064091555,-10.2505282290875,
31.6));
#12986=CARTESIAN_POINT('Ctrl Pts',(-9.04082383644639,-10.1136051876558,
31.6));
#12987=CARTESIAN_POINT('Ctrl Pts',(-9.12249393274954,-10.0050967963104,
31.6));
#12988=CARTESIAN_POINT('Ctrl Pts',(-9.15784584530919,-9.95812759538531,
31.6));
#12989=CARTESIAN_POINT('',(-9.15784584530919,-9.95812759538531,32.1));
#12990=CARTESIAN_POINT('Ctrl Pts',(-9.15784584530919,-9.95812759538531,
32.1));
#12991=CARTESIAN_POINT('Ctrl Pts',(-9.12249393274954,-10.0050967963104,
32.1));
#12992=CARTESIAN_POINT('Ctrl Pts',(-9.04082383644639,-10.1136051876558,
32.1));
#12993=CARTESIAN_POINT('Ctrl Pts',(-9.03780064091555,-10.2505282290875,
32.1));
#12994=CARTESIAN_POINT('Ctrl Pts',(-9.03608607300847,-10.3281824364269,
32.1));
#12995=CARTESIAN_POINT('',(-9.15784584530919,-9.95812759538531,31.6));
#12996=CARTESIAN_POINT('Ctrl Pts',(-9.64727269658177,-9.81249377866625,
31.6));
#12997=CARTESIAN_POINT('Ctrl Pts',(-9.64727269658177,-9.81249377866625,
32.1));
#12998=CARTESIAN_POINT('Ctrl Pts',(-9.54947135552225,-9.81553370902175,
31.6));
#12999=CARTESIAN_POINT('Ctrl Pts',(-9.54947135552225,-9.81553370902175,
32.1));
#13000=CARTESIAN_POINT('Ctrl Pts',(-9.37260397047967,-9.82103122599711,
31.6));
#13001=CARTESIAN_POINT('Ctrl Pts',(-9.37260397047967,-9.82103122599711,
32.1));
#13002=CARTESIAN_POINT('Ctrl Pts',(-9.22419151744391,-9.91577413021574,
31.6));
#13003=CARTESIAN_POINT('Ctrl Pts',(-9.22419151744391,-9.91577413021574,
32.1));
#13004=CARTESIAN_POINT('Ctrl Pts',(-9.15784584530919,-9.95812759538531,
31.6));
#13005=CARTESIAN_POINT('Ctrl Pts',(-9.15784584530919,-9.95812759538531,
32.1));
#13006=CARTESIAN_POINT('',(-9.64727269658177,-9.81249377866625,31.6));
#13007=CARTESIAN_POINT('Ctrl Pts',(-9.15784584530919,-9.95812759538531,
31.6));
#13008=CARTESIAN_POINT('Ctrl Pts',(-9.22419151744391,-9.91577413021574,
31.6));
#13009=CARTESIAN_POINT('Ctrl Pts',(-9.37260397047967,-9.82103122599711,
31.6));
#13010=CARTESIAN_POINT('Ctrl Pts',(-9.54947135552225,-9.81553370902175,
31.6));
#13011=CARTESIAN_POINT('Ctrl Pts',(-9.64727269658177,-9.81249377866625,
31.6));
#13012=CARTESIAN_POINT('',(-9.64727269658177,-9.81249377866625,32.1));
#13013=CARTESIAN_POINT('Ctrl Pts',(-9.64727269658177,-9.81249377866625,
32.1));
#13014=CARTESIAN_POINT('Ctrl Pts',(-9.54947135552225,-9.81553370902175,
32.1));
#13015=CARTESIAN_POINT('Ctrl Pts',(-9.37260397047967,-9.82103122599711,
32.1));
#13016=CARTESIAN_POINT('Ctrl Pts',(-9.22419151744391,-9.91577413021574,
32.1));
#13017=CARTESIAN_POINT('Ctrl Pts',(-9.15784584530919,-9.95812759538531,
32.1));
#13018=CARTESIAN_POINT('',(-9.64727269658177,-9.81249377866625,31.6));
#13019=CARTESIAN_POINT('Ctrl Pts',(-10.0949193740758,-9.91873488565325,
31.6));
#13020=CARTESIAN_POINT('Ctrl Pts',(-10.0949193740758,-9.91873488565325,
32.1));
#13021=CARTESIAN_POINT('Ctrl Pts',(-10.0346547100433,-9.8878960362523,31.6));
#13022=CARTESIAN_POINT('Ctrl Pts',(-10.0346547100433,-9.8878960362523,32.1));
#13023=CARTESIAN_POINT('Ctrl Pts',(-9.89483650692485,-9.81634776532598,
31.6));
#13024=CARTESIAN_POINT('Ctrl Pts',(-9.89483650692485,-9.81634776532598,
32.1));
#13025=CARTESIAN_POINT('Ctrl Pts',(-9.73704988057315,-9.81389139841112,
31.6));
#13026=CARTESIAN_POINT('Ctrl Pts',(-9.73704988057315,-9.81389139841112,
32.1));
#13027=CARTESIAN_POINT('Ctrl Pts',(-9.64727269658177,-9.81249377866625,
31.6));
#13028=CARTESIAN_POINT('Ctrl Pts',(-9.64727269658177,-9.81249377866625,
32.1));
#13029=CARTESIAN_POINT('',(-10.0949193740758,-9.91873488565325,31.6));
#13030=CARTESIAN_POINT('Ctrl Pts',(-9.64727269658177,-9.81249377866625,
31.6));
#13031=CARTESIAN_POINT('Ctrl Pts',(-9.73704988057315,-9.81389139841112,
31.6));
#13032=CARTESIAN_POINT('Ctrl Pts',(-9.89483650692485,-9.81634776532598,
31.6));
#13033=CARTESIAN_POINT('Ctrl Pts',(-10.0346547100433,-9.8878960362523,31.6));
#13034=CARTESIAN_POINT('Ctrl Pts',(-10.0949193740758,-9.91873488565325,
31.6));
#13035=CARTESIAN_POINT('',(-10.0949193740758,-9.91873488565325,32.1));
#13036=CARTESIAN_POINT('Ctrl Pts',(-10.0949193740758,-9.91873488565325,
32.1));
#13037=CARTESIAN_POINT('Ctrl Pts',(-10.0346547100433,-9.8878960362523,32.1));
#13038=CARTESIAN_POINT('Ctrl Pts',(-9.89483650692485,-9.81634776532598,
32.1));
#13039=CARTESIAN_POINT('Ctrl Pts',(-9.73704988057315,-9.81389139841112,
32.1));
#13040=CARTESIAN_POINT('Ctrl Pts',(-9.64727269658177,-9.81249377866625,
32.1));
#13041=CARTESIAN_POINT('',(-10.0949193740758,-9.91873488565325,31.6));
#13042=CARTESIAN_POINT('Ctrl Pts',(-10.3085960651311,-10.2947579397762,
31.6));
#13043=CARTESIAN_POINT('Ctrl Pts',(-10.3085960651311,-10.2947579397762,
32.1));
#13044=CARTESIAN_POINT('Ctrl Pts',(-10.2858857977228,-10.2145089144458,
31.6));
#13045=CARTESIAN_POINT('Ctrl Pts',(-10.2858857977228,-10.2145089144458,
32.1));
#13046=CARTESIAN_POINT('Ctrl Pts',(-10.2452593564558,-10.0709512779068,
31.6));
#13047=CARTESIAN_POINT('Ctrl Pts',(-10.2452593564558,-10.0709512779068,
32.1));
#13048=CARTESIAN_POINT('Ctrl Pts',(-10.1409288879392,-9.96531864932512,
31.6));
#13049=CARTESIAN_POINT('Ctrl Pts',(-10.1409288879392,-9.96531864932512,
32.1));
#13050=CARTESIAN_POINT('Ctrl Pts',(-10.0949193740758,-9.91873488565325,
31.6));
#13051=CARTESIAN_POINT('Ctrl Pts',(-10.0949193740758,-9.91873488565325,
32.1));
#13052=CARTESIAN_POINT('',(-10.3085960651311,-10.2947579397762,31.6));
#13053=CARTESIAN_POINT('Ctrl Pts',(-10.0949193740758,-9.91873488565325,
31.6));
#13054=CARTESIAN_POINT('Ctrl Pts',(-10.1409288879392,-9.96531864932512,
31.6));
#13055=CARTESIAN_POINT('Ctrl Pts',(-10.2452593564558,-10.0709512779068,
31.6));
#13056=CARTESIAN_POINT('Ctrl Pts',(-10.2858857977228,-10.2145089144458,
31.6));
#13057=CARTESIAN_POINT('Ctrl Pts',(-10.3085960651311,-10.2947579397762,
31.6));
#13058=CARTESIAN_POINT('',(-10.3085960651311,-10.2947579397762,32.1));
#13059=CARTESIAN_POINT('Ctrl Pts',(-10.3085960651311,-10.2947579397762,
32.1));
#13060=CARTESIAN_POINT('Ctrl Pts',(-10.2858857977228,-10.2145089144458,
32.1));
#13061=CARTESIAN_POINT('Ctrl Pts',(-10.2452593564558,-10.0709512779068,
32.1));
#13062=CARTESIAN_POINT('Ctrl Pts',(-10.1409288879392,-9.96531864932512,
32.1));
#13063=CARTESIAN_POINT('Ctrl Pts',(-10.0949193740758,-9.91873488565325,
32.1));
#13064=CARTESIAN_POINT('',(-10.3085960651311,-10.2947579397762,31.6));
#13065=CARTESIAN_POINT('Origin',(-10.7287870551023,-10.2374593987071,31.6));
#13066=CARTESIAN_POINT('',(-10.7287870551023,-10.2374593987071,31.6));
#13067=CARTESIAN_POINT('',(-10.3085960651311,-10.2947579397762,31.6));
#13068=CARTESIAN_POINT('',(-10.7287870551023,-10.2374593987071,32.1));
#13069=CARTESIAN_POINT('',(-10.3085960651311,-10.2947579397762,32.1));
#13070=CARTESIAN_POINT('',(-10.7287870551023,-10.2374593987071,31.6));
#13071=CARTESIAN_POINT('Ctrl Pts',(-10.5401785875234,-9.80175004144549,
31.6));
#13072=CARTESIAN_POINT('Ctrl Pts',(-10.5401785875234,-9.80175004144549,
32.1));
#13073=CARTESIAN_POINT('Ctrl Pts',(-10.5814078332147,-9.86410954961258,
31.6));
#13074=CARTESIAN_POINT('Ctrl Pts',(-10.5814078332147,-9.86410954961258,
32.1));
#13075=CARTESIAN_POINT('Ctrl Pts',(-10.669929885749,-9.99799974249408,31.6));
#13076=CARTESIAN_POINT('Ctrl Pts',(-10.669929885749,-9.99799974249408,32.1));
#13077=CARTESIAN_POINT('Ctrl Pts',(-10.7082920904547,-10.1540758917781,
31.6));
#13078=CARTESIAN_POINT('Ctrl Pts',(-10.7082920904547,-10.1540758917781,
32.1));
#13079=CARTESIAN_POINT('Ctrl Pts',(-10.7287870551023,-10.2374593987071,
31.6));
#13080=CARTESIAN_POINT('Ctrl Pts',(-10.7287870551023,-10.2374593987071,
32.1));
#13081=CARTESIAN_POINT('',(-10.5401785875234,-9.80175004144549,31.6));
#13082=CARTESIAN_POINT('Ctrl Pts',(-10.7287870551023,-10.2374593987071,
31.6));
#13083=CARTESIAN_POINT('Ctrl Pts',(-10.7082920904547,-10.1540758917781,
31.6));
#13084=CARTESIAN_POINT('Ctrl Pts',(-10.669929885749,-9.99799974249408,31.6));
#13085=CARTESIAN_POINT('Ctrl Pts',(-10.5814078332147,-9.86410954961258,
31.6));
#13086=CARTESIAN_POINT('Ctrl Pts',(-10.5401785875234,-9.80175004144549,
31.6));
#13087=CARTESIAN_POINT('',(-10.5401785875234,-9.80175004144549,32.1));
#13088=CARTESIAN_POINT('Ctrl Pts',(-10.5401785875234,-9.80175004144549,
32.1));
#13089=CARTESIAN_POINT('Ctrl Pts',(-10.5814078332147,-9.86410954961258,
32.1));
#13090=CARTESIAN_POINT('Ctrl Pts',(-10.669929885749,-9.99799974249408,32.1));
#13091=CARTESIAN_POINT('Ctrl Pts',(-10.7082920904547,-10.1540758917781,
32.1));
#13092=CARTESIAN_POINT('Ctrl Pts',(-10.7287870551023,-10.2374593987071,
32.1));
#13093=CARTESIAN_POINT('',(-10.5401785875234,-9.80175004144549,31.6));
#13094=CARTESIAN_POINT('Ctrl Pts',(-10.1605741883191,-9.54629287858843,
31.6));
#13095=CARTESIAN_POINT('Ctrl Pts',(-10.1605741883191,-9.54629287858843,
32.1));
#13096=CARTESIAN_POINT('Ctrl Pts',(-10.2369958183313,-9.5775309179502,31.6));
#13097=CARTESIAN_POINT('Ctrl Pts',(-10.2369958183313,-9.5775309179502,32.1));
#13098=CARTESIAN_POINT('Ctrl Pts',(-10.3814204364917,-9.63656579990947,
31.6));
#13099=CARTESIAN_POINT('Ctrl Pts',(-10.3814204364917,-9.63656579990947,
32.1));
#13100=CARTESIAN_POINT('Ctrl Pts',(-10.4893564328579,-9.74887074663703,
31.6));
#13101=CARTESIAN_POINT('Ctrl Pts',(-10.4893564328579,-9.74887074663703,
32.1));
#13102=CARTESIAN_POINT('Ctrl Pts',(-10.5401785875234,-9.80175004144549,
31.6));
#13103=CARTESIAN_POINT('Ctrl Pts',(-10.5401785875234,-9.80175004144549,
32.1));
#13104=CARTESIAN_POINT('',(-10.1605741883191,-9.54629287858843,31.6));
#13105=CARTESIAN_POINT('Ctrl Pts',(-10.5401785875234,-9.80175004144549,
31.6));
#13106=CARTESIAN_POINT('Ctrl Pts',(-10.4893564328579,-9.74887074663703,
31.6));
#13107=CARTESIAN_POINT('Ctrl Pts',(-10.3814204364917,-9.63656579990947,
31.6));
#13108=CARTESIAN_POINT('Ctrl Pts',(-10.2369958183313,-9.5775309179502,31.6));
#13109=CARTESIAN_POINT('Ctrl Pts',(-10.1605741883191,-9.54629287858843,
31.6));
#13110=CARTESIAN_POINT('',(-10.1605741883191,-9.54629287858843,32.1));
#13111=CARTESIAN_POINT('Ctrl Pts',(-10.1605741883191,-9.54629287858843,
32.1));
#13112=CARTESIAN_POINT('Ctrl Pts',(-10.2369958183313,-9.5775309179502,32.1));
#13113=CARTESIAN_POINT('Ctrl Pts',(-10.3814204364917,-9.63656579990947,
32.1));
#13114=CARTESIAN_POINT('Ctrl Pts',(-10.4893564328579,-9.74887074663703,
32.1));
#13115=CARTESIAN_POINT('Ctrl Pts',(-10.5401785875234,-9.80175004144549,
32.1));
#13116=CARTESIAN_POINT('',(-10.1605741883191,-9.54629287858843,31.6));
#13117=CARTESIAN_POINT('Ctrl Pts',(-9.58519922741978,-9.45676372190356,
31.6));
#13118=CARTESIAN_POINT('Ctrl Pts',(-9.58519922741978,-9.45676372190356,
32.1));
#13119=CARTESIAN_POINT('Ctrl Pts',(-9.68840125086392,-9.45960840572808,
31.6));
#13120=CARTESIAN_POINT('Ctrl Pts',(-9.68840125086392,-9.45960840572808,
32.1));
#13121=CARTESIAN_POINT('Ctrl Pts',(-9.88411565974477,-9.46500312178684,
31.6));
#13122=CARTESIAN_POINT('Ctrl Pts',(-9.88411565974477,-9.46500312178684,
32.1));
#13123=CARTESIAN_POINT('Ctrl Pts',(-10.0718390725805,-9.52020124012334,
31.6));
#13124=CARTESIAN_POINT('Ctrl Pts',(-10.0718390725805,-9.52020124012334,
32.1));
#13125=CARTESIAN_POINT('Ctrl Pts',(-10.1605741883191,-9.54629287858843,
31.6));
#13126=CARTESIAN_POINT('Ctrl Pts',(-10.1605741883191,-9.54629287858843,
32.1));
#13127=CARTESIAN_POINT('',(-9.58519922741978,-9.45676372190356,31.6));
#13128=CARTESIAN_POINT('Ctrl Pts',(-10.1605741883191,-9.54629287858843,
31.6));
#13129=CARTESIAN_POINT('Ctrl Pts',(-10.0718390725805,-9.52020124012334,
31.6));
#13130=CARTESIAN_POINT('Ctrl Pts',(-9.88411565974477,-9.46500312178684,
31.6));
#13131=CARTESIAN_POINT('Ctrl Pts',(-9.68840125086392,-9.45960840572808,
31.6));
#13132=CARTESIAN_POINT('Ctrl Pts',(-9.58519922741978,-9.45676372190356,
31.6));
#13133=CARTESIAN_POINT('',(-9.58519922741978,-9.45676372190356,32.1));
#13134=CARTESIAN_POINT('Ctrl Pts',(-9.58519922741978,-9.45676372190356,
32.1));
#13135=CARTESIAN_POINT('Ctrl Pts',(-9.68840125086392,-9.45960840572808,
32.1));
#13136=CARTESIAN_POINT('Ctrl Pts',(-9.88411565974477,-9.46500312178684,
32.1));
#13137=CARTESIAN_POINT('Ctrl Pts',(-10.0718390725805,-9.52020124012334,
32.1));
#13138=CARTESIAN_POINT('Ctrl Pts',(-10.1605741883191,-9.54629287858843,
32.1));
#13139=CARTESIAN_POINT('',(-9.58519922741978,-9.45676372190356,31.6));
#13140=CARTESIAN_POINT('Ctrl Pts',(-9.05757295140355,-9.53316197534442,
31.6));
#13141=CARTESIAN_POINT('Ctrl Pts',(-9.05757295140355,-9.53316197534442,
32.1));
#13142=CARTESIAN_POINT('Ctrl Pts',(-9.13488301666879,-9.51093900624719,
31.6));
#13143=CARTESIAN_POINT('Ctrl Pts',(-9.13488301666879,-9.51093900624719,
32.1));
#13144=CARTESIAN_POINT('Ctrl Pts',(-9.30705864561895,-9.46144669669697,
31.6));
#13145=CARTESIAN_POINT('Ctrl Pts',(-9.30705864561895,-9.46144669669697,
32.1));
#13146=CARTESIAN_POINT('Ctrl Pts',(-9.48639063981643,-9.45842733431899,
31.6));
#13147=CARTESIAN_POINT('Ctrl Pts',(-9.48639063981643,-9.45842733431899,
32.1));
#13148=CARTESIAN_POINT('Ctrl Pts',(-9.58519922741978,-9.45676372190356,
31.6));
#13149=CARTESIAN_POINT('Ctrl Pts',(-9.58519922741978,-9.45676372190356,
32.1));
#13150=CARTESIAN_POINT('',(-9.05757295140355,-9.53316197534442,31.6));
#13151=CARTESIAN_POINT('Ctrl Pts',(-9.58519922741978,-9.45676372190356,
31.6));
#13152=CARTESIAN_POINT('Ctrl Pts',(-9.48639063981643,-9.45842733431899,
31.6));
#13153=CARTESIAN_POINT('Ctrl Pts',(-9.30705864561895,-9.46144669669697,
31.6));
#13154=CARTESIAN_POINT('Ctrl Pts',(-9.13488301666879,-9.51093900624719,
31.6));
#13155=CARTESIAN_POINT('Ctrl Pts',(-9.05757295140355,-9.53316197534442,
31.6));
#13156=CARTESIAN_POINT('',(-9.05757295140355,-9.53316197534442,32.1));
#13157=CARTESIAN_POINT('Ctrl Pts',(-9.05757295140355,-9.53316197534442,
32.1));
#13158=CARTESIAN_POINT('Ctrl Pts',(-9.13488301666879,-9.51093900624719,
32.1));
#13159=CARTESIAN_POINT('Ctrl Pts',(-9.30705864561895,-9.46144669669697,
32.1));
#13160=CARTESIAN_POINT('Ctrl Pts',(-9.48639063981643,-9.45842733431899,
32.1));
#13161=CARTESIAN_POINT('Ctrl Pts',(-9.58519922741978,-9.45676372190356,
32.1));
#13162=CARTESIAN_POINT('',(-9.05757295140355,-9.53316197534442,31.6));
#13163=CARTESIAN_POINT('Ctrl Pts',(-8.75914143570988,-9.72535178800463,
31.6));
#13164=CARTESIAN_POINT('Ctrl Pts',(-8.75914143570988,-9.72535178800463,
32.1));
#13165=CARTESIAN_POINT('Ctrl Pts',(-8.79819428102204,-9.68741865725431,
31.6));
#13166=CARTESIAN_POINT('Ctrl Pts',(-8.79819428102204,-9.68741865725431,
32.1));
#13167=CARTESIAN_POINT('Ctrl Pts',(-8.88455548042342,-9.60353358710225,
31.6));
#13168=CARTESIAN_POINT('Ctrl Pts',(-8.88455548042342,-9.60353358710225,
32.1));
#13169=CARTESIAN_POINT('Ctrl Pts',(-8.99633857478595,-9.55806790971715,
31.6));
#13170=CARTESIAN_POINT('Ctrl Pts',(-8.99633857478595,-9.55806790971715,
32.1));
#13171=CARTESIAN_POINT('Ctrl Pts',(-9.05757295140355,-9.53316197534442,
31.6));
#13172=CARTESIAN_POINT('Ctrl Pts',(-9.05757295140355,-9.53316197534442,
32.1));
#13173=CARTESIAN_POINT('',(-8.75914143570988,-9.72535178800463,31.6));
#13174=CARTESIAN_POINT('Ctrl Pts',(-9.05757295140355,-9.53316197534442,
31.6));
#13175=CARTESIAN_POINT('Ctrl Pts',(-8.99633857478595,-9.55806790971715,
31.6));
#13176=CARTESIAN_POINT('Ctrl Pts',(-8.88455548042342,-9.60353358710225,
31.6));
#13177=CARTESIAN_POINT('Ctrl Pts',(-8.79819428102204,-9.68741865725431,
31.6));
#13178=CARTESIAN_POINT('Ctrl Pts',(-8.75914143570988,-9.72535178800463,
31.6));
#13179=CARTESIAN_POINT('',(-8.75914143570988,-9.72535178800463,32.1));
#13180=CARTESIAN_POINT('Ctrl Pts',(-8.75914143570988,-9.72535178800463,
32.1));
#13181=CARTESIAN_POINT('Ctrl Pts',(-8.79819428102204,-9.68741865725431,
32.1));
#13182=CARTESIAN_POINT('Ctrl Pts',(-8.88455548042342,-9.60353358710225,
32.1));
#13183=CARTESIAN_POINT('Ctrl Pts',(-8.99633857478595,-9.55806790971715,
32.1));
#13184=CARTESIAN_POINT('Ctrl Pts',(-9.05757295140355,-9.53316197534442,
32.1));
#13185=CARTESIAN_POINT('',(-8.75914143570988,-9.72535178800463,31.6));
#13186=CARTESIAN_POINT('Ctrl Pts',(-8.6254446412,-10.0178144945705,31.6));
#13187=CARTESIAN_POINT('Ctrl Pts',(-8.6254446412,-10.0178144945705,32.1));
#13188=CARTESIAN_POINT('Ctrl Pts',(-8.63972923833979,-9.96250112844844,
31.6));
#13189=CARTESIAN_POINT('Ctrl Pts',(-8.63972923833979,-9.96250112844844,
32.1));
#13190=CARTESIAN_POINT('Ctrl Pts',(-8.66698089879433,-9.85697620132555,
31.6));
#13191=CARTESIAN_POINT('Ctrl Pts',(-8.66698089879433,-9.85697620132555,
32.1));
#13192=CARTESIAN_POINT('Ctrl Pts',(-8.72942762569043,-9.7677892882866,31.6));
#13193=CARTESIAN_POINT('Ctrl Pts',(-8.72942762569043,-9.7677892882866,32.1));
#13194=CARTESIAN_POINT('Ctrl Pts',(-8.75914143570988,-9.72535178800463,
31.6));
#13195=CARTESIAN_POINT('Ctrl Pts',(-8.75914143570988,-9.72535178800463,
32.1));
#13196=CARTESIAN_POINT('',(-8.6254446412,-10.0178144945705,31.6));
#13197=CARTESIAN_POINT('Ctrl Pts',(-8.75914143570988,-9.72535178800463,
31.6));
#13198=CARTESIAN_POINT('Ctrl Pts',(-8.72942762569043,-9.7677892882866,31.6));
#13199=CARTESIAN_POINT('Ctrl Pts',(-8.66698089879433,-9.85697620132555,
31.6));
#13200=CARTESIAN_POINT('Ctrl Pts',(-8.63972923833979,-9.96250112844844,
31.6));
#13201=CARTESIAN_POINT('Ctrl Pts',(-8.6254446412,-10.0178144945705,31.6));
#13202=CARTESIAN_POINT('',(-8.6254446412,-10.0178144945705,32.1));
#13203=CARTESIAN_POINT('Ctrl Pts',(-8.6254446412,-10.0178144945705,32.1));
#13204=CARTESIAN_POINT('Ctrl Pts',(-8.63972923833979,-9.96250112844844,
32.1));
#13205=CARTESIAN_POINT('Ctrl Pts',(-8.66698089879433,-9.85697620132555,
32.1));
#13206=CARTESIAN_POINT('Ctrl Pts',(-8.72942762569043,-9.7677892882866,32.1));
#13207=CARTESIAN_POINT('Ctrl Pts',(-8.75914143570988,-9.72535178800463,
32.1));
#13208=CARTESIAN_POINT('',(-8.6254446412,-10.0178144945705,31.6));
#13209=CARTESIAN_POINT('Ctrl Pts',(-8.60395716675847,-10.4141305460536,
31.6));
#13210=CARTESIAN_POINT('Ctrl Pts',(-8.60395716675847,-10.4141305460536,
32.1));
#13211=CARTESIAN_POINT('Ctrl Pts',(-8.60372830482904,-10.3332272855739,
31.6));
#13212=CARTESIAN_POINT('Ctrl Pts',(-8.60372830482904,-10.3332272855739,
32.1));
#13213=CARTESIAN_POINT('Ctrl Pts',(-8.60335325087559,-10.2006447815023,
31.6));
#13214=CARTESIAN_POINT('Ctrl Pts',(-8.60335325087559,-10.2006447815023,
32.1));
#13215=CARTESIAN_POINT('Ctrl Pts',(-8.61924874673825,-10.0690922614111,
31.6));
#13216=CARTESIAN_POINT('Ctrl Pts',(-8.61924874673825,-10.0690922614111,
32.1));
#13217=CARTESIAN_POINT('Ctrl Pts',(-8.6254446412,-10.0178144945705,31.6));
#13218=CARTESIAN_POINT('Ctrl Pts',(-8.6254446412,-10.0178144945705,32.1));
#13219=CARTESIAN_POINT('',(-8.60395716675847,-10.4141305460536,31.6));
#13220=CARTESIAN_POINT('Ctrl Pts',(-8.6254446412,-10.0178144945705,31.6));
#13221=CARTESIAN_POINT('Ctrl Pts',(-8.61924874673825,-10.0690922614111,
31.6));
#13222=CARTESIAN_POINT('Ctrl Pts',(-8.60335325087559,-10.2006447815023,
31.6));
#13223=CARTESIAN_POINT('Ctrl Pts',(-8.60372830482904,-10.3332272855739,
31.6));
#13224=CARTESIAN_POINT('Ctrl Pts',(-8.60395716675847,-10.4141305460536,
31.6));
#13225=CARTESIAN_POINT('',(-8.60395716675847,-10.4141305460536,32.1));
#13226=CARTESIAN_POINT('Ctrl Pts',(-8.60395716675847,-10.4141305460536,
32.1));
#13227=CARTESIAN_POINT('Ctrl Pts',(-8.60372830482904,-10.3332272855739,
32.1));
#13228=CARTESIAN_POINT('Ctrl Pts',(-8.60335325087559,-10.2006447815023,
32.1));
#13229=CARTESIAN_POINT('Ctrl Pts',(-8.61924874673825,-10.0690922614111,
32.1));
#13230=CARTESIAN_POINT('Ctrl Pts',(-8.6254446412,-10.0178144945705,32.1));
#13231=CARTESIAN_POINT('',(-8.60395716675847,-10.4141305460536,31.6));
#13232=CARTESIAN_POINT('Origin',(-8.60395716675847,-10.9871183409297,31.6));
#13233=CARTESIAN_POINT('',(-8.60395716675847,-10.9871183409297,31.6));
#13234=CARTESIAN_POINT('',(-8.60395716675847,-10.4141305460536,31.6));
#13235=CARTESIAN_POINT('',(-8.60395716675847,-10.9871183409297,32.1));
#13236=CARTESIAN_POINT('',(-8.60395716675847,-10.4141305460536,32.1));
#13237=CARTESIAN_POINT('',(-8.60395716675847,-10.9871183409297,31.6));
#13238=CARTESIAN_POINT('Ctrl Pts',(-8.57650207528203,-11.7451332583034,
31.6));
#13239=CARTESIAN_POINT('Ctrl Pts',(-8.57650207528203,-11.7451332583034,
32.1));
#13240=CARTESIAN_POINT('Ctrl Pts',(-8.58436132863878,-11.6555496194858,
31.6));
#13241=CARTESIAN_POINT('Ctrl Pts',(-8.58436132863878,-11.6555496194858,
32.1));
#13242=CARTESIAN_POINT('Ctrl Pts',(-8.60647696082832,-11.4034647564131,
31.6));
#13243=CARTESIAN_POINT('Ctrl Pts',(-8.60647696082832,-11.4034647564131,
32.1));
#13244=CARTESIAN_POINT('Ctrl Pts',(-8.60494482561567,-11.1503095436697,
31.6));
#13245=CARTESIAN_POINT('Ctrl Pts',(-8.60494482561567,-11.1503095436697,
32.1));
#13246=CARTESIAN_POINT('Ctrl Pts',(-8.60395716675847,-10.9871183409297,
31.6));
#13247=CARTESIAN_POINT('Ctrl Pts',(-8.60395716675847,-10.9871183409297,
32.1));
#13248=CARTESIAN_POINT('',(-8.57650207528203,-11.7451332583034,31.6));
#13249=CARTESIAN_POINT('Ctrl Pts',(-8.60395716675847,-10.9871183409297,
31.6));
#13250=CARTESIAN_POINT('Ctrl Pts',(-8.60494482561567,-11.1503095436697,
31.6));
#13251=CARTESIAN_POINT('Ctrl Pts',(-8.60647696082832,-11.4034647564131,
31.6));
#13252=CARTESIAN_POINT('Ctrl Pts',(-8.58436132863878,-11.6555496194858,
31.6));
#13253=CARTESIAN_POINT('Ctrl Pts',(-8.57650207528203,-11.7451332583034,
31.6));
#13254=CARTESIAN_POINT('',(-8.57650207528203,-11.7451332583034,32.1));
#13255=CARTESIAN_POINT('Ctrl Pts',(-8.57650207528203,-11.7451332583034,
32.1));
#13256=CARTESIAN_POINT('Ctrl Pts',(-8.58436132863878,-11.6555496194858,
32.1));
#13257=CARTESIAN_POINT('Ctrl Pts',(-8.60647696082832,-11.4034647564131,
32.1));
#13258=CARTESIAN_POINT('Ctrl Pts',(-8.60494482561567,-11.1503095436697,
32.1));
#13259=CARTESIAN_POINT('Ctrl Pts',(-8.60395716675847,-10.9871183409297,
32.1));
#13260=CARTESIAN_POINT('',(-8.57650207528203,-11.7451332583034,31.6));
#13261=CARTESIAN_POINT('Ctrl Pts',(-8.46787261017888,-12.0495329870784,
31.6));
#13262=CARTESIAN_POINT('Ctrl Pts',(-8.46787261017888,-12.0495329870784,
32.1));
#13263=CARTESIAN_POINT('Ctrl Pts',(-8.49265126610561,-12.0006763156377,
31.6));
#13264=CARTESIAN_POINT('Ctrl Pts',(-8.49265126610561,-12.0006763156377,
32.1));
#13265=CARTESIAN_POINT('Ctrl Pts',(-8.541779481118,-11.9038090333111,31.6));
#13266=CARTESIAN_POINT('Ctrl Pts',(-8.541779481118,-11.9038090333111,32.1));
#13267=CARTESIAN_POINT('Ctrl Pts',(-8.56499546843958,-11.7977163040807,
31.6));
#13268=CARTESIAN_POINT('Ctrl Pts',(-8.56499546843958,-11.7977163040807,
32.1));
#13269=CARTESIAN_POINT('Ctrl Pts',(-8.57650207528203,-11.7451332583034,
31.6));
#13270=CARTESIAN_POINT('Ctrl Pts',(-8.57650207528203,-11.7451332583034,
32.1));
#13271=CARTESIAN_POINT('',(-8.46787261017888,-12.0495329870784,31.6));
#13272=CARTESIAN_POINT('Ctrl Pts',(-8.57650207528203,-11.7451332583034,
31.6));
#13273=CARTESIAN_POINT('Ctrl Pts',(-8.56499546843958,-11.7977163040807,
31.6));
#13274=CARTESIAN_POINT('Ctrl Pts',(-8.541779481118,-11.9038090333111,31.6));
#13275=CARTESIAN_POINT('Ctrl Pts',(-8.49265126610561,-12.0006763156377,
31.6));
#13276=CARTESIAN_POINT('Ctrl Pts',(-8.46787261017888,-12.0495329870784,
31.6));
#13277=CARTESIAN_POINT('',(-8.46787261017888,-12.0495329870784,32.1));
#13278=CARTESIAN_POINT('Ctrl Pts',(-8.46787261017888,-12.0495329870784,
32.1));
#13279=CARTESIAN_POINT('Ctrl Pts',(-8.49265126610561,-12.0006763156377,
32.1));
#13280=CARTESIAN_POINT('Ctrl Pts',(-8.541779481118,-11.9038090333111,32.1));
#13281=CARTESIAN_POINT('Ctrl Pts',(-8.56499546843958,-11.7977163040807,
32.1));
#13282=CARTESIAN_POINT('Ctrl Pts',(-8.57650207528203,-11.7451332583034,
32.1));
#13283=CARTESIAN_POINT('',(-8.46787261017888,-12.0495329870784,31.6));
#13284=CARTESIAN_POINT('Origin',(-8.916713466731,-12.0495329870784,31.6));
#13285=CARTESIAN_POINT('',(-8.916713466731,-12.0495329870784,31.6));
#13286=CARTESIAN_POINT('',(-8.46787261017888,-12.0495329870784,31.6));
#13287=CARTESIAN_POINT('',(-8.916713466731,-12.0495329870784,32.1));
#13288=CARTESIAN_POINT('',(-8.46787261017888,-12.0495329870784,32.1));
#13289=CARTESIAN_POINT('',(-8.916713466731,-12.0495329870784,31.6));
#13290=CARTESIAN_POINT('Ctrl Pts',(-9.00266157635777,-11.7367772831523,
31.6));
#13291=CARTESIAN_POINT('Ctrl Pts',(-9.00266157635777,-11.7367772831523,
32.1));
#13292=CARTESIAN_POINT('Ctrl Pts',(-8.99487867571908,-11.7933994759317,
31.6));
#13293=CARTESIAN_POINT('Ctrl Pts',(-8.99487867571908,-11.7933994759317,
32.1));
#13294=CARTESIAN_POINT('Ctrl Pts',(-8.98001931952308,-11.9015043291435,
31.6));
#13295=CARTESIAN_POINT('Ctrl Pts',(-8.98001931952308,-11.9015043291435,
32.1));
#13296=CARTESIAN_POINT('Ctrl Pts',(-8.93713582715417,-12.0017791938354,
31.6));
#13297=CARTESIAN_POINT('Ctrl Pts',(-8.93713582715417,-12.0017791938354,
32.1));
#13298=CARTESIAN_POINT('Ctrl Pts',(-8.916713466731,-12.0495329870784,31.6));
#13299=CARTESIAN_POINT('Ctrl Pts',(-8.916713466731,-12.0495329870784,32.1));
#13300=CARTESIAN_POINT('Ctrl Pts',(-8.916713466731,-12.0495329870784,31.6));
#13301=CARTESIAN_POINT('Ctrl Pts',(-8.93713582715417,-12.0017791938354,
31.6));
#13302=CARTESIAN_POINT('Ctrl Pts',(-8.98001931952308,-11.9015043291435,
31.6));
#13303=CARTESIAN_POINT('Ctrl Pts',(-8.99487867571908,-11.7933994759317,
31.6));
#13304=CARTESIAN_POINT('Ctrl Pts',(-9.00266157635777,-11.7367772831523,
31.6));
#13305=CARTESIAN_POINT('Ctrl Pts',(-9.00266157635777,-11.7367772831523,
32.1));
#13306=CARTESIAN_POINT('Ctrl Pts',(-8.99487867571908,-11.7933994759317,
32.1));
#13307=CARTESIAN_POINT('Ctrl Pts',(-8.98001931952308,-11.9015043291435,
32.1));
#13308=CARTESIAN_POINT('Ctrl Pts',(-8.93713582715417,-12.0017791938354,
32.1));
#13309=CARTESIAN_POINT('Ctrl Pts',(-8.916713466731,-12.0495329870784,32.1));
#13310=CARTESIAN_POINT('Origin',(0.119780132683824,-10.7841853870952,32.1));
#13311=CARTESIAN_POINT('Origin',(0.119780132683824,-10.7841853870952,31.6));
#13312=CARTESIAN_POINT('Origin',(-23.8350050062895,-18.9874134041183,31.6));
#13313=CARTESIAN_POINT('',(-23.8696549729938,-22.9872633833856,31.6));
#13314=CARTESIAN_POINT('',(-23.8350050062895,-18.9874134041183,31.6));
#13315=CARTESIAN_POINT('',(-23.8696549729938,-22.9872633833856,31.6));
#13316=CARTESIAN_POINT('',(-23.8696549729938,-22.9872633833856,32.1));
#13317=CARTESIAN_POINT('',(-23.8696549729938,-22.9872633833856,31.6));
#13318=CARTESIAN_POINT('',(-23.8350050062895,-18.9874134041183,32.1));
#13319=CARTESIAN_POINT('',(-23.8696549729938,-22.9872633833856,32.1));
#13320=CARTESIAN_POINT('',(-23.8350050062895,-18.9874134041183,31.6));
#13321=CARTESIAN_POINT('Origin',(-23.343891144443,-18.9916678334217,31.6));
#13322=CARTESIAN_POINT('',(-23.343891144443,-18.9916678334217,31.6));
#13323=CARTESIAN_POINT('',(-23.8350050062895,-18.9874134041183,31.6));
#13324=CARTESIAN_POINT('',(-23.343891144443,-18.9916678334217,32.1));
#13325=CARTESIAN_POINT('',(-23.8350050062895,-18.9874134041183,32.1));
#13326=CARTESIAN_POINT('',(-23.343891144443,-18.9916678334217,31.6));
#13327=CARTESIAN_POINT('Origin',(-23.3563235340317,-20.4268118744815,31.6));
#13328=CARTESIAN_POINT('',(-23.3563235340317,-20.4268118744815,31.6));
#13329=CARTESIAN_POINT('',(-23.343891144443,-18.9916678334217,31.6));
#13330=CARTESIAN_POINT('',(-23.3563235340317,-20.4268118744815,32.1));
#13331=CARTESIAN_POINT('',(-23.343891144443,-18.9916678334217,32.1));
#13332=CARTESIAN_POINT('',(-23.3563235340317,-20.4268118744815,31.6));
#13333=CARTESIAN_POINT('Ctrl Pts',(-22.4852380757593,-20.035980105875,31.6));
#13334=CARTESIAN_POINT('Ctrl Pts',(-22.4852380757593,-20.035980105875,32.1));
#13335=CARTESIAN_POINT('Ctrl Pts',(-22.6525705096874,-20.0512139395607,
31.6));
#13336=CARTESIAN_POINT('Ctrl Pts',(-22.6525705096874,-20.0512139395607,
32.1));
#13337=CARTESIAN_POINT('Ctrl Pts',(-22.9876617797288,-20.081720426304,31.6));
#13338=CARTESIAN_POINT('Ctrl Pts',(-22.9876617797288,-20.081720426304,32.1));
#13339=CARTESIAN_POINT('Ctrl Pts',(-23.2333320778017,-20.3116838492701,
31.6));
#13340=CARTESIAN_POINT('Ctrl Pts',(-23.2333320778017,-20.3116838492701,
32.1));
#13341=CARTESIAN_POINT('Ctrl Pts',(-23.3563235340317,-20.4268118744814,
31.6));
#13342=CARTESIAN_POINT('Ctrl Pts',(-23.3563235340317,-20.4268118744814,
32.1));
#13343=CARTESIAN_POINT('',(-22.4852380757593,-20.035980105875,31.6));
#13344=CARTESIAN_POINT('Ctrl Pts',(-23.3563235340317,-20.4268118744814,
31.6));
#13345=CARTESIAN_POINT('Ctrl Pts',(-23.2333320778017,-20.3116838492701,
31.6));
#13346=CARTESIAN_POINT('Ctrl Pts',(-22.9876617797288,-20.081720426304,31.6));
#13347=CARTESIAN_POINT('Ctrl Pts',(-22.6525705096874,-20.0512139395607,
31.6));
#13348=CARTESIAN_POINT('Ctrl Pts',(-22.4852380757593,-20.035980105875,31.6));
#13349=CARTESIAN_POINT('',(-22.4852380757593,-20.035980105875,32.1));
#13350=CARTESIAN_POINT('Ctrl Pts',(-22.4852380757593,-20.035980105875,32.1));
#13351=CARTESIAN_POINT('Ctrl Pts',(-22.6525705096874,-20.0512139395607,
32.1));
#13352=CARTESIAN_POINT('Ctrl Pts',(-22.9876617797288,-20.081720426304,32.1));
#13353=CARTESIAN_POINT('Ctrl Pts',(-23.2333320778017,-20.3116838492701,
32.1));
#13354=CARTESIAN_POINT('Ctrl Pts',(-23.3563235340317,-20.4268118744814,
32.1));
#13355=CARTESIAN_POINT('',(-22.4852380757593,-20.035980105875,31.6));
#13356=CARTESIAN_POINT('Ctrl Pts',(-21.9270130874185,-20.1676966041169,
31.6));
#13357=CARTESIAN_POINT('Ctrl Pts',(-21.9270130874185,-20.1676966041169,
32.1));
#13358=CARTESIAN_POINT('Ctrl Pts',(-22.0116386700647,-20.1299786518993,
31.6));
#13359=CARTESIAN_POINT('Ctrl Pts',(-22.0116386700647,-20.1299786518993,
32.1));
#13360=CARTESIAN_POINT('Ctrl Pts',(-22.1891849760447,-20.0508455709095,
31.6));
#13361=CARTESIAN_POINT('Ctrl Pts',(-22.1891849760447,-20.0508455709095,
32.1));
#13362=CARTESIAN_POINT('Ctrl Pts',(-22.383527089986,-20.0410872339682,31.6));
#13363=CARTESIAN_POINT('Ctrl Pts',(-22.383527089986,-20.0410872339682,32.1));
#13364=CARTESIAN_POINT('Ctrl Pts',(-22.4852380757593,-20.035980105875,31.6));
#13365=CARTESIAN_POINT('Ctrl Pts',(-22.4852380757593,-20.035980105875,32.1));
#13366=CARTESIAN_POINT('',(-21.9270130874185,-20.1676966041169,31.6));
#13367=CARTESIAN_POINT('Ctrl Pts',(-22.4852380757593,-20.035980105875,31.6));
#13368=CARTESIAN_POINT('Ctrl Pts',(-22.383527089986,-20.0410872339682,31.6));
#13369=CARTESIAN_POINT('Ctrl Pts',(-22.1891849760447,-20.0508455709095,
31.6));
#13370=CARTESIAN_POINT('Ctrl Pts',(-22.0116386700647,-20.1299786518993,
31.6));
#13371=CARTESIAN_POINT('Ctrl Pts',(-21.9270130874185,-20.1676966041169,
31.6));
#13372=CARTESIAN_POINT('',(-21.9270130874185,-20.1676966041169,32.1));
#13373=CARTESIAN_POINT('Ctrl Pts',(-21.9270130874185,-20.1676966041169,
32.1));
#13374=CARTESIAN_POINT('Ctrl Pts',(-22.0116386700647,-20.1299786518993,
32.1));
#13375=CARTESIAN_POINT('Ctrl Pts',(-22.1891849760447,-20.0508455709095,
32.1));
#13376=CARTESIAN_POINT('Ctrl Pts',(-22.383527089986,-20.0410872339682,32.1));
#13377=CARTESIAN_POINT('Ctrl Pts',(-22.4852380757593,-20.035980105875,32.1));
#13378=CARTESIAN_POINT('',(-21.9270130874185,-20.1676966041169,31.6));
#13379=CARTESIAN_POINT('Ctrl Pts',(-21.5903630392699,-20.5212399893691,
31.6));
#13380=CARTESIAN_POINT('Ctrl Pts',(-21.5903630392699,-20.5212399893691,
32.1));
#13381=CARTESIAN_POINT('Ctrl Pts',(-21.6304030158657,-20.4498618437906,
31.6));
#13382=CARTESIAN_POINT('Ctrl Pts',(-21.6304030158657,-20.4498618437906,
32.1));
#13383=CARTESIAN_POINT('Ctrl Pts',(-21.7124787053147,-20.3035478094669,
31.6));
#13384=CARTESIAN_POINT('Ctrl Pts',(-21.7124787053147,-20.3035478094669,
32.1));
#13385=CARTESIAN_POINT('Ctrl Pts',(-21.8543517080771,-20.2137085107824,
31.6));
#13386=CARTESIAN_POINT('Ctrl Pts',(-21.8543517080771,-20.2137085107824,
32.1));
#13387=CARTESIAN_POINT('Ctrl Pts',(-21.9270130874185,-20.1676966041169,
31.6));
#13388=CARTESIAN_POINT('Ctrl Pts',(-21.9270130874185,-20.1676966041169,
32.1));
#13389=CARTESIAN_POINT('',(-21.5903630392699,-20.5212399893691,31.6));
#13390=CARTESIAN_POINT('Ctrl Pts',(-21.9270130874185,-20.1676966041169,
31.6));
#13391=CARTESIAN_POINT('Ctrl Pts',(-21.8543517080771,-20.2137085107824,
31.6));
#13392=CARTESIAN_POINT('Ctrl Pts',(-21.7124787053147,-20.3035478094669,
31.6));
#13393=CARTESIAN_POINT('Ctrl Pts',(-21.6304030158657,-20.4498618437906,
31.6));
#13394=CARTESIAN_POINT('Ctrl Pts',(-21.5903630392699,-20.5212399893691,
31.6));
#13395=CARTESIAN_POINT('',(-21.5903630392699,-20.5212399893691,32.1));
#13396=CARTESIAN_POINT('Ctrl Pts',(-21.5903630392699,-20.5212399893691,
32.1));
#13397=CARTESIAN_POINT('Ctrl Pts',(-21.6304030158657,-20.4498618437906,
32.1));
#13398=CARTESIAN_POINT('Ctrl Pts',(-21.7124787053147,-20.3035478094669,
32.1));
#13399=CARTESIAN_POINT('Ctrl Pts',(-21.8543517080771,-20.2137085107824,
32.1));
#13400=CARTESIAN_POINT('Ctrl Pts',(-21.9270130874185,-20.1676966041169,
32.1));
#13401=CARTESIAN_POINT('',(-21.5903630392699,-20.5212399893691,31.6));
#13402=CARTESIAN_POINT('Ctrl Pts',(-21.4936730580854,-21.171488011191,31.6));
#13403=CARTESIAN_POINT('Ctrl Pts',(-21.4936730580854,-21.171488011191,32.1));
#13404=CARTESIAN_POINT('Ctrl Pts',(-21.4939199115516,-21.0451872527088,
31.6));
#13405=CARTESIAN_POINT('Ctrl Pts',(-21.4939199115516,-21.0451872527088,
32.1));
#13406=CARTESIAN_POINT('Ctrl Pts',(-21.4943536902637,-20.8232475684317,
31.6));
#13407=CARTESIAN_POINT('Ctrl Pts',(-21.4943536902637,-20.8232475684317,
32.1));
#13408=CARTESIAN_POINT('Ctrl Pts',(-21.5614497853101,-20.6121896929305,
31.6));
#13409=CARTESIAN_POINT('Ctrl Pts',(-21.5614497853101,-20.6121896929305,
32.1));
#13410=CARTESIAN_POINT('Ctrl Pts',(-21.5903630392699,-20.5212399893691,
31.6));
#13411=CARTESIAN_POINT('Ctrl Pts',(-21.5903630392699,-20.5212399893691,
32.1));
#13412=CARTESIAN_POINT('',(-21.4936730580854,-21.171488011191,31.6));
#13413=CARTESIAN_POINT('Ctrl Pts',(-21.5903630392699,-20.5212399893691,
31.6));
#13414=CARTESIAN_POINT('Ctrl Pts',(-21.5614497853101,-20.6121896929305,
31.6));
#13415=CARTESIAN_POINT('Ctrl Pts',(-21.4943536902637,-20.8232475684317,
31.6));
#13416=CARTESIAN_POINT('Ctrl Pts',(-21.4939199115516,-21.0451872527088,
31.6));
#13417=CARTESIAN_POINT('Ctrl Pts',(-21.4936730580854,-21.171488011191,31.6));
#13418=CARTESIAN_POINT('',(-21.4936730580854,-21.171488011191,32.1));
#13419=CARTESIAN_POINT('Ctrl Pts',(-21.4936730580854,-21.171488011191,32.1));
#13420=CARTESIAN_POINT('Ctrl Pts',(-21.4939199115516,-21.0451872527088,
32.1));
#13421=CARTESIAN_POINT('Ctrl Pts',(-21.4943536902637,-20.8232475684317,
32.1));
#13422=CARTESIAN_POINT('Ctrl Pts',(-21.5614497853101,-20.6121896929305,
32.1));
#13423=CARTESIAN_POINT('Ctrl Pts',(-21.5903630392699,-20.5212399893691,
32.1));
#13424=CARTESIAN_POINT('',(-21.4936730580854,-21.171488011191,31.6));
#13425=CARTESIAN_POINT('Origin',(-21.5095798974759,-23.0077082808718,31.6));
#13426=CARTESIAN_POINT('',(-21.5095798974759,-23.0077082808718,31.6));
#13427=CARTESIAN_POINT('',(-21.4936730580854,-21.171488011191,31.6));
#13428=CARTESIAN_POINT('',(-21.5095798974759,-23.0077082808718,32.1));
#13429=CARTESIAN_POINT('',(-21.4936730580854,-21.171488011191,32.1));
#13430=CARTESIAN_POINT('',(-21.5095798974759,-23.0077082808718,31.6));
#13431=CARTESIAN_POINT('Origin',(-22.0006939083285,-23.0034538502776,31.6));
#13432=CARTESIAN_POINT('',(-22.0006939083285,-23.0034538502776,31.6));
#13433=CARTESIAN_POINT('',(-21.5095798974759,-23.0077082808718,31.6));
#13434=CARTESIAN_POINT('',(-22.0006939083285,-23.0034538502776,32.1));
#13435=CARTESIAN_POINT('',(-21.5095798974759,-23.0077082808718,32.1));
#13436=CARTESIAN_POINT('',(-22.0006939083285,-23.0034538502776,31.6));
#13437=CARTESIAN_POINT('Origin',(-21.984787068938,-21.1672335805968,31.6));
#13438=CARTESIAN_POINT('',(-21.984787068938,-21.1672335805968,31.6));
#13439=CARTESIAN_POINT('',(-22.0006939083285,-23.0034538502776,31.6));
#13440=CARTESIAN_POINT('',(-21.984787068938,-21.1672335805968,32.1));
#13441=CARTESIAN_POINT('',(-22.0006939083285,-23.0034538502776,32.1));
#13442=CARTESIAN_POINT('',(-21.984787068938,-21.1672335805968,31.6));
#13443=CARTESIAN_POINT('Ctrl Pts',(-22.139754324091,-20.6297182899889,31.6));
#13444=CARTESIAN_POINT('Ctrl Pts',(-22.139754324091,-20.6297182899889,32.1));
#13445=CARTESIAN_POINT('Ctrl Pts',(-22.094001148041,-20.7006689308267,31.6));
#13446=CARTESIAN_POINT('Ctrl Pts',(-22.094001148041,-20.7006689308267,32.1));
#13447=CARTESIAN_POINT('Ctrl Pts',(-21.9892372744056,-20.8631289961778,
31.6));
#13448=CARTESIAN_POINT('Ctrl Pts',(-21.9892372744056,-20.8631289961778,
32.1));
#13449=CARTESIAN_POINT('Ctrl Pts',(-21.9863905518663,-21.0576596489923,
31.6));
#13450=CARTESIAN_POINT('Ctrl Pts',(-21.9863905518663,-21.0576596489923,
32.1));
#13451=CARTESIAN_POINT('Ctrl Pts',(-21.984787068938,-21.1672335805968,31.6));
#13452=CARTESIAN_POINT('Ctrl Pts',(-21.984787068938,-21.1672335805968,32.1));
#13453=CARTESIAN_POINT('',(-22.139754324091,-20.6297182899889,31.6));
#13454=CARTESIAN_POINT('Ctrl Pts',(-21.984787068938,-21.1672335805968,31.6));
#13455=CARTESIAN_POINT('Ctrl Pts',(-21.9863905518663,-21.0576596489923,
31.6));
#13456=CARTESIAN_POINT('Ctrl Pts',(-21.9892372744056,-20.8631289961778,
31.6));
#13457=CARTESIAN_POINT('Ctrl Pts',(-22.094001148041,-20.7006689308267,31.6));
#13458=CARTESIAN_POINT('Ctrl Pts',(-22.139754324091,-20.6297182899889,31.6));
#13459=CARTESIAN_POINT('',(-22.139754324091,-20.6297182899889,32.1));
#13460=CARTESIAN_POINT('Ctrl Pts',(-22.139754324091,-20.6297182899889,32.1));
#13461=CARTESIAN_POINT('Ctrl Pts',(-22.094001148041,-20.7006689308267,32.1));
#13462=CARTESIAN_POINT('Ctrl Pts',(-21.9892372744056,-20.8631289961778,
32.1));
#13463=CARTESIAN_POINT('Ctrl Pts',(-21.9863905518663,-21.0576596489923,
32.1));
#13464=CARTESIAN_POINT('Ctrl Pts',(-21.984787068938,-21.1672335805968,32.1));
#13465=CARTESIAN_POINT('',(-22.139754324091,-20.6297182899889,31.6));
#13466=CARTESIAN_POINT('Ctrl Pts',(-22.5898528926451,-20.4580091080573,
31.6));
#13467=CARTESIAN_POINT('Ctrl Pts',(-22.5898528926451,-20.4580091080573,
32.1));
#13468=CARTESIAN_POINT('Ctrl Pts',(-22.5001216585273,-20.46376545609,31.6));
#13469=CARTESIAN_POINT('Ctrl Pts',(-22.5001216585273,-20.46376545609,32.1));
#13470=CARTESIAN_POINT('Ctrl Pts',(-22.3316381094189,-20.4745738435595,
31.6));
#13471=CARTESIAN_POINT('Ctrl Pts',(-22.3316381094189,-20.4745738435595,
32.1));
#13472=CARTESIAN_POINT('Ctrl Pts',(-22.2008752798181,-20.5802999567758,
31.6));
#13473=CARTESIAN_POINT('Ctrl Pts',(-22.2008752798181,-20.5802999567758,
32.1));
#13474=CARTESIAN_POINT('Ctrl Pts',(-22.139754324091,-20.6297182899889,31.6));
#13475=CARTESIAN_POINT('Ctrl Pts',(-22.139754324091,-20.6297182899889,32.1));
#13476=CARTESIAN_POINT('',(-22.5898528926451,-20.4580091080573,31.6));
#13477=CARTESIAN_POINT('Ctrl Pts',(-22.139754324091,-20.6297182899889,31.6));
#13478=CARTESIAN_POINT('Ctrl Pts',(-22.2008752798181,-20.5802999567758,
31.6));
#13479=CARTESIAN_POINT('Ctrl Pts',(-22.3316381094189,-20.4745738435595,
31.6));
#13480=CARTESIAN_POINT('Ctrl Pts',(-22.5001216585273,-20.46376545609,31.6));
#13481=CARTESIAN_POINT('Ctrl Pts',(-22.5898528926451,-20.4580091080573,
31.6));
#13482=CARTESIAN_POINT('',(-22.5898528926451,-20.4580091080573,32.1));
#13483=CARTESIAN_POINT('Ctrl Pts',(-22.5898528926451,-20.4580091080573,
32.1));
#13484=CARTESIAN_POINT('Ctrl Pts',(-22.5001216585273,-20.46376545609,32.1));
#13485=CARTESIAN_POINT('Ctrl Pts',(-22.3316381094189,-20.4745738435595,
32.1));
#13486=CARTESIAN_POINT('Ctrl Pts',(-22.2008752798181,-20.5802999567758,
32.1));
#13487=CARTESIAN_POINT('Ctrl Pts',(-22.139754324091,-20.6297182899889,32.1));
#13488=CARTESIAN_POINT('',(-22.5898528926451,-20.4580091080573,31.6));
#13489=CARTESIAN_POINT('Ctrl Pts',(-23.001459501886,-20.5676810120487,31.6));
#13490=CARTESIAN_POINT('Ctrl Pts',(-23.001459501886,-20.5676810120487,32.1));
#13491=CARTESIAN_POINT('Ctrl Pts',(-22.9361925641547,-20.5352191105251,
31.6));
#13492=CARTESIAN_POINT('Ctrl Pts',(-22.9361925641547,-20.5352191105251,
32.1));
#13493=CARTESIAN_POINT('Ctrl Pts',(-22.8064232029765,-20.4706755549397,
31.6));
#13494=CARTESIAN_POINT('Ctrl Pts',(-22.8064232029765,-20.4706755549397,
32.1));
#13495=CARTESIAN_POINT('Ctrl Pts',(-22.661758907664,-20.4622146416707,31.6));
#13496=CARTESIAN_POINT('Ctrl Pts',(-22.661758907664,-20.4622146416707,32.1));
#13497=CARTESIAN_POINT('Ctrl Pts',(-22.5898528926451,-20.4580091080573,
31.6));
#13498=CARTESIAN_POINT('Ctrl Pts',(-22.5898528926451,-20.4580091080573,
32.1));
#13499=CARTESIAN_POINT('',(-23.001459501886,-20.5676810120487,31.6));
#13500=CARTESIAN_POINT('Ctrl Pts',(-22.5898528926451,-20.4580091080573,
31.6));
#13501=CARTESIAN_POINT('Ctrl Pts',(-22.661758907664,-20.4622146416707,31.6));
#13502=CARTESIAN_POINT('Ctrl Pts',(-22.8064232029765,-20.4706755549397,
31.6));
#13503=CARTESIAN_POINT('Ctrl Pts',(-22.9361925641547,-20.5352191105251,
31.6));
#13504=CARTESIAN_POINT('Ctrl Pts',(-23.001459501886,-20.5676810120487,31.6));
#13505=CARTESIAN_POINT('',(-23.001459501886,-20.5676810120487,32.1));
#13506=CARTESIAN_POINT('Ctrl Pts',(-23.001459501886,-20.5676810120487,32.1));
#13507=CARTESIAN_POINT('Ctrl Pts',(-22.9361925641547,-20.5352191105251,
32.1));
#13508=CARTESIAN_POINT('Ctrl Pts',(-22.8064232029765,-20.4706755549397,
32.1));
#13509=CARTESIAN_POINT('Ctrl Pts',(-22.661758907664,-20.4622146416707,32.1));
#13510=CARTESIAN_POINT('Ctrl Pts',(-22.5898528926451,-20.4580091080573,
32.1));
#13511=CARTESIAN_POINT('',(-23.001459501886,-20.5676810120487,31.6));
#13512=CARTESIAN_POINT('Ctrl Pts',(-23.2783237236587,-20.8722520657282,
31.6));
#13513=CARTESIAN_POINT('Ctrl Pts',(-23.2783237236587,-20.8722520657282,
32.1));
#13514=CARTESIAN_POINT('Ctrl Pts',(-23.2454012883689,-20.8110218611745,
31.6));
#13515=CARTESIAN_POINT('Ctrl Pts',(-23.2454012883689,-20.8110218611745,
32.1));
#13516=CARTESIAN_POINT('Ctrl Pts',(-23.1784808306707,-20.6865610405332,
31.6));
#13517=CARTESIAN_POINT('Ctrl Pts',(-23.1784808306707,-20.6865610405332,
32.1));
#13518=CARTESIAN_POINT('Ctrl Pts',(-23.0610955080608,-20.6077300285227,
31.6));
#13519=CARTESIAN_POINT('Ctrl Pts',(-23.0610955080608,-20.6077300285227,
32.1));
#13520=CARTESIAN_POINT('Ctrl Pts',(-23.001459501886,-20.5676810120487,31.6));
#13521=CARTESIAN_POINT('Ctrl Pts',(-23.001459501886,-20.5676810120487,32.1));
#13522=CARTESIAN_POINT('',(-23.2783237236587,-20.8722520657282,31.6));
#13523=CARTESIAN_POINT('Ctrl Pts',(-23.001459501886,-20.5676810120487,31.6));
#13524=CARTESIAN_POINT('Ctrl Pts',(-23.0610955080608,-20.6077300285227,
31.6));
#13525=CARTESIAN_POINT('Ctrl Pts',(-23.1784808306707,-20.6865610405332,
31.6));
#13526=CARTESIAN_POINT('Ctrl Pts',(-23.2454012883689,-20.8110218611745,
31.6));
#13527=CARTESIAN_POINT('Ctrl Pts',(-23.2783237236587,-20.8722520657282,
31.6));
#13528=CARTESIAN_POINT('',(-23.2783237236587,-20.8722520657282,32.1));
#13529=CARTESIAN_POINT('Ctrl Pts',(-23.2783237236587,-20.8722520657282,
32.1));
#13530=CARTESIAN_POINT('Ctrl Pts',(-23.2454012883689,-20.8110218611745,
32.1));
#13531=CARTESIAN_POINT('Ctrl Pts',(-23.1784808306707,-20.6865610405332,
32.1));
#13532=CARTESIAN_POINT('Ctrl Pts',(-23.0610955080608,-20.6077300285227,
32.1));
#13533=CARTESIAN_POINT('Ctrl Pts',(-23.001459501886,-20.5676810120487,32.1));
#13534=CARTESIAN_POINT('',(-23.2783237236587,-20.8722520657282,31.6));
#13535=CARTESIAN_POINT('Ctrl Pts',(-23.3648087578739,-21.4063112979299,
31.6));
#13536=CARTESIAN_POINT('Ctrl Pts',(-23.3648087578739,-21.4063112979299,
32.1));
#13537=CARTESIAN_POINT('Ctrl Pts',(-23.3625238065748,-21.3040218237349,
31.6));
#13538=CARTESIAN_POINT('Ctrl Pts',(-23.3625238065748,-21.3040218237349,
32.1));
#13539=CARTESIAN_POINT('Ctrl Pts',(-23.3584509163954,-21.1216924256924,
31.6));
#13540=CARTESIAN_POINT('Ctrl Pts',(-23.3584509163954,-21.1216924256924,
32.1));
#13541=CARTESIAN_POINT('Ctrl Pts',(-23.3027677949341,-20.9483478046362,
31.6));
#13542=CARTESIAN_POINT('Ctrl Pts',(-23.3027677949341,-20.9483478046362,
32.1));
#13543=CARTESIAN_POINT('Ctrl Pts',(-23.2783237236587,-20.8722520657282,
31.6));
#13544=CARTESIAN_POINT('Ctrl Pts',(-23.2783237236587,-20.8722520657282,
32.1));
#13545=CARTESIAN_POINT('',(-23.3648087578739,-21.4063112979299,31.6));
#13546=CARTESIAN_POINT('Ctrl Pts',(-23.2783237236587,-20.8722520657282,
31.6));
#13547=CARTESIAN_POINT('Ctrl Pts',(-23.3027677949341,-20.9483478046362,
31.6));
#13548=CARTESIAN_POINT('Ctrl Pts',(-23.3584509163954,-21.1216924256924,
31.6));
#13549=CARTESIAN_POINT('Ctrl Pts',(-23.3625238065748,-21.3040218237349,
31.6));
#13550=CARTESIAN_POINT('Ctrl Pts',(-23.3648087578739,-21.4063112979299,
31.6));
#13551=CARTESIAN_POINT('',(-23.3648087578739,-21.4063112979299,32.1));
#13552=CARTESIAN_POINT('Ctrl Pts',(-23.3648087578739,-21.4063112979299,
32.1));
#13553=CARTESIAN_POINT('Ctrl Pts',(-23.3625238065748,-21.3040218237349,
32.1));
#13554=CARTESIAN_POINT('Ctrl Pts',(-23.3584509163954,-21.1216924256924,
32.1));
#13555=CARTESIAN_POINT('Ctrl Pts',(-23.3027677949341,-20.9483478046362,
32.1));
#13556=CARTESIAN_POINT('Ctrl Pts',(-23.2783237236587,-20.8722520657282,
32.1));
#13557=CARTESIAN_POINT('',(-23.3648087578739,-21.4063112979299,31.6));
#13558=CARTESIAN_POINT('Origin',(-23.3785411111473,-22.991517812689,31.6));
#13559=CARTESIAN_POINT('',(-23.3785411111473,-22.991517812689,31.6));
#13560=CARTESIAN_POINT('',(-23.3648087578739,-21.4063112979299,31.6));
#13561=CARTESIAN_POINT('',(-23.3785411111473,-22.991517812689,32.1));
#13562=CARTESIAN_POINT('',(-23.3648087578739,-21.4063112979299,32.1));
#13563=CARTESIAN_POINT('',(-23.3785411111473,-22.991517812689,31.6));
#13564=CARTESIAN_POINT('Origin',(-23.8696549729938,-22.9872633833856,31.6));
#13565=CARTESIAN_POINT('',(-23.3785411111473,-22.991517812689,31.6));
#13566=CARTESIAN_POINT('',(-23.3785411111473,-22.991517812689,32.1));
#13567=CARTESIAN_POINT('Origin',(-22.6816640155396,-20.997560842495,32.1));
#13568=CARTESIAN_POINT('Origin',(-22.6816640155396,-20.997560842495,31.6));
#13569=UNCERTAINTY_MEASURE_WITH_UNIT(LENGTH_MEASURE(0.01),#13573,
'DISTANCE_ACCURACY_VALUE',
'Maximum model space distance between geometric entities at asserted c
onnectivities');
#13570=UNCERTAINTY_MEASURE_WITH_UNIT(LENGTH_MEASURE(0.01),#13573,
'DISTANCE_ACCURACY_VALUE',
'Maximum model space distance between geometric entities at asserted c
onnectivities');
#13571=(
GEOMETRIC_REPRESENTATION_CONTEXT(3)
GLOBAL_UNCERTAINTY_ASSIGNED_CONTEXT((#13569))
GLOBAL_UNIT_ASSIGNED_CONTEXT((#13573,#13574,#13575))
REPRESENTATION_CONTEXT('','3D')
);
#13572=(
GEOMETRIC_REPRESENTATION_CONTEXT(3)
GLOBAL_UNCERTAINTY_ASSIGNED_CONTEXT((#13570))
GLOBAL_UNIT_ASSIGNED_CONTEXT((#13573,#13574,#13575))
REPRESENTATION_CONTEXT('','3D')
);
#13573=(
LENGTH_UNIT()
NAMED_UNIT(*)
SI_UNIT(.MILLI.,.METRE.)
);
#13574=(
NAMED_UNIT(*)
PLANE_ANGLE_UNIT()
SI_UNIT($,.RADIAN.)
);
#13575=(
NAMED_UNIT(*)
SI_UNIT($,.STERADIAN.)
SOLID_ANGLE_UNIT()
);
#13576=SHAPE_DEFINITION_REPRESENTATION(#13577,#13578);
#13577=PRODUCT_DEFINITION_SHAPE('',$,#13580);
#13578=SHAPE_REPRESENTATION('',(#6633),#13571);
#13579=PRODUCT_DEFINITION_CONTEXT('part definition',#13584,'design');
#13580=PRODUCT_DEFINITION('2026-04-25-16-50-51-668','garageguard',#13581,
#13579);
#13581=PRODUCT_DEFINITION_FORMATION('',$,#13586);
#13582=PRODUCT_RELATED_PRODUCT_CATEGORY('garageguard','garageguard',(#13586));
#13583=APPLICATION_PROTOCOL_DEFINITION('international standard',
'automotive_design',2009,#13584);
#13584=APPLICATION_CONTEXT(
'Core Data for Automotive Mechanical Design Process');
#13585=PRODUCT_CONTEXT('part definition',#13584,'mechanical');
#13586=PRODUCT('2026-04-25-16-50-51-668','garageguard',$,(#13585));
#13587=PRESENTATION_STYLE_ASSIGNMENT((#13591));
#13588=PRESENTATION_STYLE_ASSIGNMENT((#13592));
#13589=PRESENTATION_STYLE_ASSIGNMENT((#13593));
#13590=PRESENTATION_STYLE_ASSIGNMENT((#13594));
#13591=SURFACE_STYLE_USAGE(.BOTH.,#13595);
#13592=SURFACE_STYLE_USAGE(.BOTH.,#13596);
#13593=SURFACE_STYLE_USAGE(.BOTH.,#13597);
#13594=SURFACE_STYLE_USAGE(.BOTH.,#13598);
#13595=SURFACE_SIDE_STYLE('',(#13599));
#13596=SURFACE_SIDE_STYLE('',(#13600));
#13597=SURFACE_SIDE_STYLE('',(#13601));
#13598=SURFACE_SIDE_STYLE('',(#13602));
#13599=SURFACE_STYLE_FILL_AREA(#13603);
#13600=SURFACE_STYLE_FILL_AREA(#13604);
#13601=SURFACE_STYLE_FILL_AREA(#13605);
#13602=SURFACE_STYLE_FILL_AREA(#13606);
#13603=FILL_AREA_STYLE('Steel - Satin',(#13607));
#13604=FILL_AREA_STYLE('Steel - Satin',(#13608));
#13605=FILL_AREA_STYLE('Steel - Satin (1)',(#13609));
#13606=FILL_AREA_STYLE('Steel - Satin (1) (1)',(#13610));
#13607=FILL_AREA_STYLE_COLOUR('Steel - Satin',#13611);
#13608=FILL_AREA_STYLE_COLOUR('Steel - Satin',#13612);
#13609=FILL_AREA_STYLE_COLOUR('Steel - Satin (1)',#13613);
#13610=FILL_AREA_STYLE_COLOUR('Steel - Satin (1) (1)',#13614);
#13611=COLOUR_RGB('Steel - Satin',0.627450980392157,0.627450980392157,0.627450980392157);
#13612=COLOUR_RGB('Steel - Satin',0.823529411764706,0.501960784313725,0.301960784313725);
#13613=COLOUR_RGB('Steel - Satin (1)',0.96078431372549,0.83921568627451,
0.294117647058824);
#13614=COLOUR_RGB('Steel - Satin (1) (1)',0.474509803921569,0.262745098039216,
0.);
ENDSEC;
END-ISO-10303-21;
